ID,NAME,IMAGE_SOURCE,IMAGE_SOURCE_URL,IMAGE_AUTHOR,IMAGE_LICENSE,IMAGE_LICENSE_URL,IMAGE_MODIFICATIONS
TP00001,Spanish Colonial Monument of Rey Carlos IV,Wikimedia Commons,https://commons.wikimedia.org/wiki/File:King_Carlos_IV_of_Spain.jpg,Ian Jay Traquena,CC BY-SA 3.0,https://creativecommons.org/licenses/by-sa/3.0,"Cropped to remove overlaid text where present; resized so the longer side is at most 1,024 px; re-encoded as JPEG; embedded metadata removed."
TP00002,Spanish Colonial Monument of Reyna Isabel II,Wikimedia Commons,https://commons.wikimedia.org/wiki/File:A_statue_of_Queen_Isabel_II_in_Intramuros.jpg,Dondie Garcia,CC BY-SA 3.0,https://creativecommons.org/licenses/by-sa/3.0,"Cropped to remove overlaid text where present; resized so the longer side is at most 1,024 px; re-encoded as JPEG; embedded metadata removed."
TP00003,Spanish Colonial Monument of Simon de Anda Monument,Wikimedia Commons,https://commons.wikimedia.org/wiki/File:Simon_de_anda_1.jpg,Raymund Nigell Cabrera Abarquez,CC BY-SA 3.0,https://creativecommons.org/licenses/by-sa/3.0,"Cropped to remove overlaid text where present; resized so the longer side is at most 1,024 px; re-encoded as JPEG; embedded metadata removed."
TP00004,Minor Basilica and Metropolitan Cathedral of the Immaculate Conception of Manila,Wikimedia Commons,"https://commons.wikimedia.org/wiki/File:Front_view_of_The_Cathedral_in_Intramuros,_Manila.jpg",Patrick Roque,CC BY-SA 3.0,https://creativecommons.org/licenses/by-sa/3.0,"Cropped to remove overlaid text where present; resized so the longer side is at most 1,024 px; re-encoded as JPEG; embedded metadata removed."
TP00005,Minor Basilica of San Sebastian of Quiapo,Wikimedia Commons,https://commons.wikimedia.org/wiki/File:SanSebastianjf8593_07.JPG,Ramon FVelasquez,CC BY-SA 3.0,https://creativecommons.org/licenses/by-sa/3.0,"Cropped to remove overlaid text where present; resized so the longer side is at most 1,024 px; re-encoded as JPEG; embedded metadata removed."
TP00006,Saint Cecilia's Hall,Wikimedia Commons,https://commons.wikimedia.org/wiki/File:Facade_St._Cecilia%27s_Hall.JPG,Ramiltibayan,CC BY-SA 4.0,https://creativecommons.org/licenses/by-sa/4.0,"Cropped to remove overlaid text where present; resized so the longer side is at most 1,024 px; re-encoded as JPEG; embedded metadata removed."
TP00007,Camarin De La Virgen of the Parish Church of Nuestra Sra. de los Desamparados,Wikimedia Commons,https://commons.wikimedia.org/wiki/File:0307jfSanta_Ana_Our_Lady_of_the_Abandoned_National_Shrine_Manilafvf_08.jpg,Judgefloro,Public domain,,"Cropped to remove overlaid text where present; resized so the longer side is at most 1,024 px; re-encoded as JPEG; embedded metadata removed."
TP00008,Aduana Building,Wikimedia Commons,https://commons.wikimedia.org/wiki/File:Aduana_Building_4.jpg,Ngiping kidlat,CC BY-SA 3.0,https://creativecommons.org/licenses/by-sa/3.0,"Cropped to remove overlaid text where present; resized so the longer side is at most 1,024 px; re-encoded as JPEG; embedded metadata removed."
TP00009,El Hogar Filipino Building,Wikimedia Commons,"https://commons.wikimedia.org/wiki/File:El_Hogar_Building_(Binondo,_Manila;_06-13-2019).jpg",patrickroque001,CC BY-SA 4.0,https://creativecommons.org/licenses/by-sa/4.0,"Cropped to remove overlaid text where present; resized so the longer side is at most 1,024 px; re-encoded as JPEG; embedded metadata removed."
TP00010,Gota de Leche Building,Wikimedia Commons,https://commons.wikimedia.org/wiki/File:Gota_de_Leche_08.jpg,MIKELAAGAN,CC BY-SA 3.0,https://creativecommons.org/licenses/by-sa/3.0,"Cropped to remove overlaid text where present; resized so the longer side is at most 1,024 px; re-encoded as JPEG; embedded metadata removed."
TP00011,Chapel of the Crucified Christ,Wikimedia Commons,https://commons.wikimedia.org/wiki/File:FvfStPaulBuffetSP8988_08.JPG,Judgefloro,CC BY-SA 3.0,https://creativecommons.org/licenses/by-sa/3.0,"Cropped to remove overlaid text where present; resized so the longer side is at most 1,024 px; re-encoded as JPEG; embedded metadata removed."
TP00012,Capilla de San Pancracio in Camposanto de La Loma,Wikimedia Commons,"https://commons.wikimedia.org/wiki/File:Old_St._Pancratius_Church_in_La_Loma_Cemetery,_Caloocan_City.jpg",Ralff Nestor Nacor,CC BY-SA 4.0,https://creativecommons.org/licenses/by-sa/4.0,"Cropped to remove overlaid text where present; resized so the longer side is at most 1,024 px; re-encoded as JPEG; embedded metadata removed."
TP00013,White Cross Building Complex,Wikimedia Commons,https://commons.wikimedia.org/wiki/File:White_Cross_Orphanage_6.JPG,Claire Algarme,CC BY-SA 3.0,https://creativecommons.org/licenses/by-sa/3.0,"Cropped to remove overlaid text where present; resized so the longer side is at most 1,024 px; re-encoded as JPEG; embedded metadata removed."
TP00014,Fort San Antonio Abad,Wikimedia Commons,https://commons.wikimedia.org/wiki/File:Fort_of_San_Antonio_Abad_-_back_entrance_2.JPG,Eugene Alvin Villar (seav),CC BY-SA 4.0,https://creativecommons.org/licenses/by-sa/4.0,"Cropped to remove overlaid text where present; resized so the longer side is at most 1,024 px; re-encoded as JPEG; embedded metadata removed."
TP00015,Paco Park (Cementerio Municipal De Manila y Capilla de San Pancracio),Wikimedia Commons,"https://commons.wikimedia.org/wiki/File:Parque_Paco,_Manila,_Filipinas,_2023-08-26,_DD_48.jpg",Diego Delso,CC BY-SA 4.0,https://creativecommons.org/licenses/by-sa/4.0,"Cropped to remove overlaid text where present; resized so the longer side is at most 1,024 px; re-encoded as JPEG; embedded metadata removed."
TP00016,Old Concepcion Mansion,Wikimedia Commons,https://commons.wikimedia.org/wiki/File:Pasig_City_Museum_2.JPG,Elmer B. Domingo,CC BY-SA 3.0,https://creativecommons.org/licenses/by-sa/3.0,"Cropped to remove overlaid text where present; resized so the longer side is at most 1,024 px; re-encoded as JPEG; embedded metadata removed."
TP00017,The Fortifications of Manila at Intramuros,Wikimedia Commons,"https://commons.wikimedia.org/wiki/File:Baluarte_de_San_Diego,_Manila,_Filipinas,_2023-08-27,_DD_63-68_PAN.jpg",Diego Delso,CC BY-SA 4.0,https://creativecommons.org/licenses/by-sa/4.0,"Cropped to remove overlaid text where present; resized so the longer side is at most 1,024 px; re-encoded as JPEG; embedded metadata removed."
TP00018,Tomas Pinpin Monument,Wikimedia Commons,"https://commons.wikimedia.org/wiki/File:Tomas_Pinpin_Monument,_Binondo,_Manila.jpg",Ralff Nestor Nacor,CC BY-SA 4.0,https://creativecommons.org/licenses/by-sa/4.0,"Cropped to remove overlaid text where present; resized so the longer side is at most 1,024 px; re-encoded as JPEG; embedded metadata removed."
TP00019,Las Piñas Bamboo Organ,Wikimedia Commons,https://commons.wikimedia.org/wiki/File:Las_Pi%C3%B1as_Bamboo_Organ_CealwynTagle_DCera.jpg,Copyrightholder ©: Cealwyn Tagle,CC BY-SA 2.0,https://creativecommons.org/licenses/by-sa/2.0,"Cropped to remove overlaid text where present; resized so the longer side is at most 1,024 px; re-encoded as JPEG; embedded metadata removed."
TP00020,Manila Central Post Office Building,Wikimedia Commons,https://commons.wikimedia.org/wiki/File:Manila_Philippines_The-old-Post-Office-Building-01.jpg,"CEphoto, Uwe Aranas",CC BY-SA 3.0,https://creativecommons.org/licenses/by-sa/3.0,"Cropped to remove overlaid text where present; resized so the longer side is at most 1,024 px; re-encoded as JPEG; embedded metadata removed."
TP00021,National Museum of Fine Arts Building (Old Legislative Building),Wikimedia Commons,"https://commons.wikimedia.org/wiki/File:National_Museum_of_Fine_Arts_(Manila,_2024).jpg",PhiliptheNumber1,CC BY 4.0,https://creativecommons.org/licenses/by/4.0,"Cropped to remove overlaid text where present; resized so the longer side is at most 1,024 px; re-encoded as JPEG; embedded metadata removed."
TP00022,Manila Metropolitan Theater,Wikimedia Commons,https://commons.wikimedia.org/wiki/File:Manila_Metropolitan_Theaterjwilz.jpg,JWilz12345,CC0,http://creativecommons.org/publicdomain/zero/1.0/deed.en,"Cropped to remove overlaid text where present; resized so the longer side is at most 1,024 px; re-encoded as JPEG; embedded metadata removed."
TP00023,Bonifacio National Monument,Wikimedia Commons,https://commons.wikimedia.org/wiki/File:BonifacioMonumentjf9933_06.JPG,Ramon FVelasquez,CC BY-SA 3.0,https://creativecommons.org/licenses/by-sa/3.0,"Cropped to remove overlaid text where present; resized so the longer side is at most 1,024 px; re-encoded as JPEG; embedded metadata removed."
TP00024,Monument of Dr. Jose Rizal,Wikimedia Commons,https://commons.wikimedia.org/wiki/File:Jose_Rizal_National_Monument.jpg,Adamdaley,CC BY-SA 4.0,https://creativecommons.org/licenses/by-sa/4.0,"Cropped to remove overlaid text where present; resized so the longer side is at most 1,024 px; re-encoded as JPEG; embedded metadata removed."
TP00025,Church of Sto. Domingo and its Collection of Liturgical Objects,Wikimedia Commons,"https://commons.wikimedia.org/wiki/File:Sto._Domingo_Church_(Quezon_Avenue,_Quezon_City)(2010-08-28).jpg",patrickroque01,CC BY-SA 4.0,https://creativecommons.org/licenses/by-sa/4.0,"Cropped to remove overlaid text where present; resized so the longer side is at most 1,024 px; re-encoded as JPEG; embedded metadata removed."
TP00026,Social Security System,Wikimedia Commons,https://commons.wikimedia.org/wiki/File:SSS_Building.JPG,Hariboneagle927,CC BY-SA 3.0,https://creativecommons.org/licenses/by-sa/3.0,"Cropped to remove overlaid text where present; resized so the longer side is at most 1,024 px; re-encoded as JPEG; embedded metadata removed."
TP00027,Church of the Holy Sacrifice Historical Landmark,Wikimedia Commons,https://commons.wikimedia.org/wiki/File:Allan_Jay_Quesada_Parish_of_the_Holy_Sacrifice_Exterior_DSC_6403.jpg,Allan Jay Quesada,CC BY-SA 4.0,https://creativecommons.org/licenses/by-sa/4.0,"Cropped to remove overlaid text where present; resized so the longer side is at most 1,024 px; re-encoded as JPEG; embedded metadata removed."
TP00028,Parish Church of San Agustin and Liturgical Objects therein,Wikimedia Commons,"https://commons.wikimedia.org/wiki/File:San_Agustin_Church_(Intramuros,_Manila;_07-22-2020).jpg",patrickroque01,CC BY-SA 4.0,https://creativecommons.org/licenses/by-sa/4.0,"Cropped to remove overlaid text where present; resized so the longer side is at most 1,024 px; re-encoded as JPEG; embedded metadata removed."
TP00029,Parish Church of San Bartolome of Malabon,Wikimedia Commons,"https://commons.wikimedia.org/wiki/File:San_Bartolome_Church,_Malabon_City.jpg",Ralff Nestor Nacor,CC BY-SA 4.0,https://creativecommons.org/licenses/by-sa/4.0,"Cropped to remove overlaid text where present; resized so the longer side is at most 1,024 px; re-encoded as JPEG; embedded metadata removed."
TP00030,Parish Church of San Roque of Pateros,Wikimedia Commons,"https://commons.wikimedia.org/wiki/File:Pateros_Church,_Mar_2024.jpg",Ralff Nestor Nacor,CC BY-SA 4.0,https://creativecommons.org/licenses/by-sa/4.0,"Cropped to remove overlaid text where present; resized so the longer side is at most 1,024 px; re-encoded as JPEG; embedded metadata removed."
TP00031,Parish Church of Saint Vincent de Paul of Ermita,Wikimedia Commons,"https://commons.wikimedia.org/wiki/File:San_Vicente_de_Paul_Church,_Ermita,_Manila,_Jan_2026_(1).jpg",Ralff Nestor Nacor,CC BY-SA 4.0,https://creativecommons.org/licenses/by-sa/4.0,"Cropped to remove overlaid text where present; resized so the longer side is at most 1,024 px; re-encoded as JPEG; embedded metadata removed."
TP00032,Parish Church of Saint Anne of Taguig,Wikimedia Commons,https://commons.wikimedia.org/wiki/File:Archdiocesan_of_St._Anne.JPG,Raani Paranas,CC BY-SA 3.0,https://creativecommons.org/licenses/by-sa/3.0,"Cropped to remove overlaid text where present; resized so the longer side is at most 1,024 px; re-encoded as JPEG; embedded metadata removed."
TP00033,Parish Church of Santo Niño de Tondo,Wikimedia Commons,https://commons.wikimedia.org/wiki/File:Tondo_Church_20.JPG,Hannachiever07,CC BY-SA 3.0,https://creativecommons.org/licenses/by-sa/3.0,"Cropped to remove overlaid text where present; resized so the longer side is at most 1,024 px; re-encoded as JPEG; embedded metadata removed."
TP00034,Life Theater,Wikimedia Commons,https://commons.wikimedia.org/wiki/File:Life_Theater_Exterior.jpg,Franz Miko Verzon,CC BY-SA 4.0,https://creativecommons.org/licenses/by-sa/4.0,"Cropped to remove overlaid text where present; resized so the longer side is at most 1,024 px; re-encoded as JPEG; embedded metadata removed."
TP00035,Tahanang Pilipino (Coconut Palace),Wikimedia Commons,https://commons.wikimedia.org/wiki/File:Pasayjf0300_07.JPG,Ramon FVelasquez,CC BY-SA 3.0,https://creativecommons.org/licenses/by-sa/3.0,"Cropped to remove overlaid text where present; resized so the longer side is at most 1,024 px; re-encoded as JPEG; embedded metadata removed."
TP00036,Quezon Bridge,Wikimedia Commons,https://commons.wikimedia.org/wiki/File:Quezon_Bridge_(Metro_Manila_Districts;_2023-08-20)_E911a_25.jpg,E911a,CC BY-SA 4.0,https://creativecommons.org/licenses/by-sa/4.0,"Cropped to remove overlaid text where present; resized so the longer side is at most 1,024 px; re-encoded as JPEG; embedded metadata removed."
TP00037,Puente Del General Blanco,Wikimedia Commons,https://commons.wikimedia.org/wiki/File:San_Nicolas_Binondo_Manila_Central_Business_Districts_04.jpg,Zarate123,CC BY-SA 4.0,https://creativecommons.org/licenses/by-sa/4.0,"Cropped to remove overlaid text where present; resized so the longer side is at most 1,024 px; re-encoded as JPEG; embedded metadata removed."
TP00038,Old Presidencia of San Pedro Macati,Wikimedia Commons,https://commons.wikimedia.org/wiki/File:Museo_ng_Makati_3.JPG,Claire Algarme,CC BY-SA 3.0,https://creativecommons.org/licenses/by-sa/3.0,"Cropped to remove overlaid text where present; resized so the longer side is at most 1,024 px; re-encoded as JPEG; embedded metadata removed."
TP00039,National Waterworks and Sewerage Authority Building,Wikimedia Commons,https://commons.wikimedia.org/wiki/File:0596jfNational_Waterworks_Sewerage_Authority_Courts_Buildings_Manilafvf_14.jpg,Judgefloro,Public domain,,"Cropped to remove overlaid text where present; resized so the longer side is at most 1,024 px; re-encoded as JPEG; embedded metadata removed."
TP00040,City Hall of Manila,Wikimedia Commons,https://commons.wikimedia.org/wiki/File:Manila_city_hall_-_front.jpg,Patrickroque01,CC BY-SA 3.0,https://creativecommons.org/licenses/by-sa/3.0,"Cropped to remove overlaid text where present; resized so the longer side is at most 1,024 px; re-encoded as JPEG; embedded metadata removed."
TP00041,Philippine Normal University Normal Hall,Wikimedia Commons,https://commons.wikimedia.org/wiki/File:Normal_Hall_of_Philippine_Normal_University.jpg,Liane777,CC0,http://creativecommons.org/publicdomain/zero/1.0/deed.en,"Cropped to remove overlaid text where present; resized so the longer side is at most 1,024 px; re-encoded as JPEG; embedded metadata removed."
TP00042,Far Eastern University Buildings Administration Building,Wikimedia Commons,https://commons.wikimedia.org/wiki/File:Far_Eastern_University_Administration_Building.jpg,Dddeyb,CC BY-SA 3.0,https://creativecommons.org/licenses/by-sa/3.0,"Cropped to remove overlaid text where present; resized so the longer side is at most 1,024 px; re-encoded as JPEG; embedded metadata removed."
TP00043,Far Eastern University Buildings Law Building,Wikimedia Commons,https://commons.wikimedia.org/wiki/File:IARFA_building.JPG,rr,Public domain,,"Cropped to remove overlaid text where present; resized so the longer side is at most 1,024 px; re-encoded as JPEG; embedded metadata removed."
TP00044,Parish Church of Nuestra Señora de los Desamparados of Marikina,Wikimedia Commons,https://commons.wikimedia.org/wiki/File:Festivities_at_Nuestra_Se%C3%B1ora_de_los_Desamparados_Church_-_Our_Lady_of_the_Abandoned_Parish_Church.jpg,Diosa Marie Aguila,CC BY-SA 4.0,https://creativecommons.org/licenses/by-sa/4.0,"Cropped to remove overlaid text where present; resized so the longer side is at most 1,024 px; re-encoded as JPEG; embedded metadata removed."
TP00045,The Jesus de la Peña Chapel,Wikimedia Commons,https://commons.wikimedia.org/wiki/File:J_dela_Pena_Chapel.JPG,JannicaDiaz,CC BY-SA 3.0,https://creativecommons.org/licenses/by-sa/3.0,"Cropped to remove overlaid text where present; resized so the longer side is at most 1,024 px; re-encoded as JPEG; embedded metadata removed."
TP00046,The Shoe Museum,Wikimedia Commons,https://commons.wikimedia.org/wiki/File:09950jfBarangays_Acacia_Monuments_Park_San_Roque_Santa_Elena_Museo_Marikina_Cityfvf_11.jpg,Judgefloro,CC0,http://creativecommons.org/publicdomain/zero/1.0/deed.en,"Cropped to remove overlaid text where present; resized so the longer side is at most 1,024 px; re-encoded as JPEG; embedded metadata removed."
TP00047,Ancestral House of Kapitan Moy,Wikimedia Commons,"https://commons.wikimedia.org/wiki/File:Kapitan_Moy_Ancestral_House,_Marikina.jpg",Elmer B. Domingo,CC BY-SA 4.0,https://creativecommons.org/licenses/by-sa/4.0,"Cropped to remove overlaid text where present; resized so the longer side is at most 1,024 px; re-encoded as JPEG; embedded metadata removed."
TP00048,Zamora Ancestral House,Wikimedia Commons,https://commons.wikimedia.org/wiki/File:Santos_House_2.JPG,JannicaDiaz,CC BY-SA 3.0,https://creativecommons.org/licenses/by-sa/3.0,"Cropped to remove overlaid text where present; resized so the longer side is at most 1,024 px; re-encoded as JPEG; embedded metadata removed."
TP00049,Parish Church of Nuestra Señora de los Remedios of Malate,Wikimedia Commons,https://commons.wikimedia.org/wiki/File:Malate_Church_facade.jpg,Muhranoff,CC BY-SA 3.0,https://creativecommons.org/licenses/by-sa/3.0,"Cropped to remove overlaid text where present; resized so the longer side is at most 1,024 px; re-encoded as JPEG; embedded metadata removed."
TP00050,The Main Building of the School for the Deaf and Blind,Wikimedia Commons,https://commons.wikimedia.org/wiki/File:Philippine_School_for_the_Deaf_main_building_01.jpg,Antonette Girl A. Lumacang,CC BY-SA 4.0,https://creativecommons.org/licenses/by-sa/4.0,"Cropped to remove overlaid text where present; resized so the longer side is at most 1,024 px; re-encoded as JPEG; embedded metadata removed."
TP00051,UST Saint Raymond of Peñafort Building,Wikimedia Commons,https://commons.wikimedia.org/wiki/File:UST_St._Raymund_de_Penafort_Building.jpg,Howard the Duck,CC BY-SA 3.0,https://creativecommons.org/licenses/by-sa/3.0,"Cropped to remove overlaid text where present; resized so the longer side is at most 1,024 px; re-encoded as JPEG; embedded metadata removed."
TP00052,UST Saint Vincent Building,Wikimedia Commons,https://commons.wikimedia.org/wiki/File:1946_University_of_Santo_Tomas_Hospital.jpg,Ramiltibayan,CC BY-SA 3.0,https://creativecommons.org/licenses/by-sa/3.0,"Cropped to remove overlaid text where present; resized so the longer side is at most 1,024 px; re-encoded as JPEG; embedded metadata removed."
TP00053,Chapel of Santo Cristo De Tesoro,Wikimedia Commons,https://commons.wikimedia.org/wiki/File:09183jfSanto_Cristo_del_Tesoro_College_Santa_Isabelfvf_06.JPG,Judgefloro,Public domain,,"Cropped to remove overlaid text where present; resized so the longer side is at most 1,024 px; re-encoded as JPEG; embedded metadata removed."
TP00054,"De La Salle University Building, The St. La Salle Hall",Wikimedia Commons,https://commons.wikimedia.org/wiki/File:St._La_Salle_Hall_Facade.JPG,Ramiltibayan,CC BY-SA 4.0,https://creativecommons.org/licenses/by-sa/4.0,"Cropped to remove overlaid text where present; resized so the longer side is at most 1,024 px; re-encoded as JPEG; embedded metadata removed."
TP00055,Saint Scholastica Chapel,Wikimedia Commons,https://commons.wikimedia.org/wiki/File:2071Malate_Manila_Roads_Saint_Scholasticas_College_38.jpg,Judgefloro,CC0,http://creativecommons.org/publicdomain/zero/1.0/deed.en,"Cropped to remove overlaid text where present; resized so the longer side is at most 1,024 px; re-encoded as JPEG; embedded metadata removed."
TP00056,The Abbey of Our Lady of Montserrat in San Beda College,Wikimedia Commons,https://commons.wikimedia.org/wiki/File:AbbeyofOurLadyofMontserratjf2474_05.JPG,Ramon FVelasquez,CC BY-SA 3.0,https://creativecommons.org/licenses/by-sa/3.0,"Cropped to remove overlaid text where present; resized so the longer side is at most 1,024 px; re-encoded as JPEG; embedded metadata removed."
TP00057,The Redemptorist Church,Wikimedia Commons,"https://commons.wikimedia.org/wiki/File:Baclaran_Church,_Para%C3%B1aque,_Oct_2025_(1).jpg",Ralff Nestor Nacor,CC BY-SA 4.0,https://creativecommons.org/licenses/by-sa/4.0,"Cropped to remove overlaid text where present; resized so the longer side is at most 1,024 px; re-encoded as JPEG; embedded metadata removed."
TP00058,Bahay na Tisa,Wikimedia Commons,"https://commons.wikimedia.org/wiki/File:Bahay_na_Tisa,_Pasig_City,_Dec_2025_(2).jpg",Ralff Nestor Nacor,CC BY-SA 4.0,https://creativecommons.org/licenses/by-sa/4.0,"Cropped to remove overlaid text where present; resized so the longer side is at most 1,024 px; re-encoded as JPEG; embedded metadata removed."
TP00059,Philippine General Hospital Central Administration Building,Wikimedia Commons,https://commons.wikimedia.org/wiki/File:Entrance_to_the_Philippine_General_Hospital.JPG,Originally uploaded by Zenji89 (Transferred by Ymblanter),Public domain,,"Cropped to remove overlaid text where present; resized so the longer side is at most 1,024 px; re-encoded as JPEG; embedded metadata removed."
TP00060,Ayala Bridge,Wikimedia Commons,"https://commons.wikimedia.org/wiki/File:Pasig_River,_Ayala_bridge,_Hospicio_de_San_Jose_(Manila)(2018-02-05).jpg",Patrick Roque,CC BY-SA 4.0,https://creativecommons.org/licenses/by-sa/4.0,"Cropped to remove overlaid text where present; resized so the longer side is at most 1,024 px; re-encoded as JPEG; embedded metadata removed."
TP00061,National Museum of Natural History Building (Old Agriculture and Commerce Building),Wikimedia Commons,https://commons.wikimedia.org/wiki/File:National_Museum_of_Natural_History_(Manila)_Facade_-_Front_View.jpg,RoyKabanlit,CC BY-SA 4.0,https://creativecommons.org/licenses/by-sa/4.0,"Cropped to remove overlaid text where present; resized so the longer side is at most 1,024 px; re-encoded as JPEG; embedded metadata removed."
TP00062,National Museum of Anthropology Building (Old Finance Building),Wikimedia Commons,https://commons.wikimedia.org/wiki/File:National_Museum_of_Anthropology_2024.jpg,Tagaaplaya,CC BY-SA 4.0,https://creativecommons.org/licenses/by-sa/4.0,"Cropped to remove overlaid text where present; resized so the longer side is at most 1,024 px; re-encoded as JPEG; embedded metadata removed."
TP00063,University of Santo Tomas Main Building,Wikimedia Commons,"https://commons.wikimedia.org/wiki/File:University_of_Santo_Tomas_Main_Building_front_(Espa%C3%B1a_Boulevard,_Sampaloc,_Manila;_12-18-2023).jpg",Patrickroque01,CC BY-SA 4.0,https://creativecommons.org/licenses/by-sa/4.0,"Cropped to remove overlaid text where present; resized so the longer side is at most 1,024 px; re-encoded as JPEG; embedded metadata removed."
TP00064,University of Santo Tomas Central Seminary,Wikimedia Commons,https://commons.wikimedia.org/wiki/File:UST_Central_Seminary_Exterior_View.jpg,Fmgverzon,CC BY-SA 3.0,https://creativecommons.org/licenses/by-sa/3.0,"Cropped to remove overlaid text where present; resized so the longer side is at most 1,024 px; re-encoded as JPEG; embedded metadata removed."
TP00065,University of Santo Tomas Arch of the Centuries,Wikimedia Commons,https://commons.wikimedia.org/wiki/File:Arch_of_the_Centuries-_University_of_Santo_Tomas.jpg,Ms.popsie21,CC BY-SA 4.0,https://creativecommons.org/licenses/by-sa/4.0,"Cropped to remove overlaid text where present; resized so the longer side is at most 1,024 px; re-encoded as JPEG; embedded metadata removed."
TP00066,University of Santo Tomas Open Spaces,Wikimedia Commons,https://commons.wikimedia.org/wiki/File:UST_Field.jpg,Hariboneagle927,CC BY-SA 4.0,https://creativecommons.org/licenses/by-sa/4.0,"Cropped to remove overlaid text where present; resized so the longer side is at most 1,024 px; re-encoded as JPEG; embedded metadata removed."
TP00067,Quezon Monument,Wikimedia Commons,https://commons.wikimedia.org/wiki/File:Manuel_Quezon_NHCP_Historical_Marker_and_Monument_QC_Circle.jpg,Ryomaandres,CC BY-SA 4.0,https://creativecommons.org/licenses/by-sa/4.0,"Cropped to remove overlaid text where present; resized so the longer side is at most 1,024 px; re-encoded as JPEG; embedded metadata removed."
TP00068,Heritage Stadium Buildings of Rizal Memorial Field,Wikimedia Commons,"https://commons.wikimedia.org/wiki/File:Rizal_Memorial_Football_Stadium_-_field,_bleachers_area_(Malate,_Manila;_11-27-2019).jpg",patrickroque01,CC BY-SA 4.0,https://creativecommons.org/licenses/by-sa/4.0,"Cropped to remove overlaid text where present; resized so the longer side is at most 1,024 px; re-encoded as JPEG; embedded metadata removed."
TP00069,Laperal House,Wikimedia Commons,"https://commons.wikimedia.org/wiki/File:Laperal_White_House,_Baguio_City_December_2022_(1).jpg",Ralff Nestor Nacor,CC BY-SA 4.0,https://creativecommons.org/licenses/by-sa/4.0,"Cropped to remove overlaid text where present; resized so the longer side is at most 1,024 px; re-encoded as JPEG; embedded metadata removed."
TP00070,Colegio del Santisimo Rosario (Diplomat Hotel) Ruins,Wikimedia Commons,https://commons.wikimedia.org/wiki/File:Diplomat_Hotel_Baguio_City_(HDR)_-_Flickr.jpg,"Lendl Peralta from Baguio, Philippines",CC BY-SA 2.0,https://creativecommons.org/licenses/by-sa/2.0,"Cropped to remove overlaid text where present; resized so the longer side is at most 1,024 px; re-encoded as JPEG; embedded metadata removed."
TP00071,Rice Terraces of the Philippine Cordilleras,Wikimedia Commons,https://commons.wikimedia.org/wiki/File:Batad_Rice_Terraces_6.jpg,Philip Nalangan,CC BY-SA 4.0,https://creativecommons.org/licenses/by-sa/4.0,"Cropped to remove overlaid text where present; resized so the longer side is at most 1,024 px; re-encoded as JPEG; embedded metadata removed."
TP00072,Parish Church of Santa Catalina de Alejandria of Tayum,Wikimedia Commons,"https://commons.wikimedia.org/wiki/File:The_Santa_Catalina_de_Alejandria_Church_in_Tayum,_Abra.JPG",Mannie78,CC BY-SA 3.0,https://creativecommons.org/licenses/by-sa/3.0,"Cropped to remove overlaid text where present; resized so the longer side is at most 1,024 px; re-encoded as JPEG; embedded metadata removed."
TP00073,Querubin Ancestral House,Wikimedia Commons,https://commons.wikimedia.org/wiki/File:Don_Dimas_Querubin_House.jpg,Lawrence Ruiz,CC BY-SA 4.0,https://creativecommons.org/licenses/by-sa/4.0,"Cropped to remove overlaid text where present; resized so the longer side is at most 1,024 px; re-encoded as JPEG; embedded metadata removed."
TP00074,San Nicolas Municipal Hall,Wikimedia Commons,"https://commons.wikimedia.org/wiki/File:San_Nicolas_Ilocos_Municipal_Hall_(MacArthur_Highway,_San_Nicolas,_Ilocos_Norte;_11-17-2022).jpg",Patrickroque01,CC BY-SA 4.0,https://creativecommons.org/licenses/by-sa/4.0,"Cropped to remove overlaid text where present; resized so the longer side is at most 1,024 px; re-encoded as JPEG; embedded metadata removed."
TP00075,Minor Basilica of Our Lady of the Most Holy Rosary of Manaoag,Wikimedia Commons,https://commons.wikimedia.org/wiki/File:Manaoag_Church_facade_in_Pangasinan.jpg,Ramon FVelasquez,CC BY-SA 3.0,https://creativecommons.org/licenses/by-sa/3.0,"Cropped to remove overlaid text where present; resized so the longer side is at most 1,024 px; re-encoded as JPEG; embedded metadata removed."
TP00076,"Parish Church Complex of Nuestra Señora de la Asuncion of Santa Maria, Ilocos Sur",Wikimedia Commons,"https://commons.wikimedia.org/wiki/File:Sta._Maria_Church,_Ilocos_Sur.jpg",Harrybalais,CC BY-SA 3.0,https://creativecommons.org/licenses/by-sa/3.0,"Cropped to remove overlaid text where present; resized so the longer side is at most 1,024 px; re-encoded as JPEG; embedded metadata removed."
TP00077,Historic Town of Vigan,Wikimedia Commons,https://commons.wikimedia.org/wiki/File:Historic_City_of_Vigan.jpg,Ranieljosecastaneda,CC BY-SA 4.0,https://creativecommons.org/licenses/by-sa/4.0,"Cropped to remove overlaid text where present; resized so the longer side is at most 1,024 px; re-encoded as JPEG; embedded metadata removed."
TP00078,La Union Watchtowers,Wikimedia Commons,https://commons.wikimedia.org/wiki/File:Aerial_view_of_Baluarte_Watch_Tower.jpg,Luzviminda7641,CC0,http://creativecommons.org/publicdomain/zero/1.0/deed.en,"Cropped to remove overlaid text where present; resized so the longer side is at most 1,024 px; re-encoded as JPEG; embedded metadata removed."
TP00079,Cape Bojeador Lighthouse Historical Landmark,Wikimedia Commons,https://commons.wikimedia.org/wiki/File:Cape_Bojeador_Lighthouse_2012-09-09_23-09-51.jpg,jacapph,CC BY-SA 3.0,https://creativecommons.org/licenses/by-sa/3.0,"Cropped to remove overlaid text where present; resized so the longer side is at most 1,024 px; re-encoded as JPEG; embedded metadata removed."
TP00080,Parish Church of San Juan Bautista of La Union,Wikimedia Commons,"https://commons.wikimedia.org/wiki/File:San_Juan_Church,_La_Union,_Jan_2024.jpg",Ralff Nestor Nacor,CC BY-SA 4.0,https://creativecommons.org/licenses/by-sa/4.0,"Cropped to remove overlaid text where present; resized so the longer side is at most 1,024 px; re-encoded as JPEG; embedded metadata removed."
TP00081,Paoay Church,Wikimedia Commons,https://commons.wikimedia.org/wiki/File:Paoay_Church_and_Bell_Tower.jpg,Luzviminda7641,CC0,http://creativecommons.org/publicdomain/zero/1.0/deed.en,"Cropped to remove overlaid text where present; resized so the longer side is at most 1,024 px; re-encoded as JPEG; embedded metadata removed."
TP00082,Parish Church of Saint Andrew the Apostle of Bacarra,Wikimedia Commons,"https://commons.wikimedia.org/wiki/File:Saint_Andrew_the_Apostle_Parish_Bacarra_(Rizal_Boulevard,_Bacarra,_Ilocos_Norte;_11-17-2022).jpg",Patrickroque01,CC BY-SA 4.0,https://creativecommons.org/licenses/by-sa/4.0,"Cropped to remove overlaid text where present; resized so the longer side is at most 1,024 px; re-encoded as JPEG; embedded metadata removed."
TP00083,"Parish Church of San Nicolas de Tolentino of San Nicolas, Ilocos Norte",Wikimedia Commons,https://commons.wikimedia.org/wiki/File:Church_of_San_Nicolas_(1).jpg,National Historical Commission of the Philippines,Public domain,,"Cropped to remove overlaid text where present; resized so the longer side is at most 1,024 px; re-encoded as JPEG; embedded metadata removed."
TP00084,Parish Church of Santa Monica of Sarrat,Wikimedia Commons,"https://commons.wikimedia.org/wiki/File:Santa_Monica_Church_Sarrat_front_(Marcos_Avenue,_Sarrat,_Ilocos_Norte;_11-16-2022).jpg",Patrickroque01,CC BY-SA 4.0,https://creativecommons.org/licenses/by-sa/4.0,"Cropped to remove overlaid text where present; resized so the longer side is at most 1,024 px; re-encoded as JPEG; embedded metadata removed."
TP00085,Parish Church of Santa Catalina de Alejandria of Luna,Wikimedia Commons,https://commons.wikimedia.org/wiki/File:FvfLunaChurchMuseum8758_18.JPG,Judgefloro,CC BY-SA 3.0,https://creativecommons.org/licenses/by-sa/3.0,"Cropped to remove overlaid text where present; resized so the longer side is at most 1,024 px; re-encoded as JPEG; embedded metadata removed."
TP00086,Parish Church of Saints Peter and Paul of Calasiao,Wikimedia Commons,"https://commons.wikimedia.org/wiki/File:Saints_Peter_and_Paul_Parish_Church_Calasiao_(Mamaradlo,_Calasiao,_Pangasinan;_02-24-2023).jpg",Patrickroque01,CC BY-SA 4.0,https://creativecommons.org/licenses/by-sa/4.0,"Cropped to remove overlaid text where present; resized so the longer side is at most 1,024 px; re-encoded as JPEG; embedded metadata removed."
TP00087,Nueva Vizcaya Old Provincial Capitol,Wikimedia Commons,"https://commons.wikimedia.org/wiki/File:Bayombong_People%27s_Museum_and_Library_(Poblacion,_Bayombong,_Nueva_Vizcaya;_11-25-2022).jpg",Patrickroque01,CC BY-SA 4.0,https://creativecommons.org/licenses/by-sa/4.0,"Cropped to remove overlaid text where present; resized so the longer side is at most 1,024 px; re-encoded as JPEG; embedded metadata removed."
TP00088,Faro de Cabo Engaño,Wikimedia Commons,"https://commons.wikimedia.org/wiki/File:Lighthouse_of_Cape_Engano,_Philippines.jpg",Hcmnavarramd,CC BY-SA 4.0,https://creativecommons.org/licenses/by-sa/4.0,"Cropped to remove overlaid text where present; resized so the longer side is at most 1,024 px; re-encoded as JPEG; embedded metadata removed."
TP00089,Parish Church of San Carlos Borromeo of Mahatao,Wikimedia Commons,https://commons.wikimedia.org/wiki/File:Mahatao_Church_08.JPG,KisekiLacroix,CC BY-SA 3.0,https://creativecommons.org/licenses/by-sa/3.0,"Cropped to remove overlaid text where present; resized so the longer side is at most 1,024 px; re-encoded as JPEG; embedded metadata removed."
TP00090,Parish Church of San Matias of Tumauini,Wikimedia Commons,https://commons.wikimedia.org/wiki/File:Allan_Jay_Quesada_-_Tumauini_Cathedral_-_afternoon_exterior_DSC_0158.jpg,Allan Jay Quesada,CC BY-SA 4.0,https://creativecommons.org/licenses/by-sa/4.0,"Cropped to remove overlaid text where present; resized so the longer side is at most 1,024 px; re-encoded as JPEG; embedded metadata removed."
TP00091,Parish Church of San Raimundo de Peñafort of Malaueg,Wikimedia Commons,"https://commons.wikimedia.org/wiki/File:Church_of_Rizal_(Malaueg),_Cagayan.jpg",Joelaldor,CC BY-SA 4.0,https://creativecommons.org/licenses/by-sa/4.0,"Cropped to remove overlaid text where present; resized so the longer side is at most 1,024 px; re-encoded as JPEG; embedded metadata removed."
TP00092,Parish Church of San Vicente Ferrer,Wikimedia Commons,"https://commons.wikimedia.org/wiki/File:Dupax,_Nueva_Vizcaya.jpg",Richardsmarcelo,CC BY-SA 4.0,https://creativecommons.org/licenses/by-sa/4.0,"Cropped to remove overlaid text where present; resized so the longer side is at most 1,024 px; re-encoded as JPEG; embedded metadata removed."
TP00093,Santa Maria Bridge,Wikimedia Commons,https://commons.wikimedia.org/wiki/File:Cabagan%E2%80%93Santa_Maria_Bridge.jpg,Department of Public Works and Highways,Public domain,,"Cropped to remove overlaid text where present; resized so the longer side is at most 1,024 px; re-encoded as JPEG; embedded metadata removed."
TP00094,Bahay ni Angel Pantaleon de Miranda,Wikimedia Commons,"https://commons.wikimedia.org/wiki/File:Don_Angel_Pantaleon_De_Miranda_House_(Santo_Rosario_Street,_Angeles,_Pampanga;_05-27-2023).jpg",Patrickroque01,CC BY-SA 4.0,https://creativecommons.org/licenses/by-sa/4.0,"Cropped to remove overlaid text where present; resized so the longer side is at most 1,024 px; re-encoded as JPEG; embedded metadata removed."
TP00095,Municipal Hall of Guagua,Wikimedia Commons,"https://commons.wikimedia.org/wiki/File:Old_Guagua_Municipal_Hall,_Pampanga,_Jun_2024.jpg",Ralff Nestor Nacor,CC BY-SA 4.0,https://creativecommons.org/licenses/by-sa/4.0,"Cropped to remove overlaid text where present; resized so the longer side is at most 1,024 px; re-encoded as JPEG; embedded metadata removed."
TP00096,Municipal Hall of Lubao,Wikimedia Commons,"https://commons.wikimedia.org/wiki/File:Old_Lubao_Municipal_Hall,_Pampanga,_Jun_2024.jpg",Ralff Nestor Nacor,CC BY-SA 4.0,https://creativecommons.org/licenses/by-sa/4.0,"Cropped to remove overlaid text where present; resized so the longer side is at most 1,024 px; re-encoded as JPEG; embedded metadata removed."
TP00097,Municipal Hall of Magalang,Wikimedia Commons,https://commons.wikimedia.org/wiki/File:Magalang_Town_Hall_Pampanga.jpg,Elmer B. Domingo,CC BY-SA 4.0,https://creativecommons.org/licenses/by-sa/4.0,"Cropped to remove overlaid text where present; resized so the longer side is at most 1,024 px; re-encoded as JPEG; embedded metadata removed."
TP00098,Metropolitan Cathedral of San Fernando,Wikimedia Commons,"https://commons.wikimedia.org/wiki/File:San_Fernando_Metropolitan_Cathedral_in_San_Fernando,_Pampanga.jpg",Ivanhenares at English Wikipedia,Public domain,,"Cropped to remove overlaid text where present; resized so the longer side is at most 1,024 px; re-encoded as JPEG; embedded metadata removed."
TP00099,Old Municipal Hall (Baliuag Museum and Library),Wikimedia Commons,https://commons.wikimedia.org/wiki/File:Oldmunicipiojf.JPG,Ramon FVelasquez,CC BY-SA 3.0,https://creativecommons.org/licenses/by-sa/3.0,"Cropped to remove overlaid text where present; resized so the longer side is at most 1,024 px; re-encoded as JPEG; embedded metadata removed."
TP00100,Old Municipal Building (Museo ning Angeles),Wikimedia Commons,https://commons.wikimedia.org/wiki/File:Museo_Ning_Angeles_cuaresma_CNE_01.jpg,CNEcija12345,CC BY-SA 4.0,https://creativecommons.org/licenses/by-sa/4.0,"Cropped to remove overlaid text where present; resized so the longer side is at most 1,024 px; re-encoded as JPEG; embedded metadata removed."
TP00101,Heliograph Towers,Wikimedia Commons,https://commons.wikimedia.org/wiki/File:8460Magalang_Heliograph_towers_landmarks_10.jpg,Judgefloro,CC0,http://creativecommons.org/publicdomain/zero/1.0/deed.en,"Cropped to remove overlaid text where present; resized so the longer side is at most 1,024 px; re-encoded as JPEG; embedded metadata removed."
TP00102,Parish Church of Immaculate Conception,Wikimedia Commons,https://commons.wikimedia.org/wiki/File:JC_Guagua_3.jpg,JJ Carpio,CC BY-SA 4.0,https://creativecommons.org/licenses/by-sa/4.0,"Cropped to remove overlaid text where present; resized so the longer side is at most 1,024 px; re-encoded as JPEG; embedded metadata removed."
TP00103,Parish Church of San Agustin of Lubao,Wikimedia Commons,https://commons.wikimedia.org/wiki/File:JC_Lubao_23.jpg,JJ Carpio,CC BY-SA 4.0,https://creativecommons.org/licenses/by-sa/4.0,"Cropped to remove overlaid text where present; resized so the longer side is at most 1,024 px; re-encoded as JPEG; embedded metadata removed."
TP00104,Parish Church of San Andres Apostol of Masinloc,Wikimedia Commons,https://commons.wikimedia.org/wiki/File:Masinloc_Church_facade.jpg,Tokwa01,CC BY-SA 4.0,https://creativecommons.org/licenses/by-sa/4.0,"Cropped to remove overlaid text where present; resized so the longer side is at most 1,024 px; re-encoded as JPEG; embedded metadata removed."
TP00105,Parish Church of San Bartolome of Magalang,Wikimedia Commons,https://commons.wikimedia.org/wiki/File:Facade_of_San_Bartolome_Church_(Magalang).jpg,Louiealdrin,CC BY-SA 4.0,https://creativecommons.org/licenses/by-sa/4.0,"Cropped to remove overlaid text where present; resized so the longer side is at most 1,024 px; re-encoded as JPEG; embedded metadata removed."
TP00106,"Parish Church of San Juan de Dios of San Rafael, Bulacan",Wikimedia Commons,https://commons.wikimedia.org/wiki/File:0177San_Juan_de_Dios_Church_of_San_Rafael_21.jpg,JFVelasquez Floro,CC0,http://creativecommons.org/publicdomain/zero/1.0/deed.en,"Cropped to remove overlaid text where present; resized so the longer side is at most 1,024 px; re-encoded as JPEG; embedded metadata removed."
TP00107,Parish Church of Santa Monica of Minalin and it Liturgical Objects,Wikimedia Commons,"https://commons.wikimedia.org/wiki/File:Facade_of_Santa_Monica_Church_in_Minalin,_Pampanga.jpg",Ramon FVelasquez,CC BY-SA 3.0,https://creativecommons.org/licenses/by-sa/3.0,"Cropped to remove overlaid text where present; resized so the longer side is at most 1,024 px; re-encoded as JPEG; embedded metadata removed."
TP00108,Parish Church of Saint James the Apostle of Betis,Wikimedia Commons,https://commons.wikimedia.org/wiki/File:Betis_Church_facade.jpg,Jonathan Blaza,CC BY-SA 4.0,https://creativecommons.org/licenses/by-sa/4.0,"Cropped to remove overlaid text where present; resized so the longer side is at most 1,024 px; re-encoded as JPEG; embedded metadata removed."
TP00109,Parish Church of Santo Rosario of Angeles,Wikimedia Commons,"https://commons.wikimedia.org/wiki/File:Holy_Angels_Parish_Church,_Angeles,_Pampanga.jpg",Joelaldor,CC BY-SA 4.0,https://creativecommons.org/licenses/by-sa/4.0,"Cropped to remove overlaid text where present; resized so the longer side is at most 1,024 px; re-encoded as JPEG; embedded metadata removed."
TP00110,Parish Church of Nuestra Señora de la Asuncion of Bulakan,Wikimedia Commons,https://commons.wikimedia.org/wiki/File:4111Fa%C3%A7ade_of_Diocesan_Shrine_Parish_of_Nuestra_Se%C3%B1ora_de_la_Asunci%C3%B3n_Bulakan_09.jpg,JFVelasquez Floro,CC0,http://creativecommons.org/publicdomain/zero/1.0/deed.en,"Cropped to remove overlaid text where present; resized so the longer side is at most 1,024 px; re-encoded as JPEG; embedded metadata removed."
TP00111,Pagsanjan Arch,Wikimedia Commons,"https://commons.wikimedia.org/wiki/File:Pagsanjan_Stone_Arch,_Laguna,_Aug_2025_(2).jpg",Ralff Nestor Nacor,CC BY-SA 4.0,https://creativecommons.org/licenses/by-sa/4.0,"Cropped to remove overlaid text where present; resized so the longer side is at most 1,024 px; re-encoded as JPEG; embedded metadata removed."
TP00112,Minor Basilica of Saint Michael the Archangel of Tayabas,Wikimedia Commons,"https://commons.wikimedia.org/wiki/File:Minor_Basilica_of_Saint_Michael_the_Archangel_(Lopez_Jaena,_Tayabas,_Quezon;_10-08-2022).jpg",Patrickroque01,CC BY-SA 4.0,https://creativecommons.org/licenses/by-sa/4.0,"Cropped to remove overlaid text where present; resized so the longer side is at most 1,024 px; re-encoded as JPEG; embedded metadata removed."
TP00113,Cuartel de Santo Domingo,Wikimedia Commons,https://commons.wikimedia.org/wiki/File:Cuartel_de_Santo_Domingo.JPG,National Historical Commission of the Philippines,Public domain,,"Cropped to remove overlaid text where present; resized so the longer side is at most 1,024 px; re-encoded as JPEG; embedded metadata removed."
TP00114,Angono-Binangonan Petroglyphs,Wikimedia Commons,https://commons.wikimedia.org/wiki/File:Angono_Petroglyphs_centered.jpg,Raffy-ish,CC BY-SA 3.0,https://creativecommons.org/licenses/by-sa/3.0,"Cropped to remove overlaid text where present; resized so the longer side is at most 1,024 px; re-encoded as JPEG; embedded metadata removed."
TP00115,Mauban Public Bath,Wikimedia Commons,"https://commons.wikimedia.org/wiki/File:Mauban_Spanish_Public_Bath,_Quezon.jpg",Joelaldor,CC BY-SA 4.0,https://creativecommons.org/licenses/by-sa/4.0,"Cropped to remove overlaid text where present; resized so the longer side is at most 1,024 px; re-encoded as JPEG; embedded metadata removed."
TP00116,Parish Church of Our Lady of the Assumption of Maragondon,Wikimedia Commons,"https://commons.wikimedia.org/wiki/File:Our_Lady_of_the_Assumption_Parish_Church,_Magondon,_Cavite_14.JPG",Joannerfabregas,CC BY-SA 3.0,https://creativecommons.org/licenses/by-sa/3.0,"Cropped to remove overlaid text where present; resized so the longer side is at most 1,024 px; re-encoded as JPEG; embedded metadata removed."
TP00117,Parish Church of Our Lady of Candelaria of Silang,Wikimedia Commons,"https://commons.wikimedia.org/wiki/File:Silang_church_(Poblacion,_Silang,_Cavite)(2017-04-28).jpg",Patrickroque01,CC BY-SA 4.0,https://creativecommons.org/licenses/by-sa/4.0,"Cropped to remove overlaid text where present; resized so the longer side is at most 1,024 px; re-encoded as JPEG; embedded metadata removed."
TP00118,Parish Church of Immaculate Conception of Balayan,Wikimedia Commons,https://commons.wikimedia.org/wiki/File:Balayan_Church_Facade.JPG,Eric Jam,CC BY-SA 3.0,https://creativecommons.org/licenses/by-sa/3.0,"Cropped to remove overlaid text where present; resized so the longer side is at most 1,024 px; re-encoded as JPEG; embedded metadata removed."
TP00119,Parish Church of San Gregorio Magno of Majayjay,Wikimedia Commons,"https://commons.wikimedia.org/wiki/File:Majayjay_Church,_Laguna,_Jul_2024.jpg",Ralff Nestor Nacor,CC BY-SA 4.0,https://creativecommons.org/licenses/by-sa/4.0,"Cropped to remove overlaid text where present; resized so the longer side is at most 1,024 px; re-encoded as JPEG; embedded metadata removed."
TP00120,Parish Church of San Ildefonso de Toledo of Tanay,Wikimedia Commons,https://commons.wikimedia.org/wiki/File:San_Ildefonso_Church2.JPG,JannicaDiaz,CC BY-SA 4.0,https://creativecommons.org/licenses/by-sa/4.0,"Cropped to remove overlaid text where present; resized so the longer side is at most 1,024 px; re-encoded as JPEG; embedded metadata removed."
TP00121,Iglesia Catolica Apostolica Romana Parish of St. Michael the Archangel,Wikimedia Commons,"https://commons.wikimedia.org/wiki/File:Saint_Michael_the_Archangel_Parish_Church_(Evangelista,_Bacoor,_Cavite;_09-19-2021).jpg",patrickroque01,CC BY-SA 4.0,https://creativecommons.org/licenses/by-sa/4.0,"Cropped to remove overlaid text where present; resized so the longer side is at most 1,024 px; re-encoded as JPEG; embedded metadata removed."
TP00122,Parish Church of Saint James the Apostle of Paete,Wikimedia Commons,"https://commons.wikimedia.org/wiki/File:Saint_James_the_Apostle_Parish_Church_(Paete,_Laguna).jpg",Historia Caviteño,CC BY-SA 4.0,https://creativecommons.org/licenses/by-sa/4.0,"Cropped to remove overlaid text where present; resized so the longer side is at most 1,024 px; re-encoded as JPEG; embedded metadata removed."
TP00123,Tulay Malagonlong,Wikimedia Commons,https://commons.wikimedia.org/wiki/File:Malagonlong_Bridge.jpg,Carol Zornosa,CC BY-SA 3.0,https://creativecommons.org/licenses/by-sa/3.0,"Cropped to remove overlaid text where present; resized so the longer side is at most 1,024 px; re-encoded as JPEG; embedded metadata removed."
TP00124,Puente de Bai,National Museum of the Philippines,https://www.nationalmuseum.gov.ph/2022/07/07/the-spanish-era-colonial-bridges-of-tayabas/,NMP Architectural Arts and Built Heritage Division,Philippine government work (RA 8293 Sec. 176); non-commercial use,https://lawphil.net/statutes/repacts/ra1997/ra_8293_1997.html,"Cropped to remove overlaid text where present; resized so the longer side is at most 1,024 px; re-encoded as JPEG; embedded metadata removed."
TP00125,Puente de Isabel II,National Museum of the Philippines,https://www.nationalmuseum.gov.ph/2022/07/07/the-spanish-era-colonial-bridges-of-tayabas/,NMP Architectural Arts and Built Heritage Division,Philippine government work (RA 8293 Sec. 176); non-commercial use,https://lawphil.net/statutes/repacts/ra1997/ra_8293_1997.html,"Cropped to remove overlaid text where present; resized so the longer side is at most 1,024 px; re-encoded as JPEG; embedded metadata removed."
TP00126,Molino Dam,Wikimedia Commons,https://commons.wikimedia.org/wiki/File:Molino_Dam_-_1.jpg,Eugene Alvin Villar (seav),CC BY-SA 4.0,https://creativecommons.org/licenses/by-sa/4.0,"Cropped to remove overlaid text where present; resized so the longer side is at most 1,024 px; re-encoded as JPEG; embedded metadata removed."
TP00127,Casa de San Fernando,Wikimedia Commons,"https://commons.wikimedia.org/wiki/File:Casa_de_Don_Pedro_Sanz_in_San_Fernando,_Romblon_4.jpg",Carlo Joseph Moskito (carlojoseph14),CC BY-SA 4.0,https://creativecommons.org/licenses/by-sa/4.0,"Cropped to remove overlaid text where present; resized so the longer side is at most 1,024 px; re-encoded as JPEG; embedded metadata removed."
TP00128,Twin Forts of Romblon (Fuerza de San Antonio),Wikimedia Commons,"https://commons.wikimedia.org/wiki/File:Fort_San_Andres_in_Romblon,_Romblon_1.jpg",Carlo Joseph Moskito,CC BY-SA 4.0,https://creativecommons.org/licenses/by-sa/4.0,"Cropped to remove overlaid text where present; resized so the longer side is at most 1,024 px; re-encoded as JPEG; embedded metadata removed."
TP00129,Cathedral of Saint Joseph of Romblon,Wikimedia Commons,https://commons.wikimedia.org/wiki/File:St._Joseph_Cathedral_15.JPG,Joannerfabregas,CC BY-SA 4.0,https://creativecommons.org/licenses/by-sa/4.0,"Cropped to remove overlaid text where present; resized so the longer side is at most 1,024 px; re-encoded as JPEG; embedded metadata removed."
TP00130,Cathedral of the Immaculate Conception of Boac,Wikimedia Commons,"https://commons.wikimedia.org/wiki/File:Boac_cathedral,_Marinduque.jpg",Benedict Esber,CC BY-SA 4.0,https://creativecommons.org/licenses/by-sa/4.0,"Cropped to remove overlaid text where present; resized so the longer side is at most 1,024 px; re-encoded as JPEG; embedded metadata removed."
TP00131,Cagsawa Ruins,Wikimedia Commons,"https://commons.wikimedia.org/wiki/File:Cagsawa_Ruins,_Legazpi,_Philippines_-_Flickr.jpg","Fabio Achilli from Milano, Italy",CC BY 2.0,https://creativecommons.org/licenses/by/2.0,"Cropped to remove overlaid text where present; resized so the longer side is at most 1,024 px; re-encoded as JPEG; embedded metadata removed."
TP00132,Parish Church of Nuestra Señora de la Porteria of Daraga,Wikimedia Commons,"https://commons.wikimedia.org/wiki/File:Daraga_Church,_Albay,_Dec_2025_(3).jpg",Ralff Nestor Nacor,CC BY-SA 4.0,https://creativecommons.org/licenses/by-sa/4.0,"Cropped to remove overlaid text where present; resized so the longer side is at most 1,024 px; re-encoded as JPEG; embedded metadata removed."
TP00133,Parish Church of Saint John the Baptist of Camalig,Wikimedia Commons,https://commons.wikimedia.org/wiki/File:Camalig_Church_and_convent.jpg,Shubert Ciencia,CC BY 2.0,https://creativecommons.org/licenses/by/2.0,"Cropped to remove overlaid text where present; resized so the longer side is at most 1,024 px; re-encoded as JPEG; embedded metadata removed."
TP00134,Parish Church of Saint John the Baptist of Tabaco,Wikimedia Commons,https://commons.wikimedia.org/wiki/File:IJVTabacoChurch5ver2.jpg,IJVelas,CC BY-SA 3.0,https://creativecommons.org/licenses/by-sa/3.0,"Cropped to remove overlaid text where present; resized so the longer side is at most 1,024 px; re-encoded as JPEG; embedded metadata removed."
TP00135,Barit Bridge,Wikimedia Commons,"https://commons.wikimedia.org/wiki/File:Barit_Bridge,_iriga_City,_Philippines.jpg",Glasseyed45,CC BY-SA 4.0,https://creativecommons.org/licenses/by-sa/4.0,"Cropped to remove overlaid text where present; resized so the longer side is at most 1,024 px; re-encoded as JPEG; embedded metadata removed."
TP00136,National Arts Center of the Philippine High School for the Arts,Wikipedia (English),https://en.wikipedia.org/wiki/File:2018-05-05-National_Arts_Center-Los_Banos.jpg,Nixwrites,CC BY-SA 4.0,https://creativecommons.org/licenses/by-sa/4.0,"Cropped to remove overlaid text where present; resized so the longer side is at most 1,024 px; re-encoded as JPEG; embedded metadata removed."
TP00137,Parish Church of San Luis Gonzaga of San Luis,Wikimedia Commons,"https://commons.wikimedia.org/wiki/File:San_Luis_Gonzaga_Parish_Church_with_Sacred_Heart_Monument,_Pampanga.jpg",Joelaldor,CC BY-SA 4.0,https://creativecommons.org/licenses/by-sa/4.0,"Cropped to remove overlaid text where present; resized so the longer side is at most 1,024 px; re-encoded as JPEG; embedded metadata removed."
TP00138,Santuario de las Almas,Wikimedia Commons,"https://commons.wikimedia.org/wiki/File:Sanctuario_De_Las_Almas_(Tayabas-Lucena_Road,_Tayabas,_Quezon;_10-08-2022).jpg",Patrickroque01,CC BY-SA 4.0,https://creativecommons.org/licenses/by-sa/4.0,"Cropped to remove overlaid text where present; resized so the longer side is at most 1,024 px; re-encoded as JPEG; embedded metadata removed."
TP00139,The Capilla Mortuario,Wikimedia Commons,https://commons.wikimedia.org/wiki/File:Capilla_Mortuario_(Mortuary_Chapel)_of_Argao_02.jpg,Victor D. Kintanar,CC BY-SA 3.0,https://creativecommons.org/licenses/by-sa/3.0,"Cropped to remove overlaid text where present; resized so the longer side is at most 1,024 px; re-encoded as JPEG; embedded metadata removed."
TP00140,The Cementerio de los Indios,Wikimedia Commons,https://commons.wikimedia.org/wiki/File:Mortuario_de_Cementerio_de_los_Indios_Tayabas.JPG,Joelaldor,CC BY-SA 4.0,https://creativecommons.org/licenses/by-sa/4.0,"Cropped to remove overlaid text where present; resized so the longer side is at most 1,024 px; re-encoded as JPEG; embedded metadata removed."
TP00141,Parish Church of Nuestra Señora de Salvacion of Tiwi,Wikimedia Commons,"https://commons.wikimedia.org/wiki/File:Joroan,_Tiwi,_Albay_church_-_Flickr.jpg","Shubert Ciencia from Nueva Ecija, Philippines",CC BY 2.0,https://creativecommons.org/licenses/by/2.0,"Cropped to remove overlaid text where present; resized so the longer side is at most 1,024 px; re-encoded as JPEG; embedded metadata removed."
TP00142,Spanish Colonial-Era Bridge,National Museum of the Philippines,https://www.nationalmuseum.gov.ph/2023/04/26/spanish-era-bridge-in-sampaloc-quezon/,NMP Architectural Arts and Built Heritage Division,Philippine government work (RA 8293 Sec. 176); non-commercial use,https://lawphil.net/statutes/repacts/ra1997/ra_8293_1997.html,"Cropped to remove overlaid text where present; resized so the longer side is at most 1,024 px; re-encoded as JPEG; embedded metadata removed."
TP00143,Grotto of Our Lady of Lourdes,Wikimedia Commons,"https://commons.wikimedia.org/wiki/File:Lourdes_Grotto_at_Cabiao_Church,_Nueva_Ecija.jpg",Ramon FVelasquez,CC BY-SA 3.0,https://creativecommons.org/licenses/by-sa/3.0,"Cropped to remove overlaid text where present; resized so the longer side is at most 1,024 px; re-encoded as JPEG; embedded metadata removed."
TP00144,Dampol Bridge,Wikimedia Commons,https://commons.wikimedia.org/wiki/File:Dampol_Bridge_Dupax_de_Sur_June_2025.jpg,Borgenland,CC0,http://creativecommons.org/publicdomain/zero/1.0/deed.en,"Cropped to remove overlaid text where present; resized so the longer side is at most 1,024 px; re-encoded as JPEG; embedded metadata removed."
TP00145,Historic District of Vigan House of Father Jose Burgos,Wikimedia Commons,"https://commons.wikimedia.org/wiki/File:Padre_Burgos_House_National_Museum_Ilocos_(Burgos_Street,_Vigan,_Ilocos_Sur;_11-14-2022).jpg",Patrickroque01,CC BY-SA 4.0,https://creativecommons.org/licenses/by-sa/4.0,"Cropped to remove overlaid text where present; resized so the longer side is at most 1,024 px; re-encoded as JPEG; embedded metadata removed."
TP00146,Historic District of Vigan House of Leona Florentino,Wikimedia Commons,"https://commons.wikimedia.org/wiki/File:Leona_Florentino_Monument,_Vigan_City,_Ilocos_Sur,_April_2023.jpg",Ralff Nestor Nacor,CC BY-SA 4.0,https://creativecommons.org/licenses/by-sa/4.0,"Cropped to remove overlaid text where present; resized so the longer side is at most 1,024 px; re-encoded as JPEG; embedded metadata removed."
TP00147,Watchtower-Belfry of the Church of San Agustin,Wikimedia Commons,"https://commons.wikimedia.org/wiki/File:Bantay_Watchtower_in_Bantay,_Ilocos_Sur.jpg",Rosesale,CC BY-SA 3.0,https://creativecommons.org/licenses/by-sa/3.0,"Cropped to remove overlaid text where present; resized so the longer side is at most 1,024 px; re-encoded as JPEG; embedded metadata removed."
TP00149,Watchtower of Atimonan,Wikimedia Commons,https://commons.wikimedia.org/wiki/File:Iskong_Bantay_2.jpg,Nick Coros,CC0,http://creativecommons.org/publicdomain/zero/1.0/deed.en,"Cropped to remove overlaid text where present; resized so the longer side is at most 1,024 px; re-encoded as JPEG; embedded metadata removed."
TP00150,San Lorenzo Ruiz Steps,Wikimedia Commons,"https://commons.wikimedia.org/wiki/File:San_Lorenzo_Ruiz_Steps,_Taal,_Batangas_(March_2020).jpg",Ralff Nestor Nacor,CC BY-SA 4.0,https://creativecommons.org/licenses/by-sa/4.0,"Cropped to remove overlaid text where present; resized so the longer side is at most 1,024 px; re-encoded as JPEG; embedded metadata removed."
TP00151,Bridge of Santa Maria,Wikimedia Commons,https://commons.wikimedia.org/wiki/File:Cabagan%E2%80%93Santa_Maria_Bridge_(cropped).jpg,Department of Public Works and Highways,Public domain,,"Cropped to remove overlaid text where present; resized so the longer side is at most 1,024 px; re-encoded as JPEG; embedded metadata removed."
TP00152,Cuenca House,Wikimedia Commons,"https://commons.wikimedia.org/wiki/File:Cuenca_Ancestral_House_Bacoor,_Cavite_2.jpg",Ryomaandres,CC BY-SA 4.0,https://creativecommons.org/licenses/by-sa/4.0,"Cropped to remove overlaid text where present; resized so the longer side is at most 1,024 px; re-encoded as JPEG; embedded metadata removed."
TP00153,Ma-ao Sugar Central,Wikimedia Commons,"https://commons.wikimedia.org/wiki/File:Ma-ao_Sugar_Central_(Ma-ao,_Bago_City,_Negros_Occidental;_10-20-2023).jpg",Patrickroque01,CC BY-SA 4.0,https://creativecommons.org/licenses/by-sa/4.0,"Cropped to remove overlaid text where present; resized so the longer side is at most 1,024 px; re-encoded as JPEG; embedded metadata removed."
TP00154,Generoso Villanueva Art Deco Ancestral House,Wikimedia Commons,"https://commons.wikimedia.org/wiki/File:Daku_Balay_Bacolod_(Burgos_Avenue,_Bacolod,_Negros_Occidental;_10-21-2023).jpg",Patrickroque01,CC BY-SA 4.0,https://creativecommons.org/licenses/by-sa/4.0,"Cropped to remove overlaid text where present; resized so the longer side is at most 1,024 px; re-encoded as JPEG; embedded metadata removed."
TP00155,Don Efigenio Lizares and Doña Enrica Alunan Ancestral House,Wikimedia Commons,"https://commons.wikimedia.org/wiki/File:Balay_ni_Tana_Dicang_(Rizal_Street,_Talisay,_Negros_Occidental;_10-30-2022).jpg",Patrickroque01,CC BY-SA 4.0,https://creativecommons.org/licenses/by-sa/4.0,"Cropped to remove overlaid text where present; resized so the longer side is at most 1,024 px; re-encoded as JPEG; embedded metadata removed."
TP00156,Avanceña House (Camiña Balay na Bato),Wikimedia Commons,"https://commons.wikimedia.org/wiki/File:Cami%C3%B1a_Balay_Nga_Bato_(Osme%C3%B1a,_Villa_Arevalo,_Iloilo_City;_10-21-2022)_(cropped).jpg",Patrickroque01,CC BY-SA 4.0,https://creativecommons.org/licenses/by-sa/4.0,"Cropped to remove overlaid text where present; resized so the longer side is at most 1,024 px; re-encoded as JPEG; embedded metadata removed."
TP00157,Iloilo Provincial Jail,Wikimedia Commons,"https://commons.wikimedia.org/wiki/File:National_Museum_Iloilo_(Bonifacio_Drive,_Iloilo_City;_10-21-2022).jpg",Patrickroque01,CC BY-SA 4.0,https://creativecommons.org/licenses/by-sa/4.0,"Cropped to remove overlaid text where present; resized so the longer side is at most 1,024 px; re-encoded as JPEG; embedded metadata removed."
TP00158,Negros Occidental Museum Building,Wikimedia Commons,"https://commons.wikimedia.org/wiki/File:Negros_Museum_front_(Gatuslao,_Bacolod,_Negros_Occidental;_10-24-2022).jpg",Patrickroque01,CC BY-SA 4.0,https://creativecommons.org/licenses/by-sa/4.0,"Cropped to remove overlaid text where present; resized so the longer side is at most 1,024 px; re-encoded as JPEG; embedded metadata removed."
TP00159,San Joaquin Roman Catholic Cemetery Chapel,Wikimedia Commons,https://commons.wikimedia.org/wiki/File:San_Joaquin_Campo_Santo.jpg,Philip Nalangan,CC BY 4.0,https://creativecommons.org/licenses/by/4.0,"Cropped to remove overlaid text where present; resized so the longer side is at most 1,024 px; re-encoded as JPEG; embedded metadata removed."
TP00160,Chapel of Saint Joseph the Worker of Victorias,Wikimedia Commons,"https://commons.wikimedia.org/wiki/File:St._Joseph_the_Worker_Church_facade,_Victorias_City,_Negros_Occidental.jpg",Elmer B. Domingo,CC BY-SA 3.0,https://creativecommons.org/licenses/by-sa/3.0,"Cropped to remove overlaid text where present; resized so the longer side is at most 1,024 px; re-encoded as JPEG; embedded metadata removed."
TP00161,"Old Provincial Capitol of Iloilo, known as Casa Real, with the Arroyo Fountain",Wikimedia Commons,"https://commons.wikimedia.org/wiki/File:Iloilo_Provincial_Capitol_Casa_Real,_Arroyo_Fountain_(Bonifacio_Drive,_Iloilo_City;_04-04-2024).jpg",Patrickroque01,CC BY-SA 4.0,https://creativecommons.org/licenses/by-sa/4.0,"Cropped to remove overlaid text where present; resized so the longer side is at most 1,024 px; re-encoded as JPEG; embedded metadata removed."
TP00162,Old Jaro Municipal Hall,Wikimedia Commons,"https://commons.wikimedia.org/wiki/File:Old_Jaro_Municipal_Hall,_Iloilo_City,_Aug_2024.jpg",Ralff Nestor Nacor,CC BY-SA 4.0,https://creativecommons.org/licenses/by-sa/4.0,"Cropped to remove overlaid text where present; resized so the longer side is at most 1,024 px; re-encoded as JPEG; embedded metadata removed."
TP00163,Don Mariano Lacson Mansion,Wikimedia Commons,https://commons.wikimedia.org/wiki/File:Ruins_Mansion_Don_Mariano_Ledesma_Lacson_1.jpg,Paolobon140,Public domain,,"Cropped to remove overlaid text where present; resized so the longer side is at most 1,024 px; re-encoded as JPEG; embedded metadata removed."
TP00164,Lizares-Gamboa Mansion (Angelicum School),Wikimedia Commons,"https://commons.wikimedia.org/wiki/File:Angelicum_School_Iloilo_Lizares_Mansion_(Radial_Road_4,_Jaro,_Iloilo_City;_04-05-2024).jpg",Patrickroque01,CC BY-SA 4.0,https://creativecommons.org/licenses/by-sa/4.0,"Cropped to remove overlaid text where present; resized so the longer side is at most 1,024 px; re-encoded as JPEG; embedded metadata removed."
TP00165,Muscovado Sugar Mills,Wikimedia Commons,https://commons.wikimedia.org/wiki/File:Muscovado_Sugar_Mills_1.jpg,Hbalairos,CC BY-SA 3.0,https://creativecommons.org/licenses/by-sa/3.0,"Cropped to remove overlaid text where present; resized so the longer side is at most 1,024 px; re-encoded as JPEG; embedded metadata removed."
TP00166,Parish Church of Santa Barbara and Convent,Wikimedia Commons,"https://commons.wikimedia.org/wiki/File:Santa_Barbara_Parish_Church_and_Convent_(Rizal_Street,_Santa_Barbara,_Iloilo;_10-20-2022).jpg",Patrickroque01,CC BY-SA 4.0,https://creativecommons.org/licenses/by-sa/4.0,"Cropped to remove overlaid text where present; resized so the longer side is at most 1,024 px; re-encoded as JPEG; embedded metadata removed."
TP00167,"Parish Church of San Joaquin, Iloilo",Wikimedia Commons,https://commons.wikimedia.org/wiki/File:San_Joaquin_Church_Iloilo.jpg,Philip Nalangan,CC BY 4.0,https://creativecommons.org/licenses/by/4.0,"Cropped to remove overlaid text where present; resized so the longer side is at most 1,024 px; re-encoded as JPEG; embedded metadata removed."
TP00168,Parish Church of Santa Monica of Pan-ay,Wikimedia Commons,https://commons.wikimedia.org/wiki/File:Pan-ay_Church_Roxas_3.jpg,Philip Nalangan,CC BY 4.0,https://creativecommons.org/licenses/by/4.0,"Cropped to remove overlaid text where present; resized so the longer side is at most 1,024 px; re-encoded as JPEG; embedded metadata removed."
TP00169,Santo Tomas de Villanueva Church Complex,Wikimedia Commons,https://commons.wikimedia.org/wiki/File:Miag-ao_Church_(4)_-_6274884187.jpg,Constantine Agustin,CC BY-SA 2.0,https://creativecommons.org/licenses/by-sa/2.0,"Cropped to remove overlaid text where present; resized so the longer side is at most 1,024 px; re-encoded as JPEG; embedded metadata removed."
TP00170,Chocolate Hills Natural Monument,Wikimedia Commons,https://commons.wikimedia.org/wiki/File:Bohol_-_Chocolate_Hills.jpg,Theglennpalacio,CC BY-SA 4.0,https://creativecommons.org/licenses/by-sa/4.0,"Cropped to remove overlaid text where present; resized so the longer side is at most 1,024 px; re-encoded as JPEG; embedded metadata removed."
TP00171,Carcel de Cebu,Wikimedia Commons,"https://commons.wikimedia.org/wiki/File:Museo_Sugbu_(MJ_Cuenco_Avenue,_Cebu_City;_09-07-2022).jpg",Patrickroque01,CC BY-SA 4.0,https://creativecommons.org/licenses/by-sa/4.0,"Cropped to remove overlaid text where present; resized so the longer side is at most 1,024 px; re-encoded as JPEG; embedded metadata removed."
TP00172,Parish Church of San Nicolas de Tolentino of Dimiao Complex and Ermita Ruins,Wikimedia Commons,"https://commons.wikimedia.org/wiki/File:San_Nicolas_De_Tolentino_Church_Dimiao_(Tagbilaran_East_Road,_Dimiao,_Bohol;_01-12-2023).jpg",Patrickroque01,CC BY-SA 4.0,https://creativecommons.org/licenses/by-sa/4.0,"Cropped to remove overlaid text where present; resized so the longer side is at most 1,024 px; re-encoded as JPEG; embedded metadata removed."
TP00173,Parish Church of Santo Niño of Valencia Complex and Convent,Wikimedia Commons,https://commons.wikimedia.org/wiki/File:Valenciachurch_bohol.jpg,Pinay06 at English Wikipedia,CC BY 2.5,https://creativecommons.org/licenses/by/2.5,"Cropped to remove overlaid text where present; resized so the longer side is at most 1,024 px; re-encoded as JPEG; embedded metadata removed."
TP00174,Old Presidencia Building of Dumaguete,Wikimedia Commons,https://commons.wikimedia.org/wiki/File:National_Museum_Negros_Oriental.jpg,Carlo Joseph Moskito,CC BY-SA 4.0,https://creativecommons.org/licenses/by-sa/4.0,"Cropped to remove overlaid text where present; resized so the longer side is at most 1,024 px; re-encoded as JPEG; embedded metadata removed."
TP00175,Bohol Watchtowers Punta Santa Cruz Watchtower,Wikimedia Commons,https://commons.wikimedia.org/wiki/File:Punta_Cruz_Watchtower.jpg,JingJingco,CC BY-SA 3.0,https://creativecommons.org/licenses/by-sa/3.0,"Cropped to remove overlaid text where present; resized so the longer side is at most 1,024 px; re-encoded as JPEG; embedded metadata removed."
TP00176,Parish Church of the Santa Cruz of Maribojoc,Wikimedia Commons,https://commons.wikimedia.org/wiki/File:Maribojoc_Church.JPG,Malou Buenconsejo,CC BY-SA 3.0,https://creativecommons.org/licenses/by-sa/3.0,"Cropped to remove overlaid text where present; resized so the longer side is at most 1,024 px; re-encoded as JPEG; embedded metadata removed."
TP00177,Shrine-Parish of the Assumption of the Blessed Virgin Mary Complex,Wikimedia Commons,https://commons.wikimedia.org/wiki/File:Dauis_church_Bohol.jpg,Bengoeswhere,CC BY-SA 4.0,https://creativecommons.org/licenses/by-sa/4.0,"Cropped to remove overlaid text where present; resized so the longer side is at most 1,024 px; re-encoded as JPEG; embedded metadata removed."
TP00178,Nuestra Señora de La Luz Parish Church Complex,Wikimedia Commons,https://commons.wikimedia.org/wiki/File:Loon_Church_facade_-_NHCP.jpg,National Historical Commission of the Philippines,Public domain,,"Cropped to remove overlaid text where present; resized so the longer side is at most 1,024 px; re-encoded as JPEG; embedded metadata removed."
TP00179,Parish Church of Nuestra Señora del Patrocinio de Maria of Boljoon,Wikimedia Commons,https://commons.wikimedia.org/wiki/File:Nuesta_Senora_de_Patrocinio_Church_of_Boljoon.jpg,MIKELAAGAN,CC BY-SA 3.0,https://creativecommons.org/licenses/by-sa/3.0,"Cropped to remove overlaid text where present; resized so the longer side is at most 1,024 px; re-encoded as JPEG; embedded metadata removed."
TP00180,Parish Church of the Holy Trinity of Loay,Wikimedia Commons,"https://commons.wikimedia.org/wiki/File:Roman_Catholic_church,_Loay,_Bohol,_Philippines.JPG",Ric V. Obedencio,CC BY-SA 3.0,https://creativecommons.org/licenses/by-sa/3.0,"Cropped to remove overlaid text where present; resized so the longer side is at most 1,024 px; re-encoded as JPEG; embedded metadata removed."
TP00181,Immaculada Concepcion de la Virgin Maria Parish Church Complex,Wikimedia Commons,https://commons.wikimedia.org/wiki/File:Baclayon_Church_with_bell_tower.jpg,Julia Sumangil,CC BY-SA 4.0,https://creativecommons.org/licenses/by-sa/4.0,"Cropped to remove overlaid text where present; resized so the longer side is at most 1,024 px; re-encoded as JPEG; embedded metadata removed."
TP00182,"Parish Church of San Agustin and Complex, the Plaza, the Old Panglao Municipio, the Escuelas de Ninos y Ninas, the Archway and Mortuary Chapel of the 19th Century Cemetery",Wikimedia Commons,https://commons.wikimedia.org/wiki/File:Panglao_Church.jpg,Lawrence Ruiz,CC BY-SA 4.0,https://creativecommons.org/licenses/by-sa/4.0,"Cropped to remove overlaid text where present; resized so the longer side is at most 1,024 px; re-encoded as JPEG; embedded metadata removed."
TP00183,Parish of Saint Augustine of Hippo of Bacong,Wikimedia Commons,https://commons.wikimedia.org/wiki/File:Bacong_Church_facade_-_3.jpg,Eugene Alvin Villar (seav),CC BY-SA 4.0,https://creativecommons.org/licenses/by-sa/4.0,"Cropped to remove overlaid text where present; resized so the longer side is at most 1,024 px; re-encoded as JPEG; embedded metadata removed."
TP00184,St. Isidore the Farmer Church,Wikimedia Commons,https://commons.wikimedia.org/wiki/File:Lazi_church_sept_2019.jpg,Billie bb,CC BY-SA 4.0,https://creativecommons.org/licenses/by-sa/4.0,"Cropped to remove overlaid text where present; resized so the longer side is at most 1,024 px; re-encoded as JPEG; embedded metadata removed."
TP00185,Parish Church of San Pedro and San Pablo of Loboc,Wikimedia Commons,https://commons.wikimedia.org/wiki/File:Loboc_church_-_panoramio.jpg,Qaalvin,CC BY 3.0,https://creativecommons.org/licenses/by/3.0,"Cropped to remove overlaid text where present; resized so the longer side is at most 1,024 px; re-encoded as JPEG; embedded metadata removed."
TP00186,Parish Church of Santa Monica of Albuquerque,Wikimedia Commons,https://commons.wikimedia.org/wiki/File:Albur_Church_Sta._Monica_Parish_Albuquerque_(9275219405).jpg,"shankar s. from Dubai, united arab emirates",CC BY 2.0,https://creativecommons.org/licenses/by/2.0,"Cropped to remove overlaid text where present; resized so the longer side is at most 1,024 px; re-encoded as JPEG; embedded metadata removed."
TP00187,Parish Church of Santo Niño of Cortes,Wikimedia Commons,https://commons.wikimedia.org/wiki/File:Corteschurch.jpg,Pinay06 at English Wikipedia,CC BY-SA 3.0,https://creativecommons.org/licenses/by-sa/3.0,"Cropped to remove overlaid text where present; resized so the longer side is at most 1,024 px; re-encoded as JPEG; embedded metadata removed."
TP00188,Parish Church of Immaculate Conception of Guiuan,Wikimedia Commons,https://commons.wikimedia.org/wiki/File:Guiuan_Church_at_night_in_April_2022.jpg,Nairb.Idi9,CC BY-SA 4.0,https://creativecommons.org/licenses/by-sa/4.0,"Cropped to remove overlaid text where present; resized so the longer side is at most 1,024 px; re-encoded as JPEG; embedded metadata removed."
TP00189,Parish Church of Saint Ignatius of Loyola of Capul,Wikimedia Commons,https://commons.wikimedia.org/wiki/File:Simbahan_ng_Capul.jpg,National Historical Commission of the Philippines,Public domain,,"Cropped to remove overlaid text where present; resized so the longer side is at most 1,024 px; re-encoded as JPEG; embedded metadata removed."
TP00190,Rocha House,Wikimedia Commons,https://commons.wikimedia.org/wiki/File:Tagbilaran_-_The_Casa_Rocha_House.jpg,Anna Lou 78,CC BY-SA 4.0,https://creativecommons.org/licenses/by-sa/4.0,"Cropped to remove overlaid text where present; resized so the longer side is at most 1,024 px; re-encoded as JPEG; embedded metadata removed."
TP00191,Yap House,Wikimedia Commons,https://commons.wikimedia.org/wiki/File:Yap-Sandiego_Ancestral_House_(C._Agustin)_-_Flickr.jpg,"Constantine Agustin from Manila, Philippines",CC BY-SA 2.0,https://creativecommons.org/licenses/by-sa/2.0,"Cropped to remove overlaid text where present; resized so the longer side is at most 1,024 px; re-encoded as JPEG; embedded metadata removed."
TP00192,Gotiaoco Building,Wikimedia Commons,"https://commons.wikimedia.org/wiki/File:Gotiaoco_Building_(P._Burgos,_Cebu_City;_09-05-2022).jpg",Patrickroque01,CC BY-SA 4.0,https://creativecommons.org/licenses/by-sa/4.0,"Cropped to remove overlaid text where present; resized so the longer side is at most 1,024 px; re-encoded as JPEG; embedded metadata removed."
TP00193,Plaza Independencia with its Intrinsic Setting Relative to its Immediate Surrounding,Wikimedia Commons,https://commons.wikimedia.org/wiki/File:Plaza_Independencia_Cebu_2013_-_Flickr.jpg,Constantine Agustin,CC BY-SA 2.0,https://creativecommons.org/licenses/by-sa/2.0,"Cropped to remove overlaid text where present; resized so the longer side is at most 1,024 px; re-encoded as JPEG; embedded metadata removed."
TP00194,Old Provincial Capitol of Antique,Wikimedia Commons,"https://commons.wikimedia.org/wiki/File:Antique_Provincial_Capitol_old_building_(Villavert_Street,_San_Jose_De_Buenavista,_Antique;_01-24-2023).jpg",Patrickroque01,CC BY-SA 4.0,https://creativecommons.org/licenses/by-sa/4.0,"Cropped to remove overlaid text where present; resized so the longer side is at most 1,024 px; re-encoded as JPEG; embedded metadata removed."
TP00195,Compania Maritima Building,Wikimedia Commons,"https://commons.wikimedia.org/wiki/File:Compania_Maritima_Building,_Cebu_City.jpg",Tubanismo,CC BY-SA 4.0,https://creativecommons.org/licenses/by-sa/4.0,"Cropped to remove overlaid text where present; resized so the longer side is at most 1,024 px; re-encoded as JPEG; embedded metadata removed."
TP00196,Cathedral of San Jose Obrero of Tagbilaran,Wikimedia Commons,https://commons.wikimedia.org/wiki/File:St._Joseph_Cathedral_Tagbilaran_001.JPG,KisekiLacroix,CC BY-SA 4.0,https://creativecommons.org/licenses/by-sa/4.0,"Cropped to remove overlaid text where present; resized so the longer side is at most 1,024 px; re-encoded as JPEG; embedded metadata removed."
TP00197,Plaza Rizal,Wikimedia Commons,"https://commons.wikimedia.org/wiki/File:Tagbilaran_Plaza_Rizal,_Cathedral_(CPG_Avenue,_Tagbilaran,_Bohol;_01-09-2023).jpg",Patrickroque01,CC BY-SA 4.0,https://creativecommons.org/licenses/by-sa/4.0,"Cropped to remove overlaid text where present; resized so the longer side is at most 1,024 px; re-encoded as JPEG; embedded metadata removed."
TP00198,Bohol Watchtowers Panglao Watchtower,Wikimedia Commons,"https://commons.wikimedia.org/wiki/File:Panglao_Watchtower_(Poblacion,_Panglao,_Bohol;_01-09-2023).jpg",Patrickroque01,CC BY-SA 4.0,https://creativecommons.org/licenses/by-sa/4.0,"Cropped to remove overlaid text where present; resized so the longer side is at most 1,024 px; re-encoded as JPEG; embedded metadata removed."
TP00199,Bohol Watchtowers Dauis Watchtower,Wikimedia Commons,https://commons.wikimedia.org/wiki/File:Dauis_watchtower.jpg,Magalhães,Public domain,,"Cropped to remove overlaid text where present; resized so the longer side is at most 1,024 px; re-encoded as JPEG; embedded metadata removed."
TP00200,Bohol Watchtowers Balilihan Watchtower,Wikimedia Commons,https://commons.wikimedia.org/wiki/File:Balilihan_watchtower_%26_belfry_in_Bohol.jpg,Bhanproud,Public domain,,"Cropped to remove overlaid text where present; resized so the longer side is at most 1,024 px; re-encoded as JPEG; embedded metadata removed."
TP00201,Fort Pilar,Wikimedia Commons,https://commons.wikimedia.org/wiki/File:Fort_Pilar_(2008).jpg,"Dennison Uy from Makati, Philippines",CC BY-SA 3.0,https://creativecommons.org/licenses/by-sa/3.0,"Cropped to remove overlaid text where present; resized so the longer side is at most 1,024 px; re-encoded as JPEG; embedded metadata removed."
TP00202,Relief Map of Mindanao,Wikimedia Commons,https://commons.wikimedia.org/wiki/File:Relief_Map_of_Mindanao_by_Jose_Rizal_in_Dapitan_City.jpg,Fung360,CC BY-SA 4.0,https://creativecommons.org/licenses/by-sa/4.0,"Cropped to remove overlaid text where present; resized so the longer side is at most 1,024 px; re-encoded as JPEG; embedded metadata removed."
TP00203,Parish Church of Immaculate Conception of Jasaan,Wikimedia Commons,"https://commons.wikimedia.org/wiki/File:Facade_of_Immaculate_Conception_Church_in_Jasaan,_Misamis_Oriental.jpg",Iamjepoi,CC BY-SA 3.0,https://creativecommons.org/licenses/by-sa/3.0,"Cropped to remove overlaid text where present; resized so the longer side is at most 1,024 px; re-encoded as JPEG; embedded metadata removed."
TP00204,Parish Church of Saint John the Baptist of Jimenez,Wikimedia Commons,https://commons.wikimedia.org/wiki/File:JC_Jimenez_Church.JPG,JJ Carpio,CC BY-SA 4.0,https://creativecommons.org/licenses/by-sa/4.0,"Cropped to remove overlaid text where present; resized so the longer side is at most 1,024 px; re-encoded as JPEG; embedded metadata removed."
TP00205,Parish Church of San Salvador del Mundo of Caraga,Wikimedia Commons,https://commons.wikimedia.org/wiki/File:Facade_of_San_Salvador_Del_Mundo_Church.jpg,Olan214,CC BY-SA 3.0,https://creativecommons.org/licenses/by-sa/3.0,"Cropped to remove overlaid text where present; resized so the longer side is at most 1,024 px; re-encoded as JPEG; embedded metadata removed."
TP00206,Archaeological Sites in Camiguin Island Sunken Cemetery,Wikimedia Commons,https://commons.wikimedia.org/wiki/File:Sunken_cemetery_Camiguin.jpg,Wolfgang Hägele,CC BY-SA 3.0,https://creativecommons.org/licenses/by-sa/3.0,"Cropped to remove overlaid text where present; resized so the longer side is at most 1,024 px; re-encoded as JPEG; embedded metadata removed."
TP00207,Aloran Municipal Plaza,Wikimedia Commons,https://commons.wikimedia.org/wiki/File:Aloran_Municipal_Plaza_and_Koi_pond.jpg,BhlJRama,CC BY-SA 4.0,https://creativecommons.org/licenses/by-sa/4.0,"Cropped to remove overlaid text where present; resized so the longer side is at most 1,024 px; re-encoded as JPEG; embedded metadata removed."
TP00208,Bangko Sentral ng Pilipinas Davao,Wikimedia Commons,"https://commons.wikimedia.org/wiki/File:Bangko_Sentral_Davao_top_view_%28Emilio_Jacinto_Ext,_Davao_City;_04-22-2024%29.jpg",Patrickroque01,CC BY-SA 4.0,https://creativecommons.org/licenses/by-sa/4.0,"Cropped to remove overlaid text where present; resized so the longer side is at most 1,024 px; re-encoded as JPEG; embedded metadata removed."
TP00209,Bank of the Philippine Islands Zamboanga,Wikimedia Commons,"https://commons.wikimedia.org/wiki/File:Bank_of_the_Philippine_Islands,_Zamboanga_City,_Mar_2026.jpg",Ralff Nestor Nacor,CC BY-SA 4.0,https://creativecommons.org/licenses/by-sa/4.0,"Cropped to remove overlaid text where present; resized so the longer side is at most 1,024 px; re-encoded as JPEG; embedded metadata removed."
TP00210,Cagayan de Oro City Hall,Wikimedia Commons,"https://commons.wikimedia.org/wiki/File:Cagayan_De_Oro_City_Hall_(Capistrano,_Cagayan_De_Oro_City;_12-08-2023).jpg",Patrickroque01,CC BY-SA 4.0,https://creativecommons.org/licenses/by-sa/4.0,"Cropped to remove overlaid text where present; resized so the longer side is at most 1,024 px; re-encoded as JPEG; embedded metadata removed."
TP00211,Casa Real (Dapitan),Wikimedia Commons,https://commons.wikimedia.org/wiki/File:Ang_Casa_Real_ng_Dapitan.jpg,National Historical Commission of the Philippines,Public domain,,"Cropped to remove overlaid text where present; resized so the longer side is at most 1,024 px; re-encoded as JPEG; embedded metadata removed."
TP00212,Davao City Hall,Wikimedia Commons,"https://commons.wikimedia.org/wiki/File:City_Hall_of_Davao_City,_Philippines_(Bro._Jeffrey_Pioquinto,_SJ)_-_Flickr.jpg","Bro. Jeffrey  Pioquinto, SJ from Dublin, Ireland, Philippines",CC BY 2.0,https://creativecommons.org/licenses/by/2.0,"Cropped to remove overlaid text where present; resized so the longer side is at most 1,024 px; re-encoded as JPEG; embedded metadata removed."
TP00213,Dipolog City Hall,Wikimedia Commons,https://commons.wikimedia.org/wiki/File:Dipolog_City_Hall.jpg,Shekinaharmenta,CC BY-SA 3.0,https://creativecommons.org/licenses/by-sa/3.0,"Cropped to remove overlaid text where present; resized so the longer side is at most 1,024 px; re-encoded as JPEG; embedded metadata removed."
TP00214,Macabalan Wharf,Wikimedia Commons,"https://commons.wikimedia.org/wiki/File:Cagayan_De_Oro_Port,_Macabalan-Lapasan_top_view_(Cagayan_De_Oro_City;_12-09-2023).jpg",Patrickroque01,CC BY-SA 4.0,https://creativecommons.org/licenses/by-sa/4.0,"Cropped to remove overlaid text where present; resized so the longer side is at most 1,024 px; re-encoded as JPEG; embedded metadata removed."
TP00215,Plaza Divisoria,Wikimedia Commons,"https://commons.wikimedia.org/wiki/File:CDO_Poblacion,_A._Velez_Street-Plaza_Divisoria,_CDO_River,_Carmen_drone_(Cagayan_De_Oro_City;_03-19-2026).jpg",Patrickroque01,CC BY-SA 4.0,https://creativecommons.org/licenses/by-sa/4.0,"Cropped to remove overlaid text where present; resized so the longer side is at most 1,024 px; re-encoded as JPEG; embedded metadata removed."
TP00216,Plaza Pershing,Wikimedia Commons,"https://commons.wikimedia.org/wiki/File:Plaza_Pershing_top_view_(Don_Pablo_Lorenzo,_Zamboanga_City;_10-12-2023).jpg",Patrickroque01,CC BY-SA 4.0,https://creativecommons.org/licenses/by-sa/4.0,"Cropped to remove overlaid text where present; resized so the longer side is at most 1,024 px; re-encoded as JPEG; embedded metadata removed."
TP00217,Sarangani Provincial Capitol,Wikimedia Commons,"https://commons.wikimedia.org/wiki/File:Provincial_Capitol,_Sarangani_Province,_Philippines.JPG",Ryan Jose Ruiz III,CC BY-SA 3.0,https://creativecommons.org/licenses/by-sa/3.0,"Cropped to remove overlaid text where present; resized so the longer side is at most 1,024 px; re-encoded as JPEG; embedded metadata removed."
TP00218,Zamboanga City Hall,Wikimedia Commons,https://commons.wikimedia.org/wiki/File:Zamboanga_City_Hall_07-07-10.JPG,MGM,CC BY-SA 3.0,https://creativecommons.org/licenses/by-sa/3.0,"Cropped to remove overlaid text where present; resized so the longer side is at most 1,024 px; re-encoded as JPEG; embedded metadata removed."
TP00219,Datu Kalun Shrine,Wikimedia Commons,https://commons.wikimedia.org/wiki/File:Pedro_Cuevas.jpg,Jjarivera,Public domain,,"Cropped to remove overlaid text where present; resized so the longer side is at most 1,024 px; re-encoded as JPEG; embedded metadata removed."
TP00220,Mount Capistrano,Wikimedia Commons,"https://commons.wikimedia.org/wiki/File:Mount_Capistrano,_Malaybalay_City,_Philippines_(Unsplash).jpg",Stephanie Ecate steffny0206,CC0,http://creativecommons.org/publicdomain/zero/1.0/deed.en,"Cropped to remove overlaid text where present; resized so the longer side is at most 1,024 px; re-encoded as JPEG; embedded metadata removed."
TP00221,Old Catarman Church Ruins,Wikimedia Commons,https://commons.wikimedia.org/wiki/File:Ruin_of_old_church_Bonbon_Catarman_Camiguin_island.jpg,Nikond80,CC BY-SA 3.0,https://creativecommons.org/licenses/by-sa/3.0,"Cropped to remove overlaid text where present; resized so the longer side is at most 1,024 px; re-encoded as JPEG; embedded metadata removed."
TP00222,Parish Church of Saint James of Dapitan,Wikimedia Commons,"https://commons.wikimedia.org/wiki/File:Saint_James_the_Greater_Parish_Dapitan_(F._Sanchez,_Dapitan,_Zamboanga_Del_Norte;_10-16-2023).jpg",Patrickroque01,CC BY-SA 4.0,https://creativecommons.org/licenses/by-sa/4.0,"Cropped to remove overlaid text where present; resized so the longer side is at most 1,024 px; re-encoded as JPEG; embedded metadata removed."
TP00223,Parish Church of San Nicolas of Mambajao,Wikimedia Commons,"https://commons.wikimedia.org/wiki/File:San_Nicolas_de_Tolentino_Church,_Camiguin_1.jpg",LloydMastermind,CC BY-SA 4.0,https://creativecommons.org/licenses/by-sa/4.0,"Cropped to remove overlaid text where present; resized so the longer side is at most 1,024 px; re-encoded as JPEG; embedded metadata removed."
TP00224,Parish Church of the Immaculate Conception of Tamontaka,Wikimedia Commons,https://commons.wikimedia.org/wiki/File:Immaculate_Conception_of_Tamontaka_Facade.JPG,Erichmercado,CC BY-SA 3.0,https://creativecommons.org/licenses/by-sa/3.0,"Cropped to remove overlaid text where present; resized so the longer side is at most 1,024 px; re-encoded as JPEG; embedded metadata removed."
TP00226,Saint Augustine Metropolitan Cathedral and Garden,Wikimedia Commons,https://commons.wikimedia.org/wiki/File:Saint_Agustine_Cathedral_(Cagayan_de_Oro;_11-27-2021).jpg,patrickroque01,CC BY-SA 4.0,https://creativecommons.org/licenses/by-sa/4.0,"Cropped to remove overlaid text where present; resized so the longer side is at most 1,024 px; re-encoded as JPEG; embedded metadata removed."
TP00227,San Pedro Cathedral,Wikimedia Commons,https://commons.wikimedia.org/wiki/File:San_Pedro_Cathedral_Davao_front.jpg,Iloilo Wanderer,CC BY-SA 3.0,https://creativecommons.org/licenses/by-sa/3.0,"Cropped to remove overlaid text where present; resized so the longer side is at most 1,024 px; re-encoded as JPEG; embedded metadata removed."
TP00228,Santa Isabel Cathedral,Wikimedia Commons,https://commons.wikimedia.org/wiki/File:Sta._Isabel_de_Basilan.JPG,Skyeraeder,Public domain,,"Cropped to remove overlaid text where present; resized so the longer side is at most 1,024 px; re-encoded as JPEG; embedded metadata removed."
TP00229,Sheik Karimul Makhdum Mosque,Wikimedia Commons,https://commons.wikimedia.org/wiki/File:Sheikh_Karimul_Makhdum_Mosque_BIO_file_photo.jpg,Laila Aripin for the Bangsamoro Information Office (BIO),Public domain,,"Cropped to remove overlaid text where present; resized so the longer side is at most 1,024 px; re-encoded as JPEG; embedded metadata removed."
TP00230,Talungsangay Mosque,Wikimedia Commons,https://commons.wikimedia.org/wiki/File:Taluksangay_Mosque_(Zamboanga_City;_10-12-2023).jpg,Patrickroque01,CC BY-SA 4.0,https://creativecommons.org/licenses/by-sa/4.0,"Cropped to remove overlaid text where present; resized so the longer side is at most 1,024 px; re-encoded as JPEG; embedded metadata removed."
TP00231,Bagbag Bridge,Wikimedia Commons,"https://commons.wikimedia.org/wiki/File:9806Renovation_of_the_old_Bagbag_Bridge,_Calumpit_09.jpg",Judgefloro,CC0,http://creativecommons.org/publicdomain/zero/1.0/deed.en,"Cropped to remove overlaid text where present; resized so the longer side is at most 1,024 px; re-encoded as JPEG; embedded metadata removed."
TP00232,Mabini Bridge,Wikimedia Commons,https://commons.wikimedia.org/wiki/File:03715jfMabini_Bridge_Pasig_River_San_Miguel_Nagtahan_Street_Sampaloc_Manilafvf_19.jpg,Judgefloro,Public domain,,"Cropped to remove overlaid text where present; resized so the longer side is at most 1,024 px; re-encoded as JPEG; embedded metadata removed."
TP00233,San Juan Bridge,Wikimedia Commons,https://commons.wikimedia.org/wiki/File:02587jfBarangays_Progeso_Rivera_San_Juan_River_Bridge_Welcome_Arch_Cityfvf_23.jpg,Judgefloro,Public domain,,"Cropped to remove overlaid text where present; resized so the longer side is at most 1,024 px; re-encoded as JPEG; embedded metadata removed."
TP00234,Santa Cruz Bridge,Wikimedia Commons,"https://commons.wikimedia.org/wiki/File:MacArthur_Bridge,_Santa_Cruz,_Manila,_Jun_2024.jpg",Ralff Nestor Nacor,CC BY-SA 4.0,https://creativecommons.org/licenses/by-sa/4.0,"Cropped to remove overlaid text where present; resized so the longer side is at most 1,024 px; re-encoded as JPEG; embedded metadata removed."
TP00235,Aniano Adasa House,Wikimedia Commons,"https://commons.wikimedia.org/wiki/File:Aniano_Adasa_Ancestral_House_(J._Bracken,_Dapitan,_Zamboanga_Del_Norte;_10-16-2023).jpg",Patrickroque01,CC BY-SA 4.0,https://creativecommons.org/licenses/by-sa/4.0,"Cropped to remove overlaid text where present; resized so the longer side is at most 1,024 px; re-encoded as JPEG; embedded metadata removed."
TP00236,Macapagal-Macaraeg Heritage House,Wikimedia Commons,https://commons.wikimedia.org/wiki/File:Macapagal-Macaraeg_House_(78190).jpg,MadayawDavao,CC BY-SA 4.0,https://creativecommons.org/licenses/by-sa/4.0,"Cropped to remove overlaid text where present; resized so the longer side is at most 1,024 px; re-encoded as JPEG; embedded metadata removed."
TP00237,Vega Ancestral House,Wikimedia Commons,https://commons.wikimedia.org/wiki/File:JC_Balingasag_52.JPG,JJ Carpio,CC BY-SA 4.0,https://creativecommons.org/licenses/by-sa/4.0,"Cropped to remove overlaid text where present; resized so the longer side is at most 1,024 px; re-encoded as JPEG; embedded metadata removed."
TP00238,Del Monte Airstrip,Wikimedia Commons,https://commons.wikimedia.org/wiki/File:MacArthur_Monument_in_Bukidnon.JPG,Gelynch52ph,CC BY-SA 3.0,https://creativecommons.org/licenses/by-sa/3.0,"Cropped to remove overlaid text where present; resized so the longer side is at most 1,024 px; re-encoded as JPEG; embedded metadata removed."
TP00239,Fuerte de la Concepcion y del Triunfo,Wikimedia Commons,https://commons.wikimedia.org/wiki/File:Fuerte_de_la_Concepcion_y_del_Triunfo.jpg,Theglennpalacio,CC BY-SA 4.0,https://creativecommons.org/licenses/by-sa/4.0,"Cropped to remove overlaid text where present; resized so the longer side is at most 1,024 px; re-encoded as JPEG; embedded metadata removed."
TP00240,Mga Guho ng Tanggulan ng Marorong,Wikimedia Commons,https://commons.wikimedia.org/wiki/File:Mga_Guho_ng_Tanggulan_ng_Marorong_historical_marker_vicinity.jpg,National Historical Commission of the Philippines,Public domain,,"Cropped to remove overlaid text where present; resized so the longer side is at most 1,024 px; re-encoded as JPEG; embedded metadata removed."
TP00241,Mga Guho ng Kuta ng Tukuran,Wikimedia Commons,https://commons.wikimedia.org/wiki/File:Fort_Militar_1.jpg,Markenriquez76,CC BY-SA 4.0,https://creativecommons.org/licenses/by-sa/4.0,"Cropped to remove overlaid text where present; resized so the longer side is at most 1,024 px; re-encoded as JPEG; embedded metadata removed."
TP00242,Ysalina Bridge,Wikimedia Commons,"https://commons.wikimedia.org/wiki/File:Gov._Ysalina_Bridge,_CDO_River,_CDO_City_Hall_Annex_drone_(Cagayan_De_Oro_City;_03-19-2026).jpg",Patrickroque01,CC BY-SA 4.0,https://creativecommons.org/licenses/by-sa/4.0,"Cropped to remove overlaid text where present; resized so the longer side is at most 1,024 px; re-encoded as JPEG; embedded metadata removed."
TP00243,Governor Generoso Bridge,Wikimedia Commons,https://commons.wikimedia.org/wiki/File:Bankerohan_Bridge_(Davao_City;_11-26-2021).jpg,patrickroque01,CC BY-SA 4.0,https://creativecommons.org/licenses/by-sa/4.0,"Cropped to remove overlaid text where present; resized so the longer side is at most 1,024 px; re-encoded as JPEG; embedded metadata removed."
TP00244,Koronadal Roundball,Wikimedia Commons,"https://commons.wikimedia.org/wiki/File:Koronadal_Poblacion,_Gensan_Drive-Marbel_Roundball_northbound_(Koronadal,_South_Kotabato;_08-14-2023).jpg",Patrickroque01,CC BY-SA 4.0,https://creativecommons.org/licenses/by-sa/4.0,"Cropped to remove overlaid text where present; resized so the longer side is at most 1,024 px; re-encoded as JPEG; embedded metadata removed."
TP00245,Aliwagwag Falls,Wikimedia Commons,https://commons.wikimedia.org/wiki/File:Aliwagwag_Falls_Circa_2015.jpg,Andre Lloyd Torres,CC BY-SA 4.0,https://creativecommons.org/licenses/by-sa/4.0,"Cropped to remove overlaid text where present; resized so the longer side is at most 1,024 px; re-encoded as JPEG; embedded metadata removed."
TP00246,Kaamulan Park,Wikimedia Commons,https://commons.wikimedia.org/wiki/File:Kaamulan_ground_malaybalay_city.JPG,Bayronnoel,CC BY-SA 3.0,https://creativecommons.org/licenses/by-sa/3.0,"Cropped to remove overlaid text where present; resized so the longer side is at most 1,024 px; re-encoded as JPEG; embedded metadata removed."
TP00247,Pasonanca Park,Wikimedia Commons,https://commons.wikimedia.org/wiki/File:Jardin_Maria_Clara_Llobregat_(12).JPG,Wowzamboangacity,CC BY 3.0,https://creativecommons.org/licenses/by/3.0,"Cropped to remove overlaid text where present; resized so the longer side is at most 1,024 px; re-encoded as JPEG; embedded metadata removed."
TP00248,Pearl Farm Resort,Wikimedia Commons,https://commons.wikimedia.org/wiki/File:Pearl_Farm_Davao_Philippines_2.jpg,Jimboyperez,CC BY-SA 4.0,https://creativecommons.org/licenses/by-sa/4.0,"Cropped to remove overlaid text where present; resized so the longer side is at most 1,024 px; re-encoded as JPEG; embedded metadata removed."
TP00249,Gaston Park,Wikimedia Commons,"https://commons.wikimedia.org/wiki/File:Gaston_Park_fountain_sunset_(Capistrano,_Cagayan_De_Oro_City;_12-06-2023).jpg",Patrickroque01,CC BY-SA 4.0,https://creativecommons.org/licenses/by-sa/4.0,"Cropped to remove overlaid text where present; resized so the longer side is at most 1,024 px; re-encoded as JPEG; embedded metadata removed."
TP00250,Magsaysay Park,Wikimedia Commons,https://commons.wikimedia.org/wiki/File:Magsaysay_Park_marker.jpg,MadayawDavao,CC BY-SA 4.0,https://creativecommons.org/licenses/by-sa/4.0,"Cropped to remove overlaid text where present; resized so the longer side is at most 1,024 px; re-encoded as JPEG; embedded metadata removed."
TP00251,Pedro C. Dolores Elementary School,Wikimedia Commons,https://commons.wikimedia.org/wiki/File:232Tomas_Claudio_Road_Morong_28.jpg,Judgefloro,CC0,http://creativecommons.org/publicdomain/zero/1.0/deed.en,"Cropped to remove overlaid text where present; resized so the longer side is at most 1,024 px; re-encoded as JPEG; embedded metadata removed."
TP00252,Western Mindanao State University,Wikimedia Commons,"https://commons.wikimedia.org/wiki/File:Western_Mindanao_State_University_College_of_Teacher_Education_(Normal_Road,_Baliwasan,_Zamboanga_City;_10-06-2023).jpg",Patrickroque01,CC BY-SA 4.0,https://creativecommons.org/licenses/by-sa/4.0,"Cropped to remove overlaid text where present; resized so the longer side is at most 1,024 px; re-encoded as JPEG; embedded metadata removed."
TP00253,Central Mindanao University,Wikimedia Commons,"https://commons.wikimedia.org/wiki/File:Central_Mindanao_University,_entrance_gate.jpg",Kleomarlo,CC BY 3.0,https://creativecommons.org/licenses/by/3.0,"Cropped to remove overlaid text where present; resized so the longer side is at most 1,024 px; re-encoded as JPEG; embedded metadata removed."
TP00255,Liberation Institute,Wikimedia Commons,https://commons.wikimedia.org/wiki/File:Liberation_Institute.PNG,Floresa816,CC BY-SA 3.0,https://creativecommons.org/licenses/by-sa/3.0,"Cropped to remove overlaid text where present; resized so the longer side is at most 1,024 px; re-encoded as JPEG; embedded metadata removed."
TP00256,Old Rizal Memorial District Hospital,Wikimedia Commons,"https://commons.wikimedia.org/wiki/File:Dapitan_Sangguniang_Panglungsod_(F._Saguin,_Dapitan,_Zamboanga_Del_Norte;_10-16-2023).jpg",Patrickroque01,CC BY-SA 4.0,https://creativecommons.org/licenses/by-sa/4.0,"Cropped to remove overlaid text where present; resized so the longer side is at most 1,024 px; re-encoded as JPEG; embedded metadata removed."
TP00257,Prosperity Archway (Davao Chinatown),Wikimedia Commons,https://commons.wikimedia.org/wiki/File:Davao_Chinatown_Prosperity_Archway_Facade.jpg,Iamharleyas,CC BY-SA 4.0,https://creativecommons.org/licenses/by-sa/4.0,"Cropped to remove overlaid text where present; resized so the longer side is at most 1,024 px; re-encoded as JPEG; embedded metadata removed."
TP00258,Pook na Pinaglibingan ng Labimpitong Pilipinong Martir sa Koronadal,Wikimedia Commons,https://commons.wikimedia.org/wiki/File:Seventeen_Martyrs_of_Koronadal_historical_marker.jpg,City Government of Koronadal,Public domain,,"Cropped to remove overlaid text where present; resized so the longer side is at most 1,024 px; re-encoded as JPEG; embedded metadata removed."
TP00259,Ohta Kyozaburo Monument,Wikimedia Commons,https://commons.wikimedia.org/wiki/File:Ohta_Kyozaburo_Monument.jpg,National Historical Commission of the Philippines,Public domain,,"Cropped to remove overlaid text where present; resized so the longer side is at most 1,024 px; re-encoded as JPEG; embedded metadata removed."
TP00260,Sultan Dipatuan Kudarat Monument,Wikimedia Commons,https://commons.wikimedia.org/wiki/File:Sultan_Dipatuan_Kudarat_-_Cotabato_City.jpg,Jahwulf935,CC BY-SA 4.0,https://creativecommons.org/licenses/by-sa/4.0,"Cropped to remove overlaid text where present; resized so the longer side is at most 1,024 px; re-encoded as JPEG; embedded metadata removed."
TP00261,General Paulino Santos Monument,Wikimedia Commons,https://commons.wikimedia.org/wiki/File:Monument_of_Gen._Paulino_Santos.jpg,Thecl2499,CC BY-SA 3.0,https://creativecommons.org/licenses/by-sa/3.0,"Cropped to remove overlaid text where present; resized so the longer side is at most 1,024 px; re-encoded as JPEG; embedded metadata removed."
TP00262,Site Where Rizal Left for Manila,Wikimedia Commons,https://commons.wikimedia.org/wiki/File:Where_Rizal_Left_for_Manila.jpg,National Historical Commission of the Philippines,Public domain,,"Cropped to remove overlaid text where present; resized so the longer side is at most 1,024 px; re-encoded as JPEG; embedded metadata removed."
TP00263,Monument of Peace and Unity,Wikimedia Commons,https://commons.wikimedia.org/wiki/File:San_Pedro_Davao.jpg,Franz28,CC BY-SA 3.0,https://creativecommons.org/licenses/by-sa/3.0,"Cropped to remove overlaid text where present; resized so the longer side is at most 1,024 px; re-encoded as JPEG; embedded metadata removed."
TP00264,Unity Archway (Davao Chinatown),Wikimedia Commons,https://commons.wikimedia.org/wiki/File:Davao_Chinatown_Unity_Archway_Facade.jpg,Iamharleyas,CC BY-SA 4.0,https://creativecommons.org/licenses/by-sa/4.0,"Cropped to remove overlaid text where present; resized so the longer side is at most 1,024 px; re-encoded as JPEG; embedded metadata removed."
TP00265,Silay Old Seaport Ruins,Wikimedia Commons,https://commons.wikimedia.org/wiki/File:Ruins_of_Old_port_in_Silay.jpg,Kramthenik27,CC BY-SA 4.0,https://creativecommons.org/licenses/by-sa/4.0,"Cropped to remove overlaid text where present; resized so the longer side is at most 1,024 px; re-encoded as JPEG; embedded metadata removed."
TP00266,URC La Carlota,Wikimedia Commons,"https://commons.wikimedia.org/wiki/File:URC_La_Carlota_Sugar_Mill_(RSB,_La_Carlota,_Negros_Occidental;_10-20-2023).jpg",Patrickroque01,CC BY-SA 4.0,https://creativecommons.org/licenses/by-sa/4.0,"Cropped to remove overlaid text where present; resized so the longer side is at most 1,024 px; re-encoded as JPEG; embedded metadata removed."
TP00267,Capul Lighthouse,Wikimedia Commons,https://commons.wikimedia.org/wiki/File:Capul_lighthouse.jpg,National Historical Commission of the Philippines,Public domain,,"Cropped to remove overlaid text where present; resized so the longer side is at most 1,024 px; re-encoded as JPEG; embedded metadata removed."
TP00268,Ishiwata Bath House,Wikimedia Commons,"https://commons.wikimedia.org/wiki/File:Ishiwata_Bath_House,_Mambukal.JPG",Elmer B. Domingo,CC BY-SA 3.0,https://creativecommons.org/licenses/by-sa/3.0,"Cropped to remove overlaid text where present; resized so the longer side is at most 1,024 px; re-encoded as JPEG; embedded metadata removed."
TP00269,Hoskyn's Building,Wikimedia Commons,https://commons.wikimedia.org/wiki/File:Old_Hoskyn%27s_Building.jpg,Herbertkikoy,CC BY-SA 4.0,https://creativecommons.org/licenses/by-sa/4.0,"Cropped to remove overlaid text where present; resized so the longer side is at most 1,024 px; re-encoded as JPEG; embedded metadata removed."
TP00270,Guisi Lighthouse,Wikimedia Commons,https://commons.wikimedia.org/wiki/File:Guisi_Lighthouse_4.jpg,Iloilo Wanderer,CC BY-SA 3.0,https://creativecommons.org/licenses/by-sa/3.0,"Cropped to remove overlaid text where present; resized so the longer side is at most 1,024 px; re-encoded as JPEG; embedded metadata removed."
TP00271,Bagacay Point Lighthouse Historical Landmark,Wikimedia Commons,https://commons.wikimedia.org/wiki/File:Bagacay_Point_Lighthouse_2022_01_002.jpg,Martin Michlmayr,CC BY-SA 4.0,https://creativecommons.org/licenses/by-sa/4.0,"Cropped to remove overlaid text where present; resized so the longer side is at most 1,024 px; re-encoded as JPEG; embedded metadata removed."
TP00272,El Gran Baluarte,Wikimedia Commons,"https://commons.wikimedia.org/wiki/File:El_Gran_Baluarte_de_Boljoon_(Cebu_South_Road,_Bonjoon,_Cebu;_01-18-2023).jpg",Patrickroque01,CC BY-SA 4.0,https://creativecommons.org/licenses/by-sa/4.0,"Cropped to remove overlaid text where present; resized so the longer side is at most 1,024 px; re-encoded as JPEG; embedded metadata removed."
TP00274,Ker and Co. Building,Wikimedia Commons,https://commons.wikimedia.org/wiki/File:Bahay_Kalakal_ng_Ker_%26_Company_Ltd._03.jpg,National Historical Commission of the Philippines,Public domain,,"Cropped to remove overlaid text where present; resized so the longer side is at most 1,024 px; re-encoded as JPEG; embedded metadata removed."
TP00275,Victorias Milling Company,Wikimedia Commons,"https://commons.wikimedia.org/wiki/File:Victorias_Milling_Company_(Victorias,_Negros_Occidental;_10-30-2022).jpg",Patrickroque01,Public domain,,"Cropped to remove overlaid text where present; resized so the longer side is at most 1,024 px; re-encoded as JPEG; embedded metadata removed."
TP00276,Regent Arcade,Wikimedia Commons,https://commons.wikimedia.org/wiki/File:Old_Business_Buildings_in_Iloilo_09.jpg,Herbertkikoy,CC BY-SA 4.0,https://creativecommons.org/licenses/by-sa/4.0,"Cropped to remove overlaid text where present; resized so the longer side is at most 1,024 px; re-encoded as JPEG; embedded metadata removed."
TP00277,Colon Street,Wikimedia Commons,"https://commons.wikimedia.org/wiki/File:Colon_Street,_Cebu_City,_Philippines.jpg",Adamdaley,CC BY-SA 3.0,https://creativecommons.org/licenses/by-sa/3.0,"Cropped to remove overlaid text where present; resized so the longer side is at most 1,024 px; re-encoded as JPEG; embedded metadata removed."
TP00278,Datu Paiburong Statue,Wikimedia Commons,https://commons.wikimedia.org/wiki/File:Datu_Paiburong_Statue.jpg,Johngaje92,CC BY-SA 4.0,https://creativecommons.org/licenses/by-sa/4.0,"Cropped to remove overlaid text where present; resized so the longer side is at most 1,024 px; re-encoded as JPEG; embedded metadata removed."
TP00279,German Lacson Gaston Heritage House,Wikimedia Commons,https://commons.wikimedia.org/wiki/File:German_Lacson_Ancestral_House.jpg,National Historical Commission of the Philippines (NHCP),Public domain,,"Cropped to remove overlaid text where present; resized so the longer side is at most 1,024 px; re-encoded as JPEG; embedded metadata removed."
TP00280,Rosendo Mejica Historical Landmark,Wikimedia Commons,"https://commons.wikimedia.org/wiki/File:Rosenda_Mejica_House,_Iloilo.jpg",Robert Hammerslag,CC BY-SA 3.0,https://creativecommons.org/licenses/by-sa/3.0,"Cropped to remove overlaid text where present; resized so the longer side is at most 1,024 px; re-encoded as JPEG; embedded metadata removed."
TP00281,Nicolas Vergara House,Wikimedia Commons,https://commons.wikimedia.org/wiki/File:Nicolas_Vergara_Ancestral_House.jpg,Franz Miko Verzon,CC BY-SA 4.0,https://creativecommons.org/licenses/by-sa/4.0,"Cropped to remove overlaid text where present; resized so the longer side is at most 1,024 px; re-encoded as JPEG; embedded metadata removed."
TP00282,Roca Encantada Heritage House,Wikimedia Commons,https://commons.wikimedia.org/wiki/File:Roca_Encantada_House.jpg,Peter ang01,CC BY-SA 3.0,https://creativecommons.org/licenses/by-sa/3.0,"Cropped to remove overlaid text where present; resized so the longer side is at most 1,024 px; re-encoded as JPEG; embedded metadata removed."
TP00283,Carlos Javelosa Jalandoni Heritage House,Wikimedia Commons,https://commons.wikimedia.org/wiki/File:Carlos_Javelosa_Jalandoni_Heritage_House.jpg,Jonathan Blaza,CC BY-SA 4.0,https://creativecommons.org/licenses/by-sa/4.0,"Cropped to remove overlaid text where present; resized so the longer side is at most 1,024 px; re-encoded as JPEG; embedded metadata removed."
TP00284,Ang Bahay ni Hechanova,Wikimedia Commons,https://commons.wikimedia.org/wiki/File:Hechanova_Ancestral_House_01.jpg,National Historical Commission of the Philippines,Public domain,,"Cropped to remove overlaid text where present; resized so the longer side is at most 1,024 px; re-encoded as JPEG; embedded metadata removed."
TP00285,German Locsin Unson Heritage House,Wikimedia Commons,https://commons.wikimedia.org/wiki/File:German_Locsin_Unson_Ancestral_House.jpg,National Historical Commission of the Philippines,Public domain,,"Cropped to remove overlaid text where present; resized so the longer side is at most 1,024 px; re-encoded as JPEG; embedded metadata removed."
TP00286,Benita Jara Heritage House,Wikimedia Commons,"https://commons.wikimedia.org/wiki/File:Benita_Jara_House_(Gamboa,_Silay,_Negros_Occidental;_10-27-2022).jpg",Patrickroque01,CC BY-SA 4.0,https://creativecommons.org/licenses/by-sa/4.0,"Cropped to remove overlaid text where present; resized so the longer side is at most 1,024 px; re-encoded as JPEG; embedded metadata removed."
TP00287,Maria Paras House,Wikimedia Commons,https://commons.wikimedia.org/wiki/File:Maria_Paras_Ancestral_House.jpg,Franz Miko Verzon,CC BY-SA 4.0,https://creativecommons.org/licenses/by-sa/4.0,"Cropped to remove overlaid text where present; resized so the longer side is at most 1,024 px; re-encoded as JPEG; embedded metadata removed."
TP00288,San Juanico Bridge,Wikimedia Commons,"https://commons.wikimedia.org/wiki/File:2025-12-12_%E2%80%93_PBBM_partially_reopens_San_Juanico_Bridge_to_two-way_traffic,_assures_full_bridge_rehabilitation_by_next_year_(05).jpg",Presidential Communications Office,Public domain,,"Cropped to remove overlaid text where present; resized so the longer side is at most 1,024 px; re-encoded as JPEG; embedded metadata removed."
TP00289,Forbes' Bridge,Wikimedia Commons,https://commons.wikimedia.org/wiki/File:Forbes_Bridge.jpg,Mhlayson,CC BY-SA 4.0,https://creativecommons.org/licenses/by-sa/4.0,"Cropped to remove overlaid text where present; resized so the longer side is at most 1,024 px; re-encoded as JPEG; embedded metadata removed."
TP00290,Carpenter's Bridge,Wikimedia Commons,https://commons.wikimedia.org/wiki/File:Carpenter%27s_Bridge.jpg,Constantine Agustin,CC BY-SA 2.0,https://creativecommons.org/licenses/by-sa/2.0,"Cropped to remove overlaid text where present; resized so the longer side is at most 1,024 px; re-encoded as JPEG; embedded metadata removed."
TP00291,Tay-Tay Boni,Wikimedia Commons,https://commons.wikimedia.org/wiki/File:Taytay_Boni.jpg,A.C.T. Alejandre,CC BY-SA 4.0,https://creativecommons.org/licenses/by-sa/4.0,"Cropped to remove overlaid text where present; resized so the longer side is at most 1,024 px; re-encoded as JPEG; embedded metadata removed."
TP00292,Burauen Municipal Building,Wikimedia Commons,"https://commons.wikimedia.org/wiki/File:Municipal_Hall_of_Burauen,_Leyte.jpg",Mikko Agustin,CC0,http://creativecommons.org/publicdomain/zero/1.0/deed.en,"Cropped to remove overlaid text where present; resized so the longer side is at most 1,024 px; re-encoded as JPEG; embedded metadata removed."
TP00293,Argao Hall of Justice,Wikimedia Commons,"https://commons.wikimedia.org/wiki/File:Argao_Hall_of_Justice_(Rizal_Street,_Argao,_Cebu;_01-18-2023).jpg",Patrickroque01,CC BY-SA 4.0,https://creativecommons.org/licenses/by-sa/4.0,"Cropped to remove overlaid text where present; resized so the longer side is at most 1,024 px; re-encoded as JPEG; embedded metadata removed."
TP00294,Leyte Provincial Capitol Historical Landmark,Wikimedia Commons,https://commons.wikimedia.org/wiki/File:Leyte_Provincial_Capitol_2.JPG,Morten Nærbøe,CC BY-SA 3.0,https://creativecommons.org/licenses/by-sa/3.0,"Cropped to remove overlaid text where present; resized so the longer side is at most 1,024 px; re-encoded as JPEG; embedded metadata removed."
TP00295,Eugenio Lopez Memorial Hall,Wikimedia Commons,https://commons.wikimedia.org/wiki/File:Eugenio_Lopez_Memorial_Hall.jpg,Rockefellera22ount,CC BY-SA 4.0,https://creativecommons.org/licenses/by-sa/4.0,"Cropped to remove overlaid text where present; resized so the longer side is at most 1,024 px; re-encoded as JPEG; embedded metadata removed."
TP00296,Miagao Town Plaza,Wikimedia Commons,"https://commons.wikimedia.org/wiki/File:Miagao_Town_Plaza,_Iloilo,_Aug_2024.jpg",Ralff Nestor Nacor,CC BY-SA 4.0,https://creativecommons.org/licenses/by-sa/4.0,"Cropped to remove overlaid text where present; resized so the longer side is at most 1,024 px; re-encoded as JPEG; embedded metadata removed."
TP00297,Silay City Public Plaza,Wikimedia Commons,"https://commons.wikimedia.org/wiki/File:Silay_Public_Plaza_with_cathedral_(Rizal_Street,_Silay,_Negros_Occidental;_10-30-2022).jpg",Patrickroque01,CC BY-SA 4.0,https://creativecommons.org/licenses/by-sa/4.0,"Cropped to remove overlaid text where present; resized so the longer side is at most 1,024 px; re-encoded as JPEG; embedded metadata removed."
TP00298,Tacloban City Convention Center,Wikimedia Commons,https://commons.wikimedia.org/wiki/File:Astrodome_Tacloban_City.JPG,Morten Nærbøe,CC BY-SA 3.0,https://creativecommons.org/licenses/by-sa/3.0,"Cropped to remove overlaid text where present; resized so the longer side is at most 1,024 px; re-encoded as JPEG; embedded metadata removed."
TP00299,Carcar Rotunda,Wikimedia Commons,https://commons.wikimedia.org/wiki/File:Carcar_City_Cebu_Rotunda_-_Flickr.jpg,"Constantine Agustin from Manila, Philippines",CC BY-SA 2.0,https://creativecommons.org/licenses/by-sa/2.0,"Cropped to remove overlaid text where present; resized so the longer side is at most 1,024 px; re-encoded as JPEG; embedded metadata removed."
TP00300,Himamaylan City Public Plaza,Wikimedia Commons,https://commons.wikimedia.org/wiki/File:HimamaylanCityPublicPlaza.jpg,NedAnthony,CC BY-SA 4.0,https://creativecommons.org/licenses/by-sa/4.0,"Cropped to remove overlaid text where present; resized so the longer side is at most 1,024 px; re-encoded as JPEG; embedded metadata removed."
TP00301,Bago City Plaza,Wikimedia Commons,https://commons.wikimedia.org/wiki/File:Public_Plaza_in_Bago_City.jpg,Hptina24,CC BY-SA 4.0,https://creativecommons.org/licenses/by-sa/4.0,"Cropped to remove overlaid text where present; resized so the longer side is at most 1,024 px; re-encoded as JPEG; embedded metadata removed."
TP00302,La Carlota City Hall,Wikimedia Commons,"https://commons.wikimedia.org/wiki/File:La_Carlota_City_Hall_(Yunque,_La_Carlota,_Negros_Occidental;_10-20-2023).jpg",Patrickroque01,CC BY-SA 4.0,https://creativecommons.org/licenses/by-sa/4.0,"Cropped to remove overlaid text where present; resized so the longer side is at most 1,024 px; re-encoded as JPEG; embedded metadata removed."
TP00303,Gaisano Country Mall,Wikimedia Commons,https://commons.wikimedia.org/wiki/File:Gaisano_Country_Mall_(2023-09-10).jpg,PaulGorduiz106,CC BY-SA 4.0,https://creativecommons.org/licenses/by-sa/4.0,"Cropped to remove overlaid text where present; resized so the longer side is at most 1,024 px; re-encoded as JPEG; embedded metadata removed."
TP00304,Bacolod Public Plaza,Wikimedia Commons,"https://commons.wikimedia.org/wiki/File:Bacolod_Public_Plaza_Bandstand_(Bacolod,_Negros_Occidental;_10-23-2022).jpg",Patrickroque01,CC BY-SA 4.0,https://creativecommons.org/licenses/by-sa/4.0,"Cropped to remove overlaid text where present; resized so the longer side is at most 1,024 px; re-encoded as JPEG; embedded metadata removed."
TP00305,Molo Plaza,Wikimedia Commons,"https://commons.wikimedia.org/wiki/File:Molo_Church,_Molo_Plaza_wide_dusk_lighted_(Molo,_Iloilo_City;_01-25-2023).jpg",Patrickroque01,CC BY-SA 4.0,https://creativecommons.org/licenses/by-sa/4.0,"Cropped to remove overlaid text where present; resized so the longer side is at most 1,024 px; re-encoded as JPEG; embedded metadata removed."
TP00306,Cebu Provincial Capitol Historical Landmark,Wikimedia Commons,https://commons.wikimedia.org/wiki/File:Cebu_Capitol_Compund.jpg,Andrewhaimerl,CC BY-SA 4.0,https://creativecommons.org/licenses/by-sa/4.0,"Cropped to remove overlaid text where present; resized so the longer side is at most 1,024 px; re-encoded as JPEG; embedded metadata removed."
TP00307,Cadiz City Hall,Wikimedia Commons,https://commons.wikimedia.org/wiki/File:Cadiz_City_Hall_2.jpg,FilBox101,CC BY-SA 4.0,https://creativecommons.org/licenses/by-sa/4.0,"Cropped to remove overlaid text where present; resized so the longer side is at most 1,024 px; re-encoded as JPEG; embedded metadata removed."
TP00308,Old Valentine Hall,Wikimedia Commons,https://commons.wikimedia.org/wiki/File:Valentine_Hall_of_Central_Philippine_University.jpg,Americana22ount,CC BY-SA 4.0,https://creativecommons.org/licenses/by-sa/4.0,"Cropped to remove overlaid text where present; resized so the longer side is at most 1,024 px; re-encoded as JPEG; embedded metadata removed."
TP00309,Roxas Hall,Wikimedia Commons,https://commons.wikimedia.org/wiki/File:Roxas_City_Hall.jpg,InLocoMagistra,CC BY-SA 4.0,https://creativecommons.org/licenses/by-sa/4.0,"Cropped to remove overlaid text where present; resized so the longer side is at most 1,024 px; re-encoded as JPEG; embedded metadata removed."
TP00310,Iloilo Customs House Building,Wikimedia Commons,https://commons.wikimedia.org/wiki/File:Aduana_de_Iloilo_(Iloilo_Customs_House)_(cropped).jpg,Americana22ount,CC BY-SA 4.0,https://creativecommons.org/licenses/by-sa/4.0,"Cropped to remove overlaid text where present; resized so the longer side is at most 1,024 px; re-encoded as JPEG; embedded metadata removed."
TP00311,Iloilo Freedom Grandstand,Wikimedia Commons,https://commons.wikimedia.org/wiki/File:Iloilo_Freedom_Grandstand.jpg,A.C.T. Alejandre,CC BY-SA 4.0,https://creativecommons.org/licenses/by-sa/4.0,"Cropped to remove overlaid text where present; resized so the longer side is at most 1,024 px; re-encoded as JPEG; embedded metadata removed."
TP00312,Pastrana Park,Wikimedia Commons,"https://commons.wikimedia.org/wiki/File:Kalibo_Pastrana_Park_(Kalibo,_Aklan;_10-20-2022).jpg",Patrickroque01,CC BY-SA 4.0,https://creativecommons.org/licenses/by-sa/4.0,"Cropped to remove overlaid text where present; resized so the longer side is at most 1,024 px; re-encoded as JPEG; embedded metadata removed."
TP00313,Balantang Memorial Cemetery National Shrine,Wikimedia Commons,https://commons.wikimedia.org/wiki/File:Balantang_Memorial_Cemetery_National_Shrine_entrance_arch_and_Philippine_flag_at_half_mast.jpg,Alvin Casitas,CC BY-SA 4.0,https://creativecommons.org/licenses/by-sa/4.0,"Cropped to remove overlaid text where present; resized so the longer side is at most 1,024 px; re-encoded as JPEG; embedded metadata removed."
TP00314,Jaro Plaza,Wikimedia Commons,https://commons.wikimedia.org/wiki/File:Plaza_Jaro_(Graciano_Lopez_Jaena_Park).jpg,Johngaje92,CC0,http://creativecommons.org/publicdomain/zero/1.0/deed.en,"Cropped to remove overlaid text where present; resized so the longer side is at most 1,024 px; re-encoded as JPEG; embedded metadata removed."
TP00315,Ang Pagdaong ng USS Crevalle,Wikimedia Commons,https://commons.wikimedia.org/wiki/File:Ang_Pagdaong_ng_USS_Crevalle_location_-_NHCP.jpg,National Historical Commission of the Philippines,Public domain,,"Cropped to remove overlaid text where present; resized so the longer side is at most 1,024 px; re-encoded as JPEG; embedded metadata removed."
TP00316,Bantayan ng Biliran,Wikimedia Commons,https://commons.wikimedia.org/wiki/File:Bantayan_ng_Biliran.jpg,National Historical Commission of the Philippines,Public domain,,"Cropped to remove overlaid text where present; resized so the longer side is at most 1,024 px; re-encoded as JPEG; embedded metadata removed."
TP00317,Punta Cruz Watchtower Historical Landmark,Wikimedia Commons,"https://commons.wikimedia.org/wiki/File:Punta_Cruz_Watchtower,_Maribojoc,_Bohol_in_2025.jpg",A.C.T. Alejandre,CC BY-SA 4.0,https://creativecommons.org/licenses/by-sa/4.0,"Cropped to remove overlaid text where present; resized so the longer side is at most 1,024 px; re-encoded as JPEG; embedded metadata removed."
TP00318,Fort Nuestra Señora del Rosario,National Historical Commission of the Philippines,https://nhcphistoricsites.blogspot.com/2011/12/fort-nuestra-senora-del-rosario-fort.html,National Historical Commission of the Philippines,Philippine government work (RA 8293 Sec. 176); non-commercial use,https://lawphil.net/statutes/repacts/ra1997/ra_8293_1997.html,"Cropped to remove overlaid text where present; resized so the longer side is at most 1,024 px; re-encoded as JPEG; embedded metadata removed."
TP00319,Puerta Marina,Wikimedia Commons,"https://commons.wikimedia.org/wiki/File:Argao_Capilla_Mortuario,_Puerta_Marina_(Rizal_Street,_Argao,_Cebu;_01-18-2023).jpg",Patrickroque01,CC BY-SA 4.0,https://creativecommons.org/licenses/by-sa/4.0,"Cropped to remove overlaid text where present; resized so the longer side is at most 1,024 px; re-encoded as JPEG; embedded metadata removed."
TP00320,Cuartel in Oslob Heritage Park,Wikimedia Commons,https://commons.wikimedia.org/wiki/File:The_Cuartel_in_Oslob_Heritage_Park.jpg,Genniexywq,CC BY-SA 4.0,https://creativecommons.org/licenses/by-sa/4.0,"Cropped to remove overlaid text where present; resized so the longer side is at most 1,024 px; re-encoded as JPEG; embedded metadata removed."
TP00321,Hospicio de San Jose de Barili,Wikimedia Commons,"https://commons.wikimedia.org/wiki/File:Hospicio_de_San_Jose,_Barili,_Cebu.jpg",Franz Miko Verzon,CC BY-SA 4.0,https://creativecommons.org/licenses/by-sa/4.0,"Cropped to remove overlaid text where present; resized so the longer side is at most 1,024 px; re-encoded as JPEG; embedded metadata removed."
TP00322,Roblee Science Hall,Wikimedia Commons,https://commons.wikimedia.org/wiki/File:Roblee_Science_Hall_-_Central_Philippine_University.jpg,Johngaje92,CC BY-SA 4.0,https://creativecommons.org/licenses/by-sa/4.0,"Cropped to remove overlaid text where present; resized so the longer side is at most 1,024 px; re-encoded as JPEG; embedded metadata removed."
TP00323,Filamer Christian University,Wikimedia Commons,https://commons.wikimedia.org/wiki/File:Filamer_Christian_University_with_historical_marker_-_1.jpg,National Historical Commission of the Philippines,Public domain,,"Cropped to remove overlaid text where present; resized so the longer side is at most 1,024 px; re-encoded as JPEG; embedded metadata removed."
TP00324,Saint Mary’s College of Catbalogan,Wikimedia Commons,https://commons.wikimedia.org/wiki/File:Smccbuild.jpg,Smccgroup,CC BY-SA 4.0,https://creativecommons.org/licenses/by-sa/4.0,"Cropped to remove overlaid text where present; resized so the longer side is at most 1,024 px; re-encoded as JPEG; embedded metadata removed."
TP00325,Cebu Roosevelt Memorial Colleges,Wikimedia Commons,"https://commons.wikimedia.org/wiki/File:Cebu_Roosevelt_Memorial_Colleges_(San_Vicente,_Bogo,_Cebu;_01-17-2023).jpg",Patrickroque01,CC BY-SA 4.0,https://creativecommons.org/licenses/by-sa/4.0,"Cropped to remove overlaid text where present; resized so the longer side is at most 1,024 px; re-encoded as JPEG; embedded metadata removed."
TP00326,Museo it Akean,Wikimedia Commons,"https://commons.wikimedia.org/wiki/File:Museo_Ti_Aklan_side_view_(GM_Reyes-Martelino,_Kalibo,_Aklan;_10-20-2022).jpg",Patrickroque01,CC BY-SA 4.0,https://creativecommons.org/licenses/by-sa/4.0,"Cropped to remove overlaid text where present; resized so the longer side is at most 1,024 px; re-encoded as JPEG; embedded metadata removed."
TP00327,Doane Baptist Seminary,Wikimedia Commons,https://commons.wikimedia.org/wiki/File:Doane_Baptish_Seminary.JPG,Elmer B. Domingo,CC BY-SA 3.0,https://creativecommons.org/licenses/by-sa/3.0,"Cropped to remove overlaid text where present; resized so the longer side is at most 1,024 px; re-encoded as JPEG; embedded metadata removed."
TP00328,Carcar City Museum,Wikimedia Commons,https://commons.wikimedia.org/wiki/File:Carcar_City_Cebu_Museum_-_Flickr.jpg,"Constantine Agustin from Manila, Philippines",CC BY-SA 2.0,https://creativecommons.org/licenses/by-sa/2.0,"Cropped to remove overlaid text where present; resized so the longer side is at most 1,024 px; re-encoded as JPEG; embedded metadata removed."
TP00329,Colegio de Santo Tomas Recoletos,Wikimedia Commons,https://commons.wikimedia.org/wiki/File:StoTomasSnCarlos.jpg,Razzmatazz143,Public domain,,"Cropped to remove overlaid text where present; resized so the longer side is at most 1,024 px; re-encoded as JPEG; embedded metadata removed."
TP00330,University of Negros Occidental – Recoletos,Wikimedia Commons,https://commons.wikimedia.org/wiki/File:University_of_Negros_Occidental-Recoletos_facade.jpg,Kguirnela,CC BY-SA 3.0,https://creativecommons.org/licenses/by-sa/3.0,"Cropped to remove overlaid text where present; resized so the longer side is at most 1,024 px; re-encoded as JPEG; embedded metadata removed."
TP00331,Iloilo Central Elementary School,Wikimedia Commons,"https://commons.wikimedia.org/wiki/File:Iloilo_Central_Elementary_School_(General_Luna,_Iloilo_City;_04-03-2024).jpg",Patrickroque01,CC BY-SA 4.0,https://creativecommons.org/licenses/by-sa/4.0,"Cropped to remove overlaid text where present; resized so the longer side is at most 1,024 px; re-encoded as JPEG; embedded metadata removed."
TP00332,Silliman Hall,Wikimedia Commons,https://commons.wikimedia.org/wiki/File:Silliman_Hall_2025.jpg,Aclarado,CC BY-SA 4.0,https://creativecommons.org/licenses/by-sa/4.0,"Cropped to remove overlaid text where present; resized so the longer side is at most 1,024 px; re-encoded as JPEG; embedded metadata removed."
TP00333,Negros Occidental High School,Wikimedia Commons,https://commons.wikimedia.org/wiki/File:Negros_Occidental_High_School_building.jpg,National Historical Commission of the Philippines,Public domain,,"Cropped to remove overlaid text where present; resized so the longer side is at most 1,024 px; re-encoded as JPEG; embedded metadata removed."
TP00334,West Visayas State University,Wikimedia Commons,"https://commons.wikimedia.org/wiki/File:Western_Visayas_State_University_Quezon_Hall_(Luna_Street,_La_Paz,_Iloilo_City;_10-22-2022).jpg",Patrickroque01,CC BY-SA 4.0,https://creativecommons.org/licenses/by-sa/4.0,"Cropped to remove overlaid text where present; resized so the longer side is at most 1,024 px; re-encoded as JPEG; embedded metadata removed."
TP00335,Upland Elementary School,Wikimedia Commons,https://commons.wikimedia.org/wiki/File:Carcar_City_-_Upland_Elementary_School.jpg,Jhe098,CC BY-SA 4.0,https://creativecommons.org/licenses/by-sa/4.0,"Cropped to remove overlaid text where present; resized so the longer side is at most 1,024 px; re-encoded as JPEG; embedded metadata removed."
TP00336,Sen. Jose Cortes Altavas Monument,Wikimedia Commons,https://commons.wikimedia.org/wiki/File:Jose_Cortes_Altavas_monument.jpg,National Historical Commission of the Philippines,Public domain,,"Cropped to remove overlaid text where present; resized so the longer side is at most 1,024 px; re-encoded as JPEG; embedded metadata removed."
TP00337,Jose Rizal Monument Arevalo Plaza,Wikimedia Commons,https://commons.wikimedia.org/wiki/File:Jose_Rizal_statue_with_church_in_background_Villa_de_Arevalo_Iloilo.jpg,Iloilo Wanderer,CC BY-SA 3.0,https://creativecommons.org/licenses/by-sa/3.0,"Cropped to remove overlaid text where present; resized so the longer side is at most 1,024 px; re-encoded as JPEG; embedded metadata removed."
TP00338,Pagdakip kay Heneral Ananias Diokno Marker,Wikimedia Commons,https://commons.wikimedia.org/wiki/File:Pagdakip_kay_Heneral_Ananias_Diokno_historical_marker_02.jpg,National Historical Commission of the Philippines,Public domain,,"Cropped to remove overlaid text where present; resized so the longer side is at most 1,024 px; re-encoded as JPEG; embedded metadata removed."
TP00339,Arch. Gabriel M. Reyes Monument,Wikimedia Commons,https://commons.wikimedia.org/wiki/File:Gabriel_Reyes_monument.jpg,National Historical Commission of the Philippines,Public domain,,"Cropped to remove overlaid text where present; resized so the longer side is at most 1,024 px; re-encoded as JPEG; embedded metadata removed."
TP00340,Agustin Sumuroy Monument,Wikimedia Commons,https://commons.wikimedia.org/wiki/File:Agustin_Sumuroy_Monument.jpg,National Historical Commission of the Philippines,Public domain,,"Cropped to remove overlaid text where present; resized so the longer side is at most 1,024 px; re-encoded as JPEG; embedded metadata removed."
TP00341,Pantaleon Villegas (Leon Kilat) Monument,Wikimedia Commons,https://commons.wikimedia.org/wiki/File:Pantaleon_Villegas_(Leon_Kilat)_monument.jpg,Carlo Joseph Moskito,CC BY-SA 4.0,https://creativecommons.org/licenses/by-sa/4.0,"Cropped to remove overlaid text where present; resized so the longer side is at most 1,024 px; re-encoded as JPEG; embedded metadata removed."
TP00342,Nicholas Loney Monument,Wikimedia Commons,https://commons.wikimedia.org/wiki/File:1981-NHI-Nicholas_Loney-Surroundings.jpg,Andre Ryan Maceda,CC BY-SA 4.0,https://creativecommons.org/licenses/by-sa/4.0,"Cropped to remove overlaid text where present; resized so the longer side is at most 1,024 px; re-encoded as JPEG; embedded metadata removed."
TP00343,Pastor Martelino Monument,Wikimedia Commons,https://commons.wikimedia.org/wiki/File:Bust_and_historical_marker_for_Pastor_Martelino_-_NHCP.jpg,National Historical Commission of the Philippines,Public domain,,"Cropped to remove overlaid text where present; resized so the longer side is at most 1,024 px; re-encoded as JPEG; embedded metadata removed."
TP00344,"Macario Peralta, Jr. Monument",Wikimedia Commons,"https://commons.wikimedia.org/wiki/File:2023-NHC-Macario_L._Peralta,_Jr.jpg",Andre Ryan Maceda,CC BY-SA 4.0,https://creativecommons.org/licenses/by-sa/4.0,"Cropped to remove overlaid text where present; resized so the longer side is at most 1,024 px; re-encoded as JPEG; embedded metadata removed."
TP00345,Rajah Humabon Monument,Wikimedia Commons,https://commons.wikimedia.org/wiki/File:Rajah_Humabon_statue_and_historical_marker.jpg,National Historical Commission of the Philippines,Public domain,,"Cropped to remove overlaid text where present; resized so the longer side is at most 1,024 px; re-encoded as JPEG; embedded metadata removed."
TP00346,Leon Kilat Monument (Bacong),Wikimedia Commons,https://commons.wikimedia.org/wiki/File:Leon_Kilat_monument_and_historical_marker_at_Bacong_Town_Plaza_-_1.jpg,Eugene Alvin Villar (seav),CC BY-SA 4.0,https://creativecommons.org/licenses/by-sa/4.0,"Cropped to remove overlaid text where present; resized so the longer side is at most 1,024 px; re-encoded as JPEG; embedded metadata removed."
TP00347,Patrocinio Gamboa Monument,Wikimedia Commons,https://commons.wikimedia.org/wiki/File:Patrocinio_Gamboa_statue_at_Jaro_Plaza.jpg,Johngaje92,CC BY-SA 4.0,https://creativecommons.org/licenses/by-sa/4.0,"Cropped to remove overlaid text where present; resized so the longer side is at most 1,024 px; re-encoded as JPEG; embedded metadata removed."
TP00348,General Juan Araneta Monument,Wikimedia Commons,https://commons.wikimedia.org/wiki/File:General_Juan_Araneta_Shrine_1.jpg,Hbalairos,CC BY-SA 3.0,https://creativecommons.org/licenses/by-sa/3.0,"Cropped to remove overlaid text where present; resized so the longer side is at most 1,024 px; re-encoded as JPEG; embedded metadata removed."
TP00349,Panay Landing Memorial,Wikimedia Commons,https://commons.wikimedia.org/wiki/File:1954-PHC-Panay_Landing-Surroundings.png,Andre Ryan Maceda,CC BY-SA 4.0,https://creativecommons.org/licenses/by-sa/4.0,"Cropped to remove overlaid text where present; resized so the longer side is at most 1,024 px; re-encoded as JPEG; embedded metadata removed."
TP00350,Santa Barbara Golf Course,Wikimedia Commons,https://commons.wikimedia.org/wiki/File:2007-NHI-Santa-Barbara-Golf-Course-Surroundings.png,Andre Ryan Maceda,CC BY-SA 4.0,https://creativecommons.org/licenses/by-sa/4.0,"Cropped to remove overlaid text where present; resized so the longer side is at most 1,024 px; re-encoded as JPEG; embedded metadata removed."
TP00351,Amparo-Santos Ancestral House,Wikimedia Commons,https://commons.wikimedia.org/wiki/File:0737jfSanta_Ana_Manila_Historic_Houses_Streets_Landmarksfvf_05.jpg,Judgefloro,Public domain,,"Cropped to remove overlaid text where present; resized so the longer side is at most 1,024 px; re-encoded as JPEG; embedded metadata removed."
TP00352,Santiago Heritage House,Wikimedia Commons,"https://commons.wikimedia.org/wiki/File:Santiago_Heritage_House,_Quiapo,_Manila,_Feb_2025.jpg",Ralff Nestor Nacor,CC BY-SA 4.0,https://creativecommons.org/licenses/by-sa/4.0,"Cropped to remove overlaid text where present; resized so the longer side is at most 1,024 px; re-encoded as JPEG; embedded metadata removed."
TP00353,Quezon Heritage House,Wikimedia Commons,https://commons.wikimedia.org/wiki/File:7889jfQuezon_Heritage_House_Quezon_Memorial_Circlefvf_02.JPG,Judgefloro,CC BY-SA 4.0,https://creativecommons.org/licenses/by-sa/4.0,"Cropped to remove overlaid text where present; resized so the longer side is at most 1,024 px; re-encoded as JPEG; embedded metadata removed."
TP00354,De la Merced House,Wikimedia Commons,"https://commons.wikimedia.org/wiki/File:Dela_Merced_House_Sta._Ana,_Manila.JPG",Urbanroamer,CC BY-SA 4.0,https://creativecommons.org/licenses/by-sa/4.0,"Cropped to remove overlaid text where present; resized so the longer side is at most 1,024 px; re-encoded as JPEG; embedded metadata removed."
TP00355,Fernandez House,Wikimedia Commons,https://commons.wikimedia.org/wiki/File:0334jfSanta_Ana_Manila_Revellin_Historic_Houses_Streetfvf_15.jpg,Judgefloro,Public domain,,"Cropped to remove overlaid text where present; resized so the longer side is at most 1,024 px; re-encoded as JPEG; embedded metadata removed."
TP00356,Mira-Nila Heritage House,Wikimedia Commons,https://commons.wikimedia.org/wiki/File:Mira-Nila_House_Cubao_28.jpg,Video13,CC BY-SA 4.0,https://creativecommons.org/licenses/by-sa/4.0,"Cropped to remove overlaid text where present; resized so the longer side is at most 1,024 px; re-encoded as JPEG; embedded metadata removed."
TP00357,Pascual House,Wikimedia Commons,https://commons.wikimedia.org/wiki/File:Front_right_view_of_Pascual_House.JPG,Archnapibanez,CC BY-SA 3.0,https://creativecommons.org/licenses/by-sa/3.0,"Cropped to remove overlaid text where present; resized so the longer side is at most 1,024 px; re-encoded as JPEG; embedded metadata removed."
TP00358,Casa Tesoro,Wikimedia Commons,https://commons.wikimedia.org/wiki/File:Ermita_Old_mansion_2026-06-10Manila_05.jpg,P1898,CC BY 4.0,https://creativecommons.org/licenses/by/4.0,"Cropped to remove overlaid text where present; resized so the longer side is at most 1,024 px; re-encoded as JPEG; embedded metadata removed."
TP00359,Leiva-Syquia Ancestral House,Wikimedia Commons,https://commons.wikimedia.org/wiki/File:JC_Levia_Syquia_5.JPG,JJ Carpio,CC BY-SA 4.0,https://creativecommons.org/licenses/by-sa/4.0,"Cropped to remove overlaid text where present; resized so the longer side is at most 1,024 px; re-encoded as JPEG; embedded metadata removed."
TP00360,Jimenez House,National Historical Commission of the Philippines,https://philhistoricsites.nhcp.gov.ph/registry_database/jimenez-residence/,National Historical Commission of the Philippines,Public domain,,"Cropped to remove overlaid text where present; resized so the longer side is at most 1,024 px; re-encoded as JPEG; embedded metadata removed."
TP00361,Lichauco Heritage House,Wikimedia Commons,https://commons.wikimedia.org/wiki/File:Lichauco_House_3.jpg,Ngiping kidlat,CC BY-SA 3.0,https://creativecommons.org/licenses/by-sa/3.0,"Cropped to remove overlaid text where present; resized so the longer side is at most 1,024 px; re-encoded as JPEG; embedded metadata removed."
TP00362,Antonio Villa-Real House,Wikimedia Commons,https://commons.wikimedia.org/wiki/File:Antonio_Villa-Real_House_16.jpg,Video13,CC BY-SA 4.0,https://creativecommons.org/licenses/by-sa/4.0,"Cropped to remove overlaid text where present; resized so the longer side is at most 1,024 px; re-encoded as JPEG; embedded metadata removed."
TP00363,Jones Bridge,Wikimedia Commons,"https://commons.wikimedia.org/wiki/File:9555Santa_Cruz_Binondo,_Manila_53.jpg",Judgefloro,CC0,http://creativecommons.org/publicdomain/zero/1.0/deed.en,"Cropped to remove overlaid text where present; resized so the longer side is at most 1,024 px; re-encoded as JPEG; embedded metadata removed."
TP00364,Bureau of Customs ,Wikimedia Commons,https://commons.wikimedia.org/wiki/File:WTMP_DinoBrinas_DSC_0026.jpeg,Dino Briñas (Wikipedia Takes Manila participant),CC BY-SA 3.0,https://creativecommons.org/licenses/by-sa/3.0,"Cropped to remove overlaid text where present; resized so the longer side is at most 1,024 px; re-encoded as JPEG; embedded metadata removed."
TP00365,Chamber of Commerce of the Philippine Islands,Wikimedia Commons,https://commons.wikimedia.org/wiki/File:Chamber_of_Commerce_of_the_Philippine_Islands.JPG,Elmer B. Domingo,CC BY-SA 3.0,https://creativecommons.org/licenses/by-sa/3.0,"Cropped to remove overlaid text where present; resized so the longer side is at most 1,024 px; re-encoded as JPEG; embedded metadata removed."
TP00366,Department of Foreign Affairs,Wikimedia Commons,"https://commons.wikimedia.org/wiki/File:DFA_Building,_Roxas_Boulevard,_Pasay_City.jpg",Lawrence Ruiz,CC BY-SA 4.0,https://creativecommons.org/licenses/by-sa/4.0,"Cropped to remove overlaid text where present; resized so the longer side is at most 1,024 px; re-encoded as JPEG; embedded metadata removed."
TP00367,National Power Corporation,Wikimedia Commons,"https://commons.wikimedia.org/wiki/File:National_Power_Corporation_(NAPOCOR)_(Quezon_Avenue_cor._BIR_Road,_East_Triangle,_Diliman,_Quezon_City;_2015-01-04).jpg",Patrick Roque,CC BY-SA 4.0,https://creativecommons.org/licenses/by-sa/4.0,"Cropped to remove overlaid text where present; resized so the longer side is at most 1,024 px; re-encoded as JPEG; embedded metadata removed."
TP00368,National Press Club,Wikimedia Commons,"https://commons.wikimedia.org/wiki/File:National_Press_Club,_Intramuros,_Manila,_Mar_2026.jpg",Ralff Nestor Nacor,CC BY-SA 4.0,https://creativecommons.org/licenses/by-sa/4.0,"Cropped to remove overlaid text where present; resized so the longer side is at most 1,024 px; re-encoded as JPEG; embedded metadata removed."
TP00369,University of the Philippines College of Medicine,Wikimedia Commons,https://commons.wikimedia.org/wiki/File:Main_building2026-06-10University_of_the_Philippines_College_of_Medicine_14.jpg,P1898,CC BY 4.0,https://creativecommons.org/licenses/by/4.0,"Cropped to remove overlaid text where present; resized so the longer side is at most 1,024 px; re-encoded as JPEG; embedded metadata removed."
TP00370,National Library of the Philippines,Wikimedia Commons,https://commons.wikimedia.org/wiki/File:National_Library_of_the_Philippines_in_February_2026_1.jpg,Sean Ronquillo (Ubediplomacy),CC BY-SA 4.0,https://creativecommons.org/licenses/by-sa/4.0,"Cropped to remove overlaid text where present; resized so the longer side is at most 1,024 px; re-encoded as JPEG; embedded metadata removed."
TP00371,National University Manila,Wikimedia Commons,"https://commons.wikimedia.org/wiki/File:National_University_(Manila,_Philippines)_37.jpg",Video13,CC BY-SA 4.0,https://creativecommons.org/licenses/by-sa/4.0,"Cropped to remove overlaid text where present; resized so the longer side is at most 1,024 px; re-encoded as JPEG; embedded metadata removed."
TP00372,Legarda Elementary School,Wikimedia Commons,"https://commons.wikimedia.org/wiki/File:Legarda_Elementary_School_(Fajardo,_Sampaloc,_Manila;_10-03-2021).jpg",patrickroque01,CC BY-SA 4.0,https://creativecommons.org/licenses/by-sa/4.0,"Cropped to remove overlaid text where present; resized so the longer side is at most 1,024 px; re-encoded as JPEG; embedded metadata removed."
TP00373,Arellano University Legarda,Wikimedia Commons,"https://commons.wikimedia.org/wiki/File:9952Legarda_Street,_Sampaloc_San_Miguel_Manila_28.jpg",Judgefloro,CC0,http://creativecommons.org/publicdomain/zero/1.0/deed.en,"Cropped to remove overlaid text where present; resized so the longer side is at most 1,024 px; re-encoded as JPEG; embedded metadata removed."
TP00374,Adamson University Manila,Wikimedia Commons,"https://commons.wikimedia.org/wiki/File:Adamson_University_(Ermita,_Manila;_12-13-2020).jpg",patrickroque01,CC BY-SA 4.0,https://creativecommons.org/licenses/by-sa/4.0,"Cropped to remove overlaid text where present; resized so the longer side is at most 1,024 px; re-encoded as JPEG; embedded metadata removed."
TP00375,University of Manila,Wikimedia Commons,https://commons.wikimedia.org/wiki/File:WTMP_Manila_Bloggers_Network_D-14.JPG,Manila Bloggers Network (Wikipedia Takes Manila participant),CC BY-SA 3.0,https://creativecommons.org/licenses/by-sa/3.0,"Cropped to remove overlaid text where present; resized so the longer side is at most 1,024 px; re-encoded as JPEG; embedded metadata removed."
TP00376,Monumento sa mga Bayani ng 1896,Wikimedia Commons,https://commons.wikimedia.org/wiki/File:UP_Diliman_Bonifacio_Monument_in_Quezon_City.jpg,Irvin Parco Sto. Tomas,CC BY-SA 4.0,https://creativecommons.org/licenses/by-sa/4.0,"Cropped to remove overlaid text where present; resized so the longer side is at most 1,024 px; re-encoded as JPEG; embedded metadata removed."
TP00377,Bonifacio Monument,Wikimedia Commons,"https://commons.wikimedia.org/wiki/File:Andres_Bonifacio_Monument,_Novaliches,_Q.C.,_May_2026_(1).jpg",Ralff Nestor Nacor,CC BY-SA 4.0,https://creativecommons.org/licenses/by-sa/4.0,"Cropped to remove overlaid text where present; resized so the longer side is at most 1,024 px; re-encoded as JPEG; embedded metadata removed."
TP00378,Libingan ng mga Bayani National Shrine,Wikimedia Commons,https://commons.wikimedia.org/wiki/File:Libingan_ng_Mga_Bayani.jpg,"Aissa Richards from Turner, Maine, USA",CC BY 2.0,https://creativecommons.org/licenses/by/2.0,"Cropped to remove overlaid text where present; resized so the longer side is at most 1,024 px; re-encoded as JPEG; embedded metadata removed."
TP00379,Plaza Felipe Calderon,Wikimedia Commons,"https://commons.wikimedia.org/wiki/File:Plaza_Calderon,_Sta_Ana_Manila_3.jpg",Zernan2014,CC BY-SA 4.0,https://creativecommons.org/licenses/by-sa/4.0,"Cropped to remove overlaid text where present; resized so the longer side is at most 1,024 px; re-encoded as JPEG; embedded metadata removed."
TP00380,Rizal Fountain,Wikimedia Commons,"https://commons.wikimedia.org/wiki/File:9633Kalayaan_2019,_Rizal_Park_35.jpg",Judgefloro,CC0,http://creativecommons.org/publicdomain/zero/1.0/deed.en,"Cropped to remove overlaid text where present; resized so the longer side is at most 1,024 px; re-encoded as JPEG; embedded metadata removed."
TP00381,Mabini Shrine (PUP),Wikimedia Commons,"https://commons.wikimedia.org/wiki/File:Mabini_Shrine,_PUP-Manila_2.jpg",Ishavillegas17,CC BY-SA 3.0,https://creativecommons.org/licenses/by-sa/3.0,"Cropped to remove overlaid text where present; resized so the longer side is at most 1,024 px; re-encoded as JPEG; embedded metadata removed."
TP00382,Elpidio Quirino Monument,Wikimedia Commons,https://commons.wikimedia.org/wiki/File:Elpidio_Quirino_Monument_in_Roxas_Blvd.jpg,National Historical Commission of the Philippines,Public domain,,"Cropped to remove overlaid text where present; resized so the longer side is at most 1,024 px; re-encoded as JPEG; embedded metadata removed."
TP00383,"Benigno Ninoy Aquino, Jr. Monument",Wikimedia Commons,https://commons.wikimedia.org/wiki/File:04120jfChurches_Buildings_West_North_Avenue_Roads_Edsa_Barangays_Quezon_Cityfvf_05.JPG,Judgefloro,Public domain,,"Cropped to remove overlaid text where present; resized so the longer side is at most 1,024 px; re-encoded as JPEG; embedded metadata removed."
TP00384,Juan Luna Monument,Wikimedia Commons,https://commons.wikimedia.org/wiki/File:Juan_Luna_Intramuros_Monument.jpg,Pavl Anthøny,CC BY-SA 4.0,https://creativecommons.org/licenses/by-sa/4.0,"Cropped to remove overlaid text where present; resized so the longer side is at most 1,024 px; re-encoded as JPEG; embedded metadata removed."
TP00385,Ramon Magsaysay Monument,Wikimedia Commons,https://commons.wikimedia.org/wiki/File:Ramon_Magsaysay_Center.JPG,Theodore Uy,CC BY-SA 3.0,https://creativecommons.org/licenses/by-sa/3.0,"Cropped to remove overlaid text where present; resized so the longer side is at most 1,024 px; re-encoded as JPEG; embedded metadata removed."
TP00386,Melchora Aquino (Tandang Sora) Marker,Wikimedia Commons,"https://commons.wikimedia.org/wiki/File:Tandang_Sora_Shrine_Monument,_Q.C.,_Mar_2025_(1).jpg",Ralff Nestor Nacor,CC BY-SA 4.0,https://creativecommons.org/licenses/by-sa/4.0,"Cropped to remove overlaid text where present; resized so the longer side is at most 1,024 px; re-encoded as JPEG; embedded metadata removed."
TP00387,Arroceros Forest Park,Wikimedia Commons,https://commons.wikimedia.org/wiki/File:Arroceros_Forest_Park_fountain_22Dec2025_11.jpg,RFNirmala,CC0,http://creativecommons.org/publicdomain/zero/1.0/deed.en,"Cropped to remove overlaid text where present; resized so the longer side is at most 1,024 px; re-encoded as JPEG; embedded metadata removed."
TP00388,Plaza Lacson,Wikimedia Commons,"https://commons.wikimedia.org/wiki/File:Plaza_Lacson,_Santa_Cruz,_Manila,_Jun_2024.jpg",Ralff Nestor Nacor,CC BY-SA 4.0,https://creativecommons.org/licenses/by-sa/4.0,"Cropped to remove overlaid text where present; resized so the longer side is at most 1,024 px; re-encoded as JPEG; embedded metadata removed."
TP00389,Manila Zoological and Botanical Garden,Wikimedia Commons,https://commons.wikimedia.org/wiki/File:Redevelopment_of_Manila_Zoo_03.jpg,Video13,CC BY-SA 4.0,https://creativecommons.org/licenses/by-sa/4.0,"Cropped to remove overlaid text where present; resized so the longer side is at most 1,024 px; re-encoded as JPEG; embedded metadata removed."
TP00390,Loyola Memorial Park,Wikimedia Commons,https://commons.wikimedia.org/wiki/File:Loyola_Memorial_Park_Marikina_City_(Rizal_Province;_2023-08-13)_E911a_24.jpg,E911a,CC BY-SA 4.0,https://creativecommons.org/licenses/by-sa/4.0,"Cropped to remove overlaid text where present; resized so the longer side is at most 1,024 px; re-encoded as JPEG; embedded metadata removed."
TP00391,Balara Filters Park,Wikimedia Commons,https://commons.wikimedia.org/wiki/File:FvfBalaraParkjf0575_03.JPG,Judgefloro,Public domain,,"Cropped to remove overlaid text where present; resized so the longer side is at most 1,024 px; re-encoded as JPEG; embedded metadata removed."
TP00392,Plaza Rajah Sulayman,Wikimedia Commons,https://commons.wikimedia.org/wiki/File:Rajah_Sulayman_Park-D.JPG,Theodore Uy,CC BY-SA 3.0,https://creativecommons.org/licenses/by-sa/3.0,"Cropped to remove overlaid text where present; resized so the longer side is at most 1,024 px; re-encoded as JPEG; embedded metadata removed."
TP00393,Plaza Olivia Salamanca,Wikimedia Commons,https://commons.wikimedia.org/wiki/File:9481Plaza_Olivia_Salamanca_03.jpg,Judgefloro,CC0,http://creativecommons.org/publicdomain/zero/1.0/deed.en,"Cropped to remove overlaid text where present; resized so the longer side is at most 1,024 px; re-encoded as JPEG; embedded metadata removed."
TP00394,Golden Haven Memorial Park,Wikimedia Commons,https://commons.wikimedia.org/wiki/File:Org_2a37f7aa004791e6_1506504026000-01.jpg,Goldenhavenmemorialpark,CC BY-SA 4.0,https://creativecommons.org/licenses/by-sa/4.0,"Cropped to remove overlaid text where present; resized so the longer side is at most 1,024 px; re-encoded as JPEG; embedded metadata removed."
TP00395,Plaza Vicente del Fierro,Wikimedia Commons,https://commons.wikimedia.org/wiki/File:Plaza_Vicente_del_Fierro_2022.jpg,Roel Balingit,CC BY-SA 4.0,https://creativecommons.org/licenses/by-sa/4.0,"Cropped to remove overlaid text where present; resized so the longer side is at most 1,024 px; re-encoded as JPEG; embedded metadata removed."
TP00396,Salakot Park,Wikimedia Commons,https://commons.wikimedia.org/wiki/File:SalakotParkjf9564_02.JPG,Ramon FVelasquez,CC BY-SA 3.0,https://creativecommons.org/licenses/by-sa/3.0,"Cropped to remove overlaid text where present; resized so the longer side is at most 1,024 px; re-encoded as JPEG; embedded metadata removed."
TP00397,Camp General Emilio Aguinaldo,Wikimedia Commons,https://commons.wikimedia.org/wiki/File:35th_National_Reservists_Week_10.jpg,Lt Jin Panganiban,Public domain,,"Cropped to remove overlaid text where present; resized so the longer side is at most 1,024 px; re-encoded as JPEG; embedded metadata removed."
TP00398,Philippine Navy Headquarters,Wikimedia Commons,https://commons.wikimedia.org/wiki/File:Top_view_of_the_Philippine_Navy_Headquarters.jpg,Patrick Roque,CC BY-SA 3.0,https://creativecommons.org/licenses/by-sa/3.0,"Cropped to remove overlaid text where present; resized so the longer side is at most 1,024 px; re-encoded as JPEG; embedded metadata removed."
TP00399,Pintong Postigo,National Historical Commission of the Philippines,https://nhcphistoricsites.blogspot.com/2011/11/pintong-postigo.html,National Historical Commission of the Philippines,Philippine government work (RA 8293 Sec. 176); non-commercial use,https://lawphil.net/statutes/repacts/ra1997/ra_8293_1997.html,"Cropped to remove overlaid text where present; resized so the longer side is at most 1,024 px; re-encoded as JPEG; embedded metadata removed."
TP00400,Puerta Santa Lucia,Wikimedia Commons,"https://commons.wikimedia.org/wiki/File:Santa_Lucia_Gate,_Intramuros,_2018_(01).jpg",Bahnfrend,CC BY-SA 4.0,https://creativecommons.org/licenses/by-sa/4.0,"Cropped to remove overlaid text where present; resized so the longer side is at most 1,024 px; re-encoded as JPEG; embedded metadata removed."
TP00401,Bastion de San Andres or San Nicolas,Wikimedia Commons,https://commons.wikimedia.org/wiki/File:04526jfRecoletos_Church_Bulletin_Baluarte_San_Andres_Landmarks_Intramurosfvf_49.jpg,Judgefloro,CC0,http://creativecommons.org/publicdomain/zero/1.0/deed.en,"Cropped to remove overlaid text where present; resized so the longer side is at most 1,024 px; re-encoded as JPEG; embedded metadata removed."
TP00402,Cuartel de Santa Lucia (Santa Lucia Barracks),Wikimedia Commons,"https://commons.wikimedia.org/wiki/File:Cuartel_de_Santa_Luc%C3%ADa,_Manila,_Filipinas,_2023-08-26,_DD_39.jpg",Diego Delso,CC BY-SA 4.0,https://creativecommons.org/licenses/by-sa/4.0,"Cropped to remove overlaid text where present; resized so the longer side is at most 1,024 px; re-encoded as JPEG; embedded metadata removed."
TP00403,Camp Rafael Crame,Wikimedia Commons,"https://commons.wikimedia.org/wiki/File:Camp_Crame_(PNP_Headquarters)_-_Aerial_View_(EDSA,_Quezon_City;_2010-09-05).jpg",Patrick Roque,CC BY-SA 4.0,https://creativecommons.org/licenses/by-sa/4.0,"Cropped to remove overlaid text where present; resized so the longer side is at most 1,024 px; re-encoded as JPEG; embedded metadata removed."
TP00404,The Aristocrat,Wikimedia Commons,"https://commons.wikimedia.org/wiki/File:The_Aristocrat_Restaurant,_Malate,_Manila,_Mar_2024.jpg",Ralff Nestor Nacor,CC BY-SA 4.0,https://creativecommons.org/licenses/by-sa/4.0,"Cropped to remove overlaid text where present; resized so the longer side is at most 1,024 px; re-encoded as JPEG; embedded metadata removed."
TP00405,First United Building,Wikimedia Commons,https://commons.wikimedia.org/wiki/File:Southwest_corner_of_the_First_United_Building_looking_up_-_1.jpg,Ramon FVelasquez,CC BY-SA 3.0,https://creativecommons.org/licenses/by-sa/3.0,"Cropped to remove overlaid text where present; resized so the longer side is at most 1,024 px; re-encoded as JPEG; embedded metadata removed."
TP00406,Manila Hotel Historical Landmark,Wikimedia Commons,https://commons.wikimedia.org/wiki/File:DSC_0743_Manila_Hotel.jpg,GRMondala,CC BY-SA 4.0,https://creativecommons.org/licenses/by-sa/4.0,"Cropped to remove overlaid text where present; resized so the longer side is at most 1,024 px; re-encoded as JPEG; embedded metadata removed."
TP00407,Capitan Pepe Building,Wikimedia Commons,https://commons.wikimedia.org/wiki/File:Capitan_Pepe_Building_Exterior_01.jpg,Franz Miko Verzon,CC BY-SA 4.0,https://creativecommons.org/licenses/by-sa/4.0,"Cropped to remove overlaid text where present; resized so the longer side is at most 1,024 px; re-encoded as JPEG; embedded metadata removed."
TP00408,Capitol Theater,Wikimedia Commons,"https://commons.wikimedia.org/wiki/File:Capitol_Theater,_Manila.jpg",Tubanismo,CC BY-SA 4.0,https://creativecommons.org/licenses/by-sa/4.0,"Cropped to remove overlaid text where present; resized so the longer side is at most 1,024 px; re-encoded as JPEG; embedded metadata removed."
TP00409,Tutuban Centermall,Wikimedia Commons,https://commons.wikimedia.org/wiki/File:Old_Tutuban_railway_station_building_05.jpg,SwarmCheng,CC BY-SA 4.0,https://creativecommons.org/licenses/by-sa/4.0,"Cropped to remove overlaid text where present; resized so the longer side is at most 1,024 px; re-encoded as JPEG; embedded metadata removed."
TP00410,Central United Methodist Church,Wikimedia Commons,https://commons.wikimedia.org/wiki/File:Central_United_Methodist_Church_(Manila)_in_February_2026_3.jpg,Sean Ronquillo (Ubediplomacy),CC BY-SA 4.0,https://creativecommons.org/licenses/by-sa/4.0,"Cropped to remove overlaid text where present; resized so the longer side is at most 1,024 px; re-encoded as JPEG; embedded metadata removed."
TP00411,Parish Church of Santa Cruz of Manila,Wikimedia Commons,"https://commons.wikimedia.org/wiki/File:Santa_Cruz_Church,_Manila,_Jun_2024_(1).jpg",Ralff Nestor Nacor,CC BY-SA 4.0,https://creativecommons.org/licenses/by-sa/4.0,"Cropped to remove overlaid text where present; resized so the longer side is at most 1,024 px; re-encoded as JPEG; embedded metadata removed."
TP00412,Shoemart North EDSA,Wikimedia Commons,"https://commons.wikimedia.org/wiki/File:SM_City_North_EDSA,_Q.C.,_Aug_2025.jpg",Ralff Nestor Nacor,CC BY-SA 4.0,https://creativecommons.org/licenses/by-sa/4.0,"Cropped to remove overlaid text where present; resized so the longer side is at most 1,024 px; re-encoded as JPEG; embedded metadata removed."
TP00413,Shoemart Megamall,Wikimedia Commons,https://commons.wikimedia.org/wiki/File:SM_Megamall.jpg,Manager27,CC BY-SA 4.0,https://creativecommons.org/licenses/by-sa/4.0,"Cropped to remove overlaid text where present; resized so the longer side is at most 1,024 px; re-encoded as JPEG; embedded metadata removed."
TP00414,General Alejo S. Santos Bridge,Wikimedia Commons,https://commons.wikimedia.org/wiki/File:1624General_Alejo_S._Santos_Bridge_06.jpg,JFVelasquez Floro,CC0,http://creativecommons.org/publicdomain/zero/1.0/deed.en,"Cropped to remove overlaid text where present; resized so the longer side is at most 1,024 px; re-encoded as JPEG; embedded metadata removed."
TP00415,Embarcadero Bridge,Wikimedia Commons,https://commons.wikimedia.org/wiki/File:7013Mangaldan_San_Jacinto_Road_54.jpg,Judgefloro,CC0,http://creativecommons.org/publicdomain/zero/1.0/deed.en,"Cropped to remove overlaid text where present; resized so the longer side is at most 1,024 px; re-encoded as JPEG; embedded metadata removed."
TP00416,Baluyut Bridge,Wikimedia Commons,https://commons.wikimedia.org/wiki/File:09411jfSan_Fernando_City_Proper_Municipio_First_Concrete_Pavement_Baluyut_Bridge_Pampangafvf_26.jpg,Judgefloro,CC0,http://creativecommons.org/publicdomain/zero/1.0/deed.en,"Cropped to remove overlaid text where present; resized so the longer side is at most 1,024 px; re-encoded as JPEG; embedded metadata removed."
TP00417,Tulay Tomas Mascardo,Wikimedia Commons,https://commons.wikimedia.org/wiki/File:Tomas_Mascardo_Bridge.jpg,Ramon FVelasquez,CC BY-SA 3.0,https://creativecommons.org/licenses/by-sa/3.0,"Cropped to remove overlaid text where present; resized so the longer side is at most 1,024 px; re-encoded as JPEG; embedded metadata removed."
TP00418,Sicsican Bridge,Wikimedia Commons,https://commons.wikimedia.org/wiki/File:09744jfCalipahan_Sicsican_Bridge_Welcome_San_Pascual_Talavera_Ecijafvf_05.JPG,Judgefloro,CC BY-SA 4.0,https://creativecommons.org/licenses/by-sa/4.0,"Cropped to remove overlaid text where present; resized so the longer side is at most 1,024 px; re-encoded as JPEG; embedded metadata removed."
TP00419,Zabali Hanging Bridge,Wikimedia Commons,https://commons.wikimedia.org/wiki/File:HANGING_BRIDGE_IN_BALER.jpg,Gelomaics photography,CC BY-SA 4.0,https://creativecommons.org/licenses/by-sa/4.0,"Cropped to remove overlaid text where present; resized so the longer side is at most 1,024 px; re-encoded as JPEG; embedded metadata removed."
TP00420,Mansiyong Fule-Malvar,Wikimedia Commons,https://commons.wikimedia.org/wiki/File:Fule-Malvar_Mansion_20150802.jpg,Ianlopez1115,Attribution,,"Cropped to remove overlaid text where present; resized so the longer side is at most 1,024 px; re-encoded as JPEG; embedded metadata removed."
TP00421,Rizal Shrine Calamba,Wikimedia Commons,"https://commons.wikimedia.org/wiki/File:Jose_Rizal_Shrine_in_Calamba_City,_Laguna.jpg",Johngaje92,CC BY-SA 4.0,https://creativecommons.org/licenses/by-sa/4.0,"Cropped to remove overlaid text where present; resized so the longer side is at most 1,024 px; re-encoded as JPEG; embedded metadata removed."
TP00422,Perez House,Wikimedia Commons,https://commons.wikimedia.org/wiki/File:04137jfBonga_Menor_Mayor_Perez_Ancestral_Houses_Bustos_Bulacanfvf.JPG,Judgefloro,Public domain,,"Cropped to remove overlaid text where present; resized so the longer side is at most 1,024 px; re-encoded as JPEG; embedded metadata removed."
TP00423,Mansyong Pamintuan,Wikimedia Commons,https://commons.wikimedia.org/wiki/File:02385jfAngeles_City_Proper_Museum_of_Philppines_Social_History_Santo_Rosariofvf_10.jpg,Judgefloro,CC0,http://creativecommons.org/publicdomain/zero/1.0/deed.en,"Cropped to remove overlaid text where present; resized so the longer side is at most 1,024 px; re-encoded as JPEG; embedded metadata removed."
TP00424,Luz-Katigbak Heritage House,Wikimedia Commons,https://commons.wikimedia.org/wiki/File:Casa_de_Segunda_(Lipa).jpg,Roel Balingit,CC BY-SA 4.0,https://creativecommons.org/licenses/by-sa/4.0,"Cropped to remove overlaid text where present; resized so the longer side is at most 1,024 px; re-encoded as JPEG; embedded metadata removed."
TP00425,Urduja House,Wikimedia Commons,https://commons.wikimedia.org/wiki/File:Urduja_House_Lingayen_Pangasinan.jpg,Spnvmvt,CC BY-SA 4.0,https://creativecommons.org/licenses/by-sa/4.0,"Cropped to remove overlaid text where present; resized so the longer side is at most 1,024 px; re-encoded as JPEG; embedded metadata removed."
TP00426,The Historic Alberto Mansion,Wikimedia Commons,"https://commons.wikimedia.org/wiki/File:Alberto_Mansion_Bi%C3%B1an_City,_Laguna.jpg",Benedict Esber,CC BY-SA 3.0,https://creativecommons.org/licenses/by-sa/3.0,"Cropped to remove overlaid text where present; resized so the longer side is at most 1,024 px; re-encoded as JPEG; embedded metadata removed."
TP00427,Santo Tomas Municipal Hall,Wikimedia Commons,"https://commons.wikimedia.org/wiki/File:Santo_Tomas_Municipal_Hall,_Pangasinan,_Nov_2025_(1).jpg",Ralff Nestor Nacor,CC BY-SA 4.0,https://creativecommons.org/licenses/by-sa/4.0,"Cropped to remove overlaid text where present; resized so the longer side is at most 1,024 px; re-encoded as JPEG; embedded metadata removed."
TP00428,Tagudin Town Hall,Wikimedia Commons,https://commons.wikimedia.org/wiki/File:FvfTagudinIlocos5188_20.JPG,Judgefloro,Public domain,,"Cropped to remove overlaid text where present; resized so the longer side is at most 1,024 px; re-encoded as JPEG; embedded metadata removed."
TP00429,Batangas Provincial Capitol Building,Wikimedia Commons,https://commons.wikimedia.org/wiki/File:Batangas_Provincial_Capitol_Building.JPG,Kampfgruppe,CC BY-SA 3.0,https://creativecommons.org/licenses/by-sa/3.0,"Cropped to remove overlaid text where present; resized so the longer side is at most 1,024 px; re-encoded as JPEG; embedded metadata removed."
TP00430,San Fernando City Hall,Wikimedia Commons,"https://commons.wikimedia.org/wiki/File:San_Fernando_City_Hall,_La_Union,_Jan_2024.jpg",Ralff Nestor Nacor,CC BY-SA 4.0,https://creativecommons.org/licenses/by-sa/4.0,"Cropped to remove overlaid text where present; resized so the longer side is at most 1,024 px; re-encoded as JPEG; embedded metadata removed."
TP00431,Kalayaan Municipal Hall,Wikimedia Commons,"https://commons.wikimedia.org/wiki/File:Kalayaan,LagunaTownhalljf5059_16.JPG",Ramon FVelasquez,CC BY-SA 3.0,https://creativecommons.org/licenses/by-sa/3.0,"Cropped to remove overlaid text where present; resized so the longer side is at most 1,024 px; re-encoded as JPEG; embedded metadata removed."
TP00432,Municipality of Lemery Municipal Building,Wikimedia Commons,https://commons.wikimedia.org/wiki/File:Lemery_Municipal_Hall.jpg,Dandy1022,CC BY-SA 3.0,https://creativecommons.org/licenses/by-sa/3.0,"Cropped to remove overlaid text where present; resized so the longer side is at most 1,024 px; re-encoded as JPEG; embedded metadata removed."
TP00433,Dinalupihan Civic Center,Wikimedia Commons,"https://commons.wikimedia.org/wiki/File:Dinalupihan_Civic_Center,_Bataan,_Apr_2025.jpg",Ralff Nestor Nacor,CC BY-SA 4.0,https://creativecommons.org/licenses/by-sa/4.0,"Cropped to remove overlaid text where present; resized so the longer side is at most 1,024 px; re-encoded as JPEG; embedded metadata removed."
TP00434,Clark Field (Fort Stotsenburg),Wikimedia Commons,https://commons.wikimedia.org/wiki/File:Clark_Air_Base_aerial_1989.JPEG,"SSgt. Val Gempis, USAF",Public domain,,"Cropped to remove overlaid text where present; resized so the longer side is at most 1,024 px; re-encoded as JPEG; embedded metadata removed."
TP00435,Subic Naval Base,Wikimedia Commons,https://commons.wikimedia.org/wiki/File:NAS_Cubi_Point_and_NS_Subic_Bay.jpg,"PH1(Nac) David R. Sanner, U.S. Navy",Public domain,,"Cropped to remove overlaid text where present; resized so the longer side is at most 1,024 px; re-encoded as JPEG; embedded metadata removed."
TP00436,Corregidor,Wikimedia Commons,https://commons.wikimedia.org/wiki/File:Corregidor_DN-ST-86-01667.JPEG,"PH1 David C. Maclean, U.S. Navy",Public domain,,"Cropped to remove overlaid text where present; resized so the longer side is at most 1,024 px; re-encoded as JPEG; embedded metadata removed."
TP00437,Ilagan Japanese Tunnel,Wikimedia Commons,https://commons.wikimedia.org/wiki/File:IlaganJapT02.jpg,Cray Ideas,CC BY-SA 4.0,https://creativecommons.org/licenses/by-sa/4.0,"Cropped to remove overlaid text where present; resized so the longer side is at most 1,024 px; re-encoded as JPEG; embedded metadata removed."
TP00438,Wallace Air Station,Wikimedia Commons,"https://commons.wikimedia.org/wiki/File:Wallace_Air_Station,_Philippines_in_1988.JPEG","PH2 David Sanner, U.S. Navy",Public domain,,"Cropped to remove overlaid text where present; resized so the longer side is at most 1,024 px; re-encoded as JPEG; embedded metadata removed."
TP00439,Fort San Felipe Historical Site,Wikimedia Commons,https://commons.wikimedia.org/wiki/File:Fort_San_Felipe_(Cavite_Puerto).jpg,Historia Caviteño,CC BY 4.0,https://creativecommons.org/licenses/by/4.0,"Cropped to remove overlaid text where present; resized so the longer side is at most 1,024 px; re-encoded as JPEG; embedded metadata removed."
TP00441,Fort Cuyo,Wikimedia Commons,https://commons.wikimedia.org/wiki/File:Fort_Cuyo.jpg,National Historical Commission of the Philippines,Public domain,,"Cropped to remove overlaid text where present; resized so the longer side is at most 1,024 px; re-encoded as JPEG; embedded metadata removed."
TP00442,Fuerza de Santa Isabel,Wikimedia Commons,"https://commons.wikimedia.org/wiki/File:Fuerza_Sta._Isabel_de_la_Paragua,_Poblacion,_Taytay,_Palawan.jpg",Manguao,CC BY-SA 4.0,https://creativecommons.org/licenses/by-sa/4.0,"Cropped to remove overlaid text where present; resized so the longer side is at most 1,024 px; re-encoded as JPEG; embedded metadata removed."
TP00443,Rizal Hill Park,Wikimedia Commons,"https://commons.wikimedia.org/wiki/File:Rizal_Monument_of_Mauban,_Quezon.jpg",Joelaldor,CC BY-SA 4.0,https://creativecommons.org/licenses/by-sa/4.0,"Cropped to remove overlaid text where present; resized so the longer side is at most 1,024 px; re-encoded as JPEG; embedded metadata removed."
TP00444,Heroes Park,Wikimedia Commons,"https://commons.wikimedia.org/wiki/File:Batangas_City,_Poblacion,_Plaza_Mabini_002.JPG",TagaSanPedroAko,CC BY-SA 3.0,https://creativecommons.org/licenses/by-sa/3.0,"Cropped to remove overlaid text where present; resized so the longer side is at most 1,024 px; re-encoded as JPEG; embedded metadata removed."
TP00445,People's Park in the Sky,Wikimedia Commons,https://commons.wikimedia.org/wiki/File:Tagaytay_People%27s_Park_in_the_Sky_2Nov2025_02.jpg,RFNirmala,CC0,http://creativecommons.org/publicdomain/zero/1.0/deed.en,"Cropped to remove overlaid text where present; resized so the longer side is at most 1,024 px; re-encoded as JPEG; embedded metadata removed."
TP00446,Rice Museum,Wikimedia Commons,https://commons.wikimedia.org/wiki/File:09148jfRice_Science_Museum_Tourism_Philippine_Rice_Research_Institute_Mu%C3%B1oz_Ecijafvf_27.JPG,Judgefloro,CC BY-SA 4.0,https://creativecommons.org/licenses/by-sa/4.0,"Cropped to remove overlaid text where present; resized so the longer side is at most 1,024 px; re-encoded as JPEG; embedded metadata removed."
TP00447,Aurora Park,Wikimedia Commons,https://commons.wikimedia.org/wiki/File:Laoag_Aurora_Park.jpg,Ranieljosecastaneda,CC BY-SA 4.0,https://creativecommons.org/licenses/by-sa/4.0,"Cropped to remove overlaid text where present; resized so the longer side is at most 1,024 px; re-encoded as JPEG; embedded metadata removed."
TP00448,Ciudad Real de Acuzar Heritage Park,Wikimedia Commons,"https://commons.wikimedia.org/wiki/File:Heritage_Houses-2,_Las_Casas_Filipinas_de_Acuzar,_Bataan.JPG",SamTan,CC BY-SA 3.0,https://creativecommons.org/licenses/by-sa/3.0,"Cropped to remove overlaid text where present; resized so the longer side is at most 1,024 px; re-encoded as JPEG; embedded metadata removed."
TP00449,Nagcarlan Underground Cemetery Historical Landmark,Wikimedia Commons,"https://commons.wikimedia.org/wiki/File:Nagcarlan_Underground_Cemetery_in_Laguna,_Philippines.jpg",Elmer B. Domingo,CC BY-SA 4.0,https://creativecommons.org/licenses/by-sa/4.0,"Cropped to remove overlaid text where present; resized so the longer side is at most 1,024 px; re-encoded as JPEG; embedded metadata removed."
TP00450,Perez Park,Wikimedia Commons,https://commons.wikimedia.org/wiki/File:Lucena_Perez_Park_Magsasaka.JPG,Nickrds09,CC BY-SA 3.0,https://creativecommons.org/licenses/by-sa/3.0,"Cropped to remove overlaid text where present; resized so the longer side is at most 1,024 px; re-encoded as JPEG; embedded metadata removed."
TP00451,Laurel Park,Wikimedia Commons,https://commons.wikimedia.org/wiki/File:Teodoro_Kalaw_and_Jose_Laurel_busts_at_the_Historical_Park.jpg,Ramon FVelasquez,CC BY-SA 3.0,https://creativecommons.org/licenses/by-sa/3.0,"Cropped to remove overlaid text where present; resized so the longer side is at most 1,024 px; re-encoded as JPEG; embedded metadata removed."
TP00452,Biyak-na-Bato Historic Site,Wikimedia Commons,"https://commons.wikimedia.org/wiki/File:Biak-na-Bato_National_Park_Panorama,_San_Miguel,_Bulacan_-_panoramio.jpg",Andrew Martin,CC BY 3.0,https://creativecommons.org/licenses/by/3.0,"Cropped to remove overlaid text where present; resized so the longer side is at most 1,024 px; re-encoded as JPEG; embedded metadata removed."
TP00453,Maria Cristina Park,Wikimedia Commons,"https://commons.wikimedia.org/wiki/File:Tarlac_Provincial_Capitol,_Maria_Cristina_Park_(Romulo_Boulevard,_Tarlac_City;_07-23-2023).jpg",Patrickroque01,CC BY-SA 4.0,https://creativecommons.org/licenses/by-sa/4.0,"Cropped to remove overlaid text where present; resized so the longer side is at most 1,024 px; re-encoded as JPEG; embedded metadata removed."
TP00454,Balanga City Wetland and Nature Park,Wikimedia Commons,"https://commons.wikimedia.org/wiki/File:290Ibong_Dayo_Festival_COB_Wetland_Nature_Park_Tortugas,_Balanga_City_23.jpg",Judgefloro,CC0,http://creativecommons.org/publicdomain/zero/1.0/deed.en,"Cropped to remove overlaid text where present; resized so the longer side is at most 1,024 px; re-encoded as JPEG; embedded metadata removed."
TP00455,Pulilan Butterfly Haven,Wikimedia Commons,https://commons.wikimedia.org/wiki/File:05035jfPulilan_Resort_Bulacan_Butterfly_caterpillars_Havenfvf_11.JPG,Judgefloro,CC BY-SA 4.0,https://creativecommons.org/licenses/by-sa/4.0,"Cropped to remove overlaid text where present; resized so the longer side is at most 1,024 px; re-encoded as JPEG; embedded metadata removed."
TP00456,San Pedro Gateway Park,Wikimedia Commons,https://commons.wikimedia.org/wiki/File:5658Tunasan_Muntinlupa_San_Antonio_San_Pedro_Laguna_42.jpg,Judgefloro,CC0,http://creativecommons.org/publicdomain/zero/1.0/deed.en,"Cropped to remove overlaid text where present; resized so the longer side is at most 1,024 px; re-encoded as JPEG; embedded metadata removed."
TP00457,Aurora Memorial National Park,Wikimedia Commons,https://commons.wikimedia.org/wiki/File:Aurora_Memorial_National_Park_.jpg,Jpsarabiawiki,CC BY-SA 3.0,https://creativecommons.org/licenses/by-sa/3.0,"Cropped to remove overlaid text where present; resized so the longer side is at most 1,024 px; re-encoded as JPEG; embedded metadata removed."
TP00458,Burnham Park,Wikimedia Commons,https://commons.wikimedia.org/wiki/File:Burnham_park_lake_5.jpg,JasDolt,CC0,http://creativecommons.org/publicdomain/zero/1.0/deed.en,"Cropped to remove overlaid text where present; resized so the longer side is at most 1,024 px; re-encoded as JPEG; embedded metadata removed."
TP00459,Pangasinan National High School,Wikimedia Commons,https://commons.wikimedia.org/wiki/File:2728Pangasinan_National_High_School_31.jpg,Judgefloro,CC0,http://creativecommons.org/publicdomain/zero/1.0/deed.en,"Cropped to remove overlaid text where present; resized so the longer side is at most 1,024 px; re-encoded as JPEG; embedded metadata removed."
TP00460,University of Nueva Caceres,Wikimedia Commons,https://commons.wikimedia.org/wiki/File:University_of_Nueva_Caceres_Arch.jpg,Jonathan Blaza,CC BY-SA 4.0,https://creativecommons.org/licenses/by-sa/4.0,"Cropped to remove overlaid text where present; resized so the longer side is at most 1,024 px; re-encoded as JPEG; embedded metadata removed."
TP00461,Paaralang Sentral ng Lingayen I,Wikimedia Commons,"https://commons.wikimedia.org/wiki/File:2719Poblacion,_Lingayen,_Pangasinan_37.jpg",Judgefloro,CC0,http://creativecommons.org/publicdomain/zero/1.0/deed.en,"Cropped to remove overlaid text where present; resized so the longer side is at most 1,024 px; re-encoded as JPEG; embedded metadata removed."
TP00462,Jose L. Basa Memorial School,Wikimedia Commons,"https://commons.wikimedia.org/wiki/File:Jose_L._Basa_Memorial_School,_Naujan_002.JPG",KisekiLacroix,CC BY-SA 4.0,https://creativecommons.org/licenses/by-sa/4.0,"Cropped to remove overlaid text where present; resized so the longer side is at most 1,024 px; re-encoded as JPEG; embedded metadata removed."
TP00463,San Pablo Central School,Wikimedia Commons,"https://commons.wikimedia.org/wiki/File:San_Pablo_Central_School_(Jose_Rizal_Avenue,_San_Pablo,_Laguna;_10-08-2022).jpg",Patrickroque01,CC BY-SA 4.0,https://creativecommons.org/licenses/by-sa/4.0,"Cropped to remove overlaid text where present; resized so the longer side is at most 1,024 px; re-encoded as JPEG; embedded metadata removed."
TP00464,Tarlac State University,Wikimedia Commons,https://commons.wikimedia.org/wiki/File:FvfTarlacCity8937_30.JPG,Judgefloro,CC BY-SA 3.0,https://creativecommons.org/licenses/by-sa/3.0,"Cropped to remove overlaid text where present; resized so the longer side is at most 1,024 px; re-encoded as JPEG; embedded metadata removed."
TP00465,Baguio Teachers' Camp,Wikimedia Commons,"https://commons.wikimedia.org/wiki/File:Baguio_Teacher%27s_Camp_(Leonard_Wood_Road,_Baguio_City;_12-04-2022).jpg",Patrickroque01,CC BY-SA 4.0,https://creativecommons.org/licenses/by-sa/4.0,"Cropped to remove overlaid text where present; resized so the longer side is at most 1,024 px; re-encoded as JPEG; embedded metadata removed."
TP00466,Don Honorio Ventura Technological State University,Wikimedia Commons,https://commons.wikimedia.org/wiki/File:2665Bacolor_Pampanga_Roads_Town_Landmarks_44.jpg,Judgefloro,CC0,http://creativecommons.org/publicdomain/zero/1.0/deed.en,"Cropped to remove overlaid text where present; resized so the longer side is at most 1,024 px; re-encoded as JPEG; embedded metadata removed."
TP00467,University of the Philippines Los Baños,Wikimedia Commons,https://commons.wikimedia.org/wiki/File:University_of_the_Philippines_at_Los_Banos-Gate.jpg,Julia Sumangil,CC BY 2.0,https://creativecommons.org/licenses/by/2.0,"Cropped to remove overlaid text where present; resized so the longer side is at most 1,024 px; re-encoded as JPEG; embedded metadata removed."
TP00468,Benguet State University,Wikimedia Commons,https://commons.wikimedia.org/wiki/File:Benguet_State_University_Admin_Building.jpg,Ralff Nestor Nacor,CC BY-SA 4.0,https://creativecommons.org/licenses/by-sa/4.0,"Cropped to remove overlaid text where present; resized so the longer side is at most 1,024 px; re-encoded as JPEG; embedded metadata removed."
TP00469,Holy Angel University,Wikimedia Commons,"https://commons.wikimedia.org/wiki/File:Holy_Angel_University_in_Angeles_City,_Pampanga,_Philippines_5.jpg",Pancit Canton Media,CC0,http://creativecommons.org/publicdomain/zero/1.0/deed.en,"Cropped to remove overlaid text where present; resized so the longer side is at most 1,024 px; re-encoded as JPEG; embedded metadata removed."
TP00470,Wright Institute,Wikimedia Commons,https://commons.wikimedia.org/wiki/File:JfSan_IsidroCentralSchool%E2%80%9CWright_Institute%E2%80%9Dfvf_09.JPG,Judgefloro,CC BY-SA 4.0,https://creativecommons.org/licenses/by-sa/4.0,"Cropped to remove overlaid text where present; resized so the longer side is at most 1,024 px; re-encoded as JPEG; embedded metadata removed."
TP00471,Angeles City Library and Information Center,Wikimedia Commons,https://commons.wikimedia.org/wiki/File:Angeles_City_Library_and_Information_Center_2.jpg,Judgefloro,CC0,http://creativecommons.org/publicdomain/zero/1.0/deed.en,"Cropped to remove overlaid text where present; resized so the longer side is at most 1,024 px; re-encoded as JPEG; embedded metadata removed."
TP00472,Cubal Elementary School,Wikimedia Commons,"https://commons.wikimedia.org/wiki/File:4921Agoo,_La_Union_Barangays_14.jpg",Judgefloro,CC0,http://creativecommons.org/publicdomain/zero/1.0/deed.en,"Cropped to remove overlaid text where present; resized so the longer side is at most 1,024 px; re-encoded as JPEG; embedded metadata removed."
TP00473,Rizal Monument San Pedro,Wikimedia Commons,"https://commons.wikimedia.org/wiki/File:SanPedro,Lagunajf2380_09.JPG",Ramon FVelasquez,CC BY-SA 3.0,https://creativecommons.org/licenses/by-sa/3.0,"Cropped to remove overlaid text where present; resized so the longer side is at most 1,024 px; re-encoded as JPEG; embedded metadata removed."
TP00474,"Rizal Monument in Silang, Cavite",Wikimedia Commons,"https://commons.wikimedia.org/wiki/File:Jose_Rizal_Hauling_Paalam_Monument,_Silang,_Cavite,_Dec_2025.jpg",Ralff Nestor Nacor,CC BY-SA 4.0,https://creativecommons.org/licenses/by-sa/4.0,"Cropped to remove overlaid text where present; resized so the longer side is at most 1,024 px; re-encoded as JPEG; embedded metadata removed."
TP00475,Rizal Monument in Magdalena,Wikimedia Commons,https://commons.wikimedia.org/wiki/File:Rizal_Monument_Magdalena.jpg,Elmer B. Domingo,CC BY-SA 4.0,https://creativecommons.org/licenses/by-sa/4.0,"Cropped to remove overlaid text where present; resized so the longer side is at most 1,024 px; re-encoded as JPEG; embedded metadata removed."
TP00476,Rizal Monument Pakil,Wikimedia Commons,"https://commons.wikimedia.org/wiki/File:Pakil,Lagunajf0402_11.JPG",Ramon FVelasquez,CC BY-SA 3.0,https://creativecommons.org/licenses/by-sa/3.0,"Cropped to remove overlaid text where present; resized so the longer side is at most 1,024 px; re-encoded as JPEG; embedded metadata removed."
TP00477,"Rizal Monument, Rizal Provincial Capitol",Wikimedia Commons,"https://commons.wikimedia.org/wiki/File:Rizal_Monument,_Rizal_Capitol_2.jpg",Roel Balingit,CC BY-SA 4.0,https://creativecommons.org/licenses/by-sa/4.0,"Cropped to remove overlaid text where present; resized so the longer side is at most 1,024 px; re-encoded as JPEG; embedded metadata removed."
TP00478,Tobacco Monopoly Monument,Wikimedia Commons,"https://commons.wikimedia.org/wiki/File:Abolition_of_Tobacco_Monopoly_Monument,_Laoag,_Ilocos_Norte,_Apr_2025.jpg",Ralff Nestor Nacor,CC BY-SA 4.0,https://creativecommons.org/licenses/by-sa/4.0,"Cropped to remove overlaid text where present; resized so the longer side is at most 1,024 px; re-encoded as JPEG; embedded metadata removed."
TP00479,Jose Rizal National Monument Daet,Wikimedia Commons,"https://commons.wikimedia.org/wiki/File:First_Rizal_Monument_Noli-Fili_(J.P._Rizal,_Daet,_Camarines_Norte;_04-14-2023).jpg",Patrickroque01,CC BY-SA 4.0,https://creativecommons.org/licenses/by-sa/4.0,"Cropped to remove overlaid text where present; resized so the longer side is at most 1,024 px; re-encoded as JPEG; embedded metadata removed."
TP00480,Rizal Monument Santa Cruz and Municipal Plaza,Wikimedia Commons,https://commons.wikimedia.org/wiki/File:SantaCruzMunicipalHaljf9427_07.JPG,Ramon FVelasquez,CC BY-SA 3.0,https://creativecommons.org/licenses/by-sa/3.0,"Cropped to remove overlaid text where present; resized so the longer side is at most 1,024 px; re-encoded as JPEG; embedded metadata removed."
TP00481,Apolinario Mabini Shrine San Pablo,Wikimedia Commons,"https://commons.wikimedia.org/wiki/File:Apolinario_Mabini_Monument,_San_Pablo,_Laguna,_July_2023.jpg",Ralff Nestor Nacor,CC BY-SA 4.0,https://creativecommons.org/licenses/by-sa/4.0,"Cropped to remove overlaid text where present; resized so the longer side is at most 1,024 px; re-encoded as JPEG; embedded metadata removed."
TP00482,Bantayog ng Labintatlong Martir ng Kabite,Wikimedia Commons,https://commons.wikimedia.org/wiki/File:CaviteCityjf5530_19.JPG,Ramon FVelasquez,CC BY-SA 3.0,https://creativecommons.org/licenses/by-sa/3.0,"Cropped to remove overlaid text where present; resized so the longer side is at most 1,024 px; re-encoded as JPEG; embedded metadata removed."
TP00483,Heneral Candido Tria Tirona Monument,Wikimedia Commons,https://commons.wikimedia.org/wiki/File:Candido_Tria_Tirona_statue_outside_Kawit_Church_-_2.jpg,Ramon FVelasquez,CC BY-SA 3.0,https://creativecommons.org/licenses/by-sa/3.0,"Cropped to remove overlaid text where present; resized so the longer side is at most 1,024 px; re-encoded as JPEG; embedded metadata removed."
TP00484,Diego Silang Monument,Wikimedia Commons,"https://commons.wikimedia.org/wiki/File:Diego_Silang_statue_and_historical_marker_in_Caba,_La_Union.jpg",Ramon FVelasquez,CC BY-SA 3.0,https://creativecommons.org/licenses/by-sa/3.0,"Cropped to remove overlaid text where present; resized so the longer side is at most 1,024 px; re-encoded as JPEG; embedded metadata removed."
TP00485,Francisco Makabulos Monument,Wikimedia Commons,"https://commons.wikimedia.org/wiki/File:Francisco_Macabulos_monument_(Tarlac_City,_May_2014)_-_2.jpg",Judgefloro,CC BY-SA 3.0,https://creativecommons.org/licenses/by-sa/3.0,"Cropped to remove overlaid text where present; resized so the longer side is at most 1,024 px; re-encoded as JPEG; embedded metadata removed."
TP00486,Corazon Aquino Monument,Wikimedia Commons,"https://commons.wikimedia.org/wiki/File:Cory_Aquino_Monument,_Tarlac_City,_Jul_2024.jpg",Ralff Nestor Nacor,CC BY-SA 4.0,https://creativecommons.org/licenses/by-sa/4.0,"Cropped to remove overlaid text where present; resized so the longer side is at most 1,024 px; re-encoded as JPEG; embedded metadata removed."
TP00487,Luisita Sugar Milling Factory,Wikimedia Commons,https://commons.wikimedia.org/wiki/File:Central_Azucarera_de_Tarlac.jpg,Markadan,CC BY-SA 3.0,https://creativecommons.org/licenses/by-sa/3.0,"Cropped to remove overlaid text where present; resized so the longer side is at most 1,024 px; re-encoded as JPEG; embedded metadata removed."
TP00488,Baguio Country Club,National Historical Commission of the Philippines,https://nhcphistoricsites.blogspot.com/2011/11/baguio-country-club.html,National Historical Commission of the Philippines,Philippine government work (RA 8293 Sec. 176); non-commercial use,https://lawphil.net/statutes/repacts/ra1997/ra_8293_1997.html,"Cropped to remove overlaid text where present; resized so the longer side is at most 1,024 px; re-encoded as JPEG; embedded metadata removed."
TP00489,Philippine National Railways - Cabuyao Railways Station,Wikimedia Commons,"https://commons.wikimedia.org/wiki/File:1872Barangays_Cabuyao,_Laguna_Roads_Landmarks_07.jpg",Judgefloro,CC0,http://creativecommons.org/publicdomain/zero/1.0/deed.en,"Cropped to remove overlaid text where present; resized so the longer side is at most 1,024 px; re-encoded as JPEG; embedded metadata removed."
TP00490,Emilio Aguinaldo Shrine,Wikimedia Commons,"https://commons.wikimedia.org/wiki/File:Aguinaldo_Shrine_at_Kawit,_Cavite.jpg",Ranieljose,CC BY-SA 3.0,https://creativecommons.org/licenses/by-sa/3.0,"Cropped to remove overlaid text where present; resized so the longer side is at most 1,024 px; re-encoded as JPEG; embedded metadata removed."
TP00491,Franklin Baker Company,Wikimedia Commons,https://commons.wikimedia.org/wiki/File:54Barangays_II-B_II-C_San_Pablo_City_05.jpg,Judgefloro,CC0,http://creativecommons.org/publicdomain/zero/1.0/deed.en,"Cropped to remove overlaid text where present; resized so the longer side is at most 1,024 px; re-encoded as JPEG; embedded metadata removed."
TP00492,San Fernando Train Station,Wikimedia Commons,https://commons.wikimedia.org/wiki/File:San_Fernando_Train_Station_19.jpg,LubGua987,CC BY-SA 4.0,https://creativecommons.org/licenses/by-sa/4.0,"Cropped to remove overlaid text where present; resized so the longer side is at most 1,024 px; re-encoded as JPEG; embedded metadata removed."
TP00493,Pamplona Station,Wikimedia Commons,"https://commons.wikimedia.org/wiki/File:PNR,_Pamplona_Station_(Northbound_Part)_September,_2023.jpg",NinoIsraelDoque28,CC BY-SA 4.0,https://creativecommons.org/licenses/by-sa/4.0,"Cropped to remove overlaid text where present; resized so the longer side is at most 1,024 px; re-encoded as JPEG; embedded metadata removed."
TP00494,Bataan Nuclear Power Plant,Wikimedia Commons,https://commons.wikimedia.org/wiki/File:Bataan_Nuclear_Powerplant.jpg,Jiru27,Public domain,,"Cropped to remove overlaid text where present; resized so the longer side is at most 1,024 px; re-encoded as JPEG; embedded metadata removed."
TP00495,Bonifacio Trial House Historical Landmark,Wikimedia Commons,"https://commons.wikimedia.org/wiki/File:Bonifacio_Trial_House,_Maragondon,_Cavite,_July_2025_(1).jpg",Ralff Nestor Nacor,CC BY-SA 4.0,https://creativecommons.org/licenses/by-sa/4.0,"Cropped to remove overlaid text where present; resized so the longer side is at most 1,024 px; re-encoded as JPEG; embedded metadata removed."
TP00496,Faro de Isla Corregidor,Wikimedia Commons,https://commons.wikimedia.org/wiki/File:Corregidor_Island_Lighthouse_2.jpg,donnamper,CC BY-SA 3.0,https://creativecommons.org/licenses/by-sa/3.0,"Cropped to remove overlaid text where present; resized so the longer side is at most 1,024 px; re-encoded as JPEG; embedded metadata removed."
TP00497,Cape Bolinao Lighthouse,Wikimedia Commons,https://commons.wikimedia.org/wiki/File:Bolinao_Lighthouse_002.JPG,KisekiLacroix,CC BY-SA 4.0,https://creativecommons.org/licenses/by-sa/4.0,"Cropped to remove overlaid text where present; resized so the longer side is at most 1,024 px; re-encoded as JPEG; embedded metadata removed."
TP00498,Bataan World War II Museum,Wikimedia Commons,https://commons.wikimedia.org/wiki/File:Bataan_World_War_2_Museum.jpg,Makubex1985,CC BY-SA 4.0,https://creativecommons.org/licenses/by-sa/4.0,"Cropped to remove overlaid text where present; resized so the longer side is at most 1,024 px; re-encoded as JPEG; embedded metadata removed."
TP00499,Martin Delgado Monument,Wikimedia Commons,https://commons.wikimedia.org/wiki/File:Heneral_Martin_Teofilo_Delgado_monument.jpg,National Historical Commission of the Philippines,Public domain,,"Cropped to remove overlaid text where present; resized so the longer side is at most 1,024 px; re-encoded as JPEG; embedded metadata removed."
TP00500,Malabrigo Lighthouse,Wikimedia Commons,https://commons.wikimedia.org/wiki/File:Malabrigo_Lighthouse_Lobo_Batangas.jpg,Ranieljosecastaneda,CC BY-SA 4.0,https://creativecommons.org/licenses/by-sa/4.0,"Cropped to remove overlaid text where present; resized so the longer side is at most 1,024 px; re-encoded as JPEG; embedded metadata removed."
TP00501,Rizal Monument Biñan,Wikimedia Commons,https://commons.wikimedia.org/wiki/File:Jose_Rizal_statue_in_Binan_laguna.JPG,Benjo sim,CC BY-SA 3.0,https://creativecommons.org/licenses/by-sa/3.0,"Cropped to remove overlaid text where present; resized so the longer side is at most 1,024 px; re-encoded as JPEG; embedded metadata removed."
TP00502,Calvo Building,Wikimedia Commons,https://commons.wikimedia.org/wiki/File:Calvo_Building.JPG,Ryomaandres,CC BY-SA 3.0,https://creativecommons.org/licenses/by-sa/3.0,"Cropped to remove overlaid text where present; resized so the longer side is at most 1,024 px; re-encoded as JPEG; embedded metadata removed."
TP00503,Ilocos Norte Provincial Capitol,Wikimedia Commons,https://commons.wikimedia.org/wiki/File:Ilocos_Norte_Provincial_Capitol_05.jpg,Carlo Joseph Moskito,CC BY-SA 4.0,https://creativecommons.org/licenses/by-sa/4.0,"Cropped to remove overlaid text where present; resized so the longer side is at most 1,024 px; re-encoded as JPEG; embedded metadata removed."
TP00504,Fort Culion,National Historical Commission of the Philippines,https://nhcphistoricsites.blogspot.com/2011/11/fort-culion.html,National Historical Commission of the Philippines,Philippine government work (RA 8293 Sec. 176); non-commercial use,https://lawphil.net/statutes/repacts/ra1997/ra_8293_1997.html,"Cropped to remove overlaid text where present; resized so the longer side is at most 1,024 px; re-encoded as JPEG; embedded metadata removed."
