ID,NAME,TPTI_NAME,CATEGORY,OTHER_NAMES,REGION,CITY,PROVINCE,CLASSIFICATION,DESCRIPTION,AREA,NCT,UNESCO_WH,UNESCO_WH_TENT,ICP,NA_WORK,NHL,HERITAGE_HOUSE,DESIGNATION,QUESTION_STEM,EXCLUSION_PRINCIPLE
TP00001,Spanish Colonial Monument of Rey Carlos IV,Spanish Colonial Monument of Rey Carlos IV,MONUMENT,Carlos IV Monument; Bantayog ni Carlos IV; monument of Carlos IV,NCR,Manila,Metro Manila,"National Cultural Treasure, National Museum","The monument of Carlos IV, erected by the people and the City of Manila in 1824, in gratitude for King Carlos IV of Spain for the gift of introducing the smallpox vaccine and its accompanying technology transfer that saved many lives; and over centuries, to remember Filipinos' dedication of the global battle against smallpox as symbolized by the monument.

Declared as a National Cultural Treasure by virtue of National Museum Declaration No. 09-2016",Metro Manila,1,0,0,0,0,0,0,HIGH,Which of the following was erected in 1824 as a tribute to a Spanish king for introducing the smallpox vaccine and is located in Manila?,The site was established in 1824 as a tribute to King Carlos IV of Spain for the introduction of the smallpox vaccine.
TP00002,Spanish Colonial Monument of Reyna Isabel II,Spanish Colonial Monument of Reyna Isabel II,MONUMENT,Isabel II Monument; Bantayog ni Isabela II; Monument of Reyna Isabela II,NCR,Manila,Metro Manila,"National Cultural Treasure, National Museum","The Monument of Reyna Isabela II is made of bronze, funded by donations from the City of Manila and erected amidst festive ceremonies in Arroceros of what is now known as Plaza Lawton or Liwasang Bonifacio; later removed and brough back to Intramuros in 1975, and now stand majestically along Magallanes Drive in front of the gate that bears its name, in memory of her reign over the historic colonial era that spans more or less four hundred years and Spanish influence on the Filipino people.

Declared as a National Cultural Treasure by virtue of National Museum Declaration No. 09-2016",Metro Manila,1,0,0,0,0,0,0,HIGH,Which of the following was erected in memory of a queen who reigned during a significant colonial era in the Philippines and was later relocated to a prominent area in Intramuros?,The site was erected in memory of a queen who reigned during a significant colonial era in the Philippines and was later relocated to a prominent area in Intramuros.
TP00003,Spanish Colonial Monument of Simon de Anda Monument,Spanish Colonial Monument of Simon de Anda Monument,MONUMENT,Simon de Anda Monument; Bantayog ni Simon de Anda; Anda Monument; Monument of Simon de Anda,NCR,Manila,Metro Manila,"National Cultural Treasure, National Museum","The Anda Monument was erected in 1871 near the Pasig River; later transferred to its present location along Bonifacio Drive; and has since served as a Rotunda or a roundabout at the boundary of Intramuros and Port Area in Central Manila, a prominent gateway and interachange system at the junction of the historic Walled City.

The Anda Monument was erected as a form of public gratitude to Simon de Anda as well as a recount of Anda's heroism and defense of Filipinos against abuse during his reign as Governor-general of the Islands from 1770 to 1776.

Declared as a National Cultural Treasure by virtue of National Museum Declaration No. 09-2016",Metro Manila,1,0,0,0,0,0,0,HIGH,Which of the following was established in 1871 as a tribute to a Governor-General known for his defense of Filipinos and is located at a significant junction between Intramuros and the Port Area in Manila?,The site was established in 1871 as a tribute to a Governor-General known for his defense of Filipinos and is located at a significant junction between Intramuros and the Port Area in Manila.
TP00004,Minor Basilica and Metropolitan Cathedral of the Immaculate Conception of Manila,Minor Basilica and Metropolitan Cathedral of the Immaculate Conception of Manila,RELIGIOUS_BUILDING,Manila Cathedral; Basilika Menor at Kalakhang Katedral ng Kalinis-linisang Paglilihi ng Maynila; Palatandaan ng Romano Katolikong Katedral ng Maynila; Basilica Minore de La Inmaculada Conception; Roman Catholic Cathedral of Manila Marker; Minor Basilica; Cathedral of Manila,NCR,Manila,Metro Manila,"Important Cultural Property, National Museum; Marked Structure, NHCP; Registered Property, City of Manila","A Roman Catholic Basilica dedicated to the Blessed Virgin Mary as Our Lady of the Immaculate Conception, the Principal Patroness of the Philippines is known as the Minor Basilica and Metropolitan Cathedral of the Immaculate Conception or the Manila Cathedral, and is located at Plaza de Roma in the Intramuros district of the City of Manila, a heritage zone by virtue of Presidential Decree 1616.

The Cathedral serving as the Episcopal See of the Archbishop of Manila, was originally a parish church owned and governed by the Archdiocese of Mexico in 1571, until it became a separate diocese on 6 February 1579 upon the issuance of the papal bull, Illius Fulti Præsido by Pope Gregory XIII. The present cathedral was constructed from 1954 to 1958 under His Eminence Rufino Jiao Cardinal Santos and under the supervision of the notable Filipino architect Fernando H. Ocampo.

In 1970, Pope Paul VI made an apostolic visit and celebrated Mass in this cathedral; and in 1981, Pope John Paul II issued a papal bull Quod Ipsum, clevating the shrine to a minor basilica through his own ""motu propio"" and the Papal arms have been placed beneath the cross on the northwest end.

The architecture of the current Manila Cathedral is in the Romanesque Revival or Neo-Romanesque style. It features a magnificent cupola, stained glass windows and mosaics, and restored walls from the earlier cathedral destroyed in 1945. Its facade is a replica of that of the seventh incarnation of the Cathedral. Several statues of saints were carved from molave wood which are replicas of statues originally sculpted from Roman travertine stone that stood in the Cathedral before 1945.

Several of the artworks inside the basilica were made by Italian artists, the statue of Saint Rose of Lima by Angelo Fattinanzi, Saint Jacob, Saint Andrew and Saint Anthony the Abbott were by sculptress Livia Papini, the statues of Saint Francis Xavier and Saint Polycarp were done by Alcide Tico. A bronze life-sized polychrome statue of the Immaculate Conception by Italian artist Enzo Assenza, is located above the high altar, also and a copy of Saint Peter's statue attributed to Arnolfo di Cambio is enshrined inside. The baptismal font and angel-shaped holy water fonts are also made of solid bronze by Publio Morbiducci and the prominent mosaic of Saint Jude Thaddeus was made by Marcello Mazzoli. Several statues of saints were carved from molave wood which are replicas of statues originally sculpted from Roman travertine stone that stood in the Cathedral before 1945. The 134 modern stained glass windows were made in 1964 by Filipino artist Galo Ocampo. The window set, which was a programme of Marian themes, was commissioned and funded by Cardinal Rufino Jiao Santos.

Manila Cathedral is actually the eighth cathedral to have been built on this site, the earlier ones having been destroyed by earthquakes, fire, and the Second World War. The cathedral crypt is the resting place for former Archbishops of Manila and a few other prelates: Michael J. O'Doherty, Gabriel M. Reyes, Cardinal Rufino J. Santos, Cardinal Jaime L. Sin, and Dom Ambrose Agius. Two former Presidents were permitted to lie in state under the Cathedral dome, Carlos P. García, 8th President of the Philippines and Corazón C. Aquino, 11th President of the Philippines, breaking centuries of tradition that reserved the right of lying-in-state beneath the dome to Archbishops of Manila.

Declared as an Important Cultural Property by virtue of Natioanl Museum Declaration No. 5-2017.

Marker Text:

Roman Catholic Cathedral of Manila

First cathedral built in 1581, damaged by a typhoon, 1582 and destroyed by fire, 1583. Second cathedral built of stone in 1592 and partially destroyed by earthquake, 1600. Third cathedral built of stone in 1614 and destroyed by the earthquake of 1645. Fourth cathedral magnificently built in 1654–1671 by Archbishop Miguel Poblete and destroyed by the earthquake ofv3 June 1863. Fifth cathedral built in 1870–1879 under architects Luciano Oliver, Vicente Serrano Salaverria and Eduardo Lopez Navarro and solemnly blessed in December 1879. The center of the cross on the dome is a reference point of astronomical longitudes of Manila in 1945. Sixth cathedral reconstruction 1954–1958; under the direction of Archbishop Rufino J. Santos of Manila mainly with the support of the people. Fernando Ocampo, architect.

Year Unveiled: 1958",Metro Manila,0,0,0,1,0,0,0,HIGH,"Which of the following was established as a separate diocese on February 6, 1579, and serves as the Episcopal See of the Archbishop of Manila?","The site must have been established as a separate diocese on February 6, 1579, and serve as the Episcopal See of the Archbishop of Manila."
TP00005,Minor Basilica of San Sebastian of Quiapo,Minor Basilica of San Sebastian of Quiapo,RELIGIOUS_BUILDING,San Sebastian Basilica; San Sebastian Church; Simbahan ng San Sebastian; Basilika Menor ng San Sebastian ng Quiapo; Palatandaan ng Simbahan ng San Sebastian; Church of San Sebastian Marker; Basilica of San Sebastian,NCR,Manila,Metro Manila,"National Cultural Treasure, National Museum; National Historical Landmark, NHCP; Marked Structure, NHCP","Inspired by the Romantic Movement of the 18th and 19th centuries, a church with a highly associated Neo-Gothic revival style of the Middle Ages was built in the midst of the old barrio of Calumpang in Quiapo, Manila. The Basilica of San Sebastian was first built and inaugurated on May 5, 1621 as the first Carmelite Shrine in the country dedicated to the holy martyr San Sebastian. It is also in the same day when the image of Our Lady of Mount Carmel was enshrined in the same church.

The all-steel Neo-Gothic revival church was the idea of Engineer Genaro Palacios, then director of Public Works in Manila. After the three masonry predecessors of the church have been defeated by the forces of nature, the engineer with expertise in seismic design recommended to the Recoletos a modern solution of building the church with steel instead of stone.

The church stands as a marvel in structural engineering skills and artistic creativity with its Gothicized pulpit and confessionals; silver frontals; frescoes and ornaments; delicately wrought ironworks and chandeliers; its twin spires with belfry; and the intricate massive paintings on colored glass which was freshly introduced to the Philippines by an internationally multi-awarded studio in Brussels, Belgium. The faux-finished interior of the church which astoundingly makes the inside look like marble and jasper instead of metal, was elaborately made by two of the most celebrated local artists of the 19th Century such as Isabelo Tampingco and Felix Martinez.

The Basilica is embellished with remarkable trompe l'oeil of saints and martyrs in niches, the only surviving work of Lorenzo Rocha, a 19th Century Filipino prizewinning portraitist. It also houses a magnificent gilded retablo designed by another notable Filipino artist of the same century, Lorenzo Guerrero. The Basilica, housing various antiques and liturgical and ecclesiastical objects such as the exquisite statues of Augustinian and Carmelite saints, as well as its awe- inspiring interior, represents the skills in intricate creative art endowed to our Filipino artists.

With Palacios who almost single-handedly move the concept of building the church to its actual execution and with the vigorous participation of some of the most celebrated artists and craftsmen in the Philippines, the eight years blueprint, contract and over 1.500 tons of prefabricated steel gave birth to the inauguration and blessing of the Basilica of San Sebastian on August 15, 1891 which was witnessed by a spectacle of ten thousand people. Being the only all-steel temple in Asia, the Basilica of San Sebastian stands 52 meters high in the very soul of the district. It held steadfast through the most catastrophic tremors, natural calamities and man-made havocs in Philippine history since 19th century.

Amidst rapid and growing modernization, the Basilica of San Sebastian thrived in the continuity of the spirit, culture and all the sacred traditions paving way to a unique wonder of the nation. In 1973 the church was declared as a Philippine National Historical Landmark and was subsequently listed on the World Monuments Fund's Watch list 2010 of Cultural Heritage at Risk.

Declared as a National Cultural Treasure by virtue of National Museum Declaration No. 8-2011 and a National Historical Landmark by virtue of Presidential Decree No. 260, s. 1973

Marker Texts:

San Sebastian Church

Designed by Genaro Palacios. The structural metal of which this church is uniquely built was manufactured in Belgium and erected here by Belgian engineers. The church was solemnly blessed August 16, 1891. Earlier churches built on this site by Recollect friars since 1611 were destroyed by earthquake in 1859, 1863 and 1880.

Year Unveiled: 1934

___

Simbahan ng San Sebastian

Sa bisa ng Kautusan ng Pangulo Bilang 260, Agosto 1, 1973 na sinusugan ng Kautusan Bilang 375, Enero 14, 1974, ang simbahang ito ay ipinahayag na Pambansang Palatandaang Makasaysayan.

Year Unveiled: 1976",Metro Manila,1,0,0,0,0,1,0,HIGH,"Which of the following was first inaugurated on May 5, 1621, as the country's first Carmelite shrine, and is now an all-steel Neo-Gothic church?","The site must have been first inaugurated on May 5, 1621, as the country's first Carmelite shrine, and now be an all-steel Neo-Gothic church."
TP00006,Saint Cecilia's Hall,Saint Cecilia's Hall,HISTORIC_BUILDING,Saint Cecilia; C Building; Bulwagang Santa Cecilia; St. Cecilia’s Hall,NCR,Manila,Metro Manila,"Marked Structure, NHCP; Important Cultural Property, National Museum","Marker Text:

St. Cecilia’s Hall

The Conservatory of Music of St. Scholastica’s College, Manila was founded in 1907 by Sister Baptista M. Battig, O.S.B. St. Cecilia’s Hall, designed by Andres Luna de San Pedro, was inaugurated on March 8, 1932, during the silver jubilee celebration of St. Scholastica’s College of Music. It became a premier music hall and venue of celebrated recitals and concerts of the school’s music students, local virtuosos, and foreign musicians. The hall was destroyed during the Liberation of Manila and rebuilt in 1955. it underwent a major interior renovation in 1998–99.

Date Unveiled: July 19, 1999
________

Declared as an Important Cultural Property by the National Museum of the Philippines through MD No. 1-2018 (Dec 5 2018)",Metro Manila,0,0,0,1,0,0,0,HIGH,"Which of the following was inaugurated on March 8, 1932, during the silver jubilee celebration of St. Scholastica’s College of Music?","The site was inaugurated on March 8, 1932, during the silver jubilee celebration of St. Scholastica’s College of Music."
TP00007,Camarin De La Virgen of the Parish Church of Nuestra Sra. de los Desamparados,Camarin De La Virgen of the Parish Church of Nuestra Sra. de los Desamparados,MISC,Camarin De La Virgen; Camarin dela Virgen; Nuestra Sra. de los Desamparados; Parish Church of Nuestra Sra. de los Desamparados,NCR,Manila,Metro Manila,"National Cultural Treasure, National Museum","The Parish Church of Nuestra Sra. de los Desamparados in Sta. Ana, Manila was constructed on a prehistoric burial site that was used from the 11th to the 14th centuries A.D. The prehistoric burial site at the church's courtyard is declared as a site-museum and a National Cultural Treasure pursuant to Presidential Decree No. 260 dated August 1, 1973.

The Parish Church of Nuestra Sra. de los Desamparados is one of the two remaining Manila churches that have retained its original interior and exterior. The most significant feature of the church is the ""dressing room"" known as the Camarin De La Virgen, situated on the second floor.

Constructed from 1720 to 1725, the camarin has retained much of its original appearance with painted ceiling, gilded plasters, azulejos tile floor, capiz windows, and other original features. The Virgin is seen from the behind in her full height, standing on a platform that wasa on the galleon that brought her image to the Philippines. The door of the camarin is flanked by ceilings and paintings of archangels and its ceiling covered with 11 large paintings on wood, depicting scenes from the life of the Virgin and Christ. These paintings are unique and are among the irreplaceable cultural properties of the Parish Church of Nuestra Sra. de los Desamparados, belonging to a short lived - ""Estampita Age"" of Filipino-Spanish Art.

The camarin is among the few old and immovable works of art that remain in-situ in the Philippine churches and 160 years older than the ceiling paintings of Jimenez Parish Church in Misamis Occidental, a National Cultural Treasure. The camarin is the only one of its kind in the Philippines and apparently the oldest datable Philippine painting. These paintings were restored in the 1970s by Architect Antonio Dumalo and since then there has been no recorded account of any other conservation work done on the paitings.

Declared as a National Cultural Treasure by virtue of National Museum Declaration No. 6-2008.",Metro Manila,1,0,0,0,0,0,0,HIGH,Which of the following was built between 1720 and 1725 on a prehistoric burial site and is recognized as a National Cultural Treasure in the Philippines?,The site was constructed between 1720 and 1725 on a prehistoric burial site and is declared a National Cultural Treasure.
TP00008,Aduana Building,Bureau of Customs Building,CIVIC_BUILDING,Gusali ng Kawanihan ng Adwana; Palatandaan ng Kawanihan ng Adwana; Bureau of Customs Marker; Bureau of Customs Building; Aduana; Old Customs House in Aduana,NCR,Manila,Metro Manila,"Important Cultural Property, National Museum; Marked Structure, NHCP","Built in the present port of Manila, the Bureau of Customs Building is one of the neo-classical structures that flourished in the city during the American Period. The building was designed by Architect Antonio Toleda in 1937 and was completed two years later.

It is a courtyard type of building with large windows to allow natural light and good ventilation; and topped by a tall spire which served as a lighthouse and look-out point. This building replaced the function of the Old Customs House in Aduana, Intramuros, which is presently in ruins. It architecture is considered as one of the neo-classical buildings that flourished during the Commonwealth Period Manila.

Declared as an Important Cultural Property by virtue of National Museum Declaration No. 9-2017.

Marker Text:

Bureau of Customs

Itinatag bilang Direccion General de Aduanas sa ilalim ng Secretaria de Hacienda, Nobyembre 30, 1898. Naging Philippine Customs Service, Pebrero 6, 1902. Nagpanibagong-tatag, Marso 3, 1902. Nakilala sa bagong pangalang Bureau of Customs and Immigration sa ilalim ng pamamatnubay ng Department of Finance and Justice, Hulyo 14, 1902. Nahiwalay sa Bureau of Immigration, Mayo 1, 1947. Ang titulong Insular Collector ng Aduana ay naging Commissioner of Customs, Hulyo 1, 1947. Sumailalim sa reorganisasyon sa bisa ng Kautusan ng Panulo Blg. 1, Setyembre 24, 1972.

Date Unveiled: February 6, 2002",Metro Manila,0,0,0,1,0,0,0,HIGH,Which of the following was completed in 1939 and served as a replacement for the Old Customs House in Intramuros?,The site was completed in 1939 and replaced the Old Customs House in Intramuros.
TP00009,El Hogar Filipino Building,El Hogar Filipino Building,HISTORIC_BUILDING,El Hogar; El Hogar Building; El Hogar Filipino,NCR,Manila,Metro Manila,"Important Cultural Property, National Museum","El Hogar Filipino Building, also known simply as ""El Hogar"", is an early skyscraper in Manila, Philippines and located at the corner of Juan Luna Street and ""Muelle dela Industria"" in the Binondo district along the Pasig River and flanked by the First City National Building on the right, and the Hong Kong and Shanghai Bank Building on its rear.

The five-storey office building built in 1914 in the Beaux-Arts style reflecting elements of Neoclassical and Renaissance styles which was deisgned by Spanish-Filipino engineer Don Ramon Jose de Irureta Goyena Rodriguez. The El Hogar was built sometime between 1911 and 1914, as a wedding present in celebration of the marriage of Dona Margarita Zobel y de Ayala, sister of patriarch Don Enrique Zobel y de Ayala, and Don Antonio Melian Pavia, a Spanish businessman who was titled as the ""Conde de Peracamps"".

During its heyday, El Hogar Building housed the Sociedad El Hogar Filipino, a financing cooperative founded by Melian and its business empire, such as the ""Filipinas Compania de Seguros"", ""Tondo de Beneficiencia "", ""Casa de Espana"", ""Casa de Pensiones"", and the ""Ayala y Compania"", ""Sociedad Lizarraga Hermanos"", and Smith, Bell and Company.

The El Hogar Filipino Building is one of those structures that tell stories of the past. The building has seen numerous events from the American insular government to the Philippine Commonwealth, from the Second Philippine Republic to the liberation of the city, and finally the independence of the country in 1946. In the post-war years, the lending company El Hogar Filipino had closed down, along with other Melian businesses, leaving only the ""Filipinas Compania de Seguros"", and was later sold to the Fernandez family, and eventually rented out to other companies.

Declared as an Important Cultural Property by virtue of National Museum Declaration No. 06-2017.",Metro Manila,0,0,0,1,0,0,0,HIGH,"Which of the following was built in 1914 as a wedding gift and has witnessed significant historical events in the Philippines, including the country's independence in 1946?","The site was built in 1914 as a wedding gift and has witnessed significant historical events in the Philippines, including independence in 1946."
TP00010,Gota de Leche Building,Gota de Leche Building,HISTORIC_BUILDING,Gota de Leche; Gusaling Gota De Leche; Palatandaan ng La Gota de Leche; La Gota de Leche Marker; La Gota de Leche,NCR,Manila,Metro Manila,"Important Cultural Property, National Museum; Marked Structure, NHCP","Gota de Leche, also known as ""drop of milk"", is the first active charity unit founded by La Proteccion de la Infancia, a charitable institution that set up milk station in the country to provide ample nourishment to Filipino infants and to combat the high rate of infant mortality since December 23, 1906.

The Gota de Leche is housed in an exceptional building built in 1915 at a busy street at the center of Manila. It is one of the very few surviving buildings of heritage value existing in typical university belt urbanscape of nondescript and mid-rise building. The building was designed in the Neo-Renaissance style taking its architectural inspiration from the Ospedealedegli Innocent in Florence by the Italian architectural giant, Brunelleschi.

Declared as an Important Cultural Property by virtue of National Museum Declaration No. 1-2014

Marker Text:

La Gota de Leche

Mapagkawanggawang proyekto ng La Proteccion de la Infancia na nagbibigay ng gatas sa mga sanggol. Pinasinayaan sa Daang San Pedro, ngayon Daang Evangelista, Quiapo, 1907. Nagpatayo ng bagong gusali sa Sampaloc, 1914. Dinisenyo ni Arcadio at Juan Arellano batay sa Ospedale Degli Innocenti ni Brunelleschi sa Florence, Italya. Binuksan, 1915. Inayos, 2002.

Year Unveiled: 2003",Metro Manila,0,0,0,1,0,0,0,HIGH,Which of the following was established in 1906 to provide nourishment to Filipino infants and is housed in a Neo-Renaissance style building completed in 1915?,The site was established in 1906 to provide nourishment to Filipino infants and is housed in a Neo-Renaissance style building completed in 1915.
TP00011,Chapel of the Crucified Christ,Chapel of the Crucified Christ,RELIGIOUS_BUILDING,Kapilya ng Pinakong Kristo,NCR,Manila,Metro Manila,"Marked Structure, NHCP; Important Cultural Property, National Museum; Work of National Artist for Architecture Juan F. Nakpil (in collaboration with Andres Luna de San Pedro)","Marker Text:

Chapel of the Crucified Christ
St. Paul University Manila

Ipinatayo ayon sa disenyo ni Arkitekto Andres Luna de San Pedro sa pamumuno ni Reverend Mother Saint Xavier Vermeersch, SPC at pinasinayaan ni Apostolic Nuncio Guglielmo Piani, 1927. Ginamit ng puwersang Hapones noong Ikalawang Digmaang Pandaigdig, 1944–1945. Nasunog ang simbahan maliban sa harapan na may disenyo ng krusipiho noong Labanan sa Maynila na ikinasawi ng maraming sibilyan na nagkanlong dito, 1945. Muling ipinatayo ayon sa orihinal na disenyo at pinasinayaan ni Arsobispo Michael J. O’Doherty ng Maynila, 1948.

Date Unveiled: November 23, 2007
____

Declared as an Important Cultural Property by the National Museum of the Philippines through MD No. 1-2018 (Dec 5 2018)",Metro Manila,0,0,0,1,1,0,0,HIGH,Which of the following was inaugurated in 1927 and later rebuilt after being damaged during World War II in Manila?,The site was inaugurated in 1927 and rebuilt after being damaged during World War II.
TP00012,Capilla de San Pancracio in Camposanto de La Loma,Capilla de San Pancracio in Camposanto de La Loma,RELIGIOUS_BUILDING,Lumang Kampo Santo ng San Pancracio ng La Loma; Chapel of Saint Pancratius of La Loma; St. Pancratius Chapel; Kapilya ng San Pancracio; Capilla de San Pancracio; Camposanto de La Loma,NCR,Caloocan City,Metro Manila,"National Cultural Treasure, National Museum","Amidst Manila's oldest cemetery ""Camposanto de La Loma"" is a century old beautiful Chapel dedicated to St. Pancratius, an old structure that survived wars, typhoons, earthquakes, and other calamities. The ""Camposanto de La Loma"" is one of the few sites that escaped destruction during World War II in the 1945 Battle of Manila where most of the city's assemblage of heritage buildings was destroyed, leaving this crucial structure intact, Capilla de San Pancracio as one of the country's historical and architectural heritage.

The chapel's facade has detailed carvings consisting of the main door with elaborate carvings with the year 1884 and a marker with the Latin text ""Beautimortui qui in domino mariuntur"" which translates to ""Blessed are the dead who die in the grace of Lord"". The chapel's metal gate has curly grills and is guarded by two white-painted lion statues, while on the sides of the facade are statues of two saints. The chapel walls are made of ""adobe"" (volcanic tuff) blocks, its roof with big dome and a cross, and the sides are supported by buttresses with windows in between. The chapel is elevated and has plights of stairways on its front and rear sides. Both the front and rear stairways have two stone markers on each side with the texts ""Evangelio"", a Spanish term for gospel, and ""Espitula"", a Spanish term for letters.

The chapel was used as a fort by Filipino fighters during the Philippine-American War of 1899 to 1902 and became a ""cursillo"" retreat house in the 1970s and to 1990s, piles of beds used are still extant kept in the warehouse of the room at the back.

Also referred to as ""Lumang Simbahan"", the chapel's architecture is considered as as Pseudo-baroque with its elaborate facade characterized by detailed carvings of various figures and ornamentations. The funerary chapel can be seen from the background with the distinctive dome design as well as the interesting two iron column pairs which bears strong resemblrance to the iron columns that stands in this oldest cemetary of Manila.

Declared as an National Cultural Treasure by virtue of National Museum Declaration No. 4-2017.",Metro Manila,1,0,0,0,0,0,0,HIGH,Which of the following was used as a fort by Filipino fighters during the Philippine-American War and is located in Manila's oldest cemetery?,The site must have been used as a fort by Filipino fighters during the Philippine-American War.
TP00013,White Cross Building Complex,White Cross Building Complex,HISTORIC_BUILDING,White Cross Orphanage; Preventorium Building; White Cross-Quezon Preventorium; The White Cross; White cross,NCR,San Juan City,Metro Manila,"Important Cultural Property, National Museum; Work of National Artist for Architecture Pablo S. Antonio","The White Cross Building, originally known as Preventorium Building (an orphanage) was built and designed by Pablo Antonio - National Artist for Architecture; inaugurated on September 10, 1938 with President Manuel Luis Quezon and First Lady Doña Aurora Quezon to house folded children of unwed mothers, physically or mentally incapacitated parents, prisoners, victims of incest and rape, tuberculosis patients or those of unknown parents.

The art deco-building is made of concrete with early modern motif as its facade containing the classic Italian bas relief by Italian sculptor Francesco Monti; a saucer-like structure, it features a ramp for easy access of baby carriages, incorporating idea of accessibility in this children's home, long before wheelchair access in buildings has been made to become mandatory; with hardly any interventions in the structure, well-preserved integrity of the building as well as its environs, and with maximum use of natural light and cross-ventilation in its surroundings typifies an Architect Antonio's works.

Declared as an Important Cultural Property by virtue of National Museum Declaration No. 10-2016

The prestigious White Cross Orphanage was the brain child of a most charitable and civic family in old Manila. Don Salvador Araneta and his gracious wife Victoria ﬁrst opened their home as a free school for the underprivileged children. The institution then started to grow incorporating inspired new members like Mrs. Mercedes Zobel Me Micking. The list then continued to expand. From its conception in the mid nineteen thirties, The White Cross ﬁnally found its permanent home in Santolan Street, San Juan, Manila. Built on a sprawling ﬁeld with an abundance of trees, the White cross is truly an architectural jewel. Designed by the national architect Pablo S. Antonio, the Building even up to this day remains a timeless monument.

Indeed European inspired, elegantly symmetrical with an imposing facade on whose two sides are highlighted by a pair of bas-reliefs executed by the notable Italian artist Francesco Riccardo Monti. Pablo S. Antonio graduated from the University of London. Having a European degree in architecture meant a different view and aspect for venture and designs for future projects in Manila. The White Cross orphanage with its European character incorporated the elements of tropical architecture for which Arch. Antonio had been also credited.

The courtyards, the large windows for natural light and ventilation. Aside from the stairway, a smooth circular undulating ramp on the left side of the structure leads to the second and third levels of the building. Indeed much advanced before ramps for wheelchairs were mandatory. Spacious classrooms, dormitories, recreational area, even a chapel are all well maintained through the effort of numerous dedicated donors and benefactors.

Indeed this truly exceptional piece of architecture will continuously remain one of the best works of Pablo Antonio. It remains among Manila’s worthy remaining architectural design of the mid thirties, a remarkable landmark. (Source: The Architectural Legacy of Pablo S. Antonio: 1901-1975)",Metro Manila,0,0,0,1,1,0,0,HIGH,"Which of the following was inaugurated on September 10, 1938, to serve as a home for children of unwed mothers and those with incapacitated parents?","The site was inaugurated on September 10, 1938, to serve as a home for children of unwed mothers and those with incapacitated parents."
TP00014,Fort San Antonio Abad,The Fortifications of Manila: Fort San Antonio Abad,MILITARY_STRUCTURE,The Fortifications of Manila: Fort San Antonio Abad; Tanggulang San Antonio Abad; Fuerte de San Antonio Abad; Fort of San Antonio Abad,NCR,Manila,Metro Manila,"National Cultural Treasure, National Museum; Marked Structure, NHCP; Registered Property, City of Manila","The Fort of San Antonio Abad was first erected in 1584 to guard the main approach to Manila from the south, and was therefore, together with the fortifications of Intramuros, an integral component of the system of defense of the city that, having been restored and subsequently maintained by the Bangko Sentral ng Pilipinas since the 1970s, remains fittingly preserved as a historical and cultural landmark.

Declared as a National Cultural Treasure by virtue of National Museum Declaration No. 10-2014

Marker Text:

Fort of San Antonio Abad

The origin of this fort dates from 1584. It was captured by the British in 1762 and rebuilt at the beginning of the nineteenth century, when it was called La Polvorista because it was used as powder magazine. The first battalion of the First Colorado Regiment, under the command of Lt. Col. McCoy, took possession of this fort and hoisted the American flag over it on August 13, 1898.

Year Unveiled: 1937",Metro Manila,1,0,0,0,0,0,0,HIGH,Which of the following was first constructed in 1584 to protect the main approach to Manila from the south and has been recognized as a National Cultural Treasure?,The site was first constructed in 1584 to guard the main approach to Manila from the south and is declared a National Cultural Treasure.
TP00015,Paco Park (Cementerio Municipal De Manila y Capilla de San Pancracio),Paco Park (Cementerio Municipal De Manila y Capilla de San Pancracio),CULTURAL_LANDSCAPE,Paco Cemetery; Liwasang Paco (Sementeryong Bayan ng Maynila at Kapilya ng San Pancracio),NCR,Manila,Metro Manila,"National Cultural Treasure, National Museum; National Historical Shrine, Office of the President; Historical Marker, NHCP; Work of National Artist for Landscape Architecture Ildefonso P. Santos","Declared as a National Cultural Treasure by virtue of National Museum Declaration No. 8-2015, and National Historical Shrine as declared by the Office of the President during the Philippine's centennial anniversary of its declaration of independence from Spain.

Marker Texts:

Paco Cemetery

Completed shortly previous to the cholera epidemic of 1820. Nine of the niches were donated by the City of Manila in grateful acknowledgment of the services of the Dominicans to the victoms of cholera. The mausoleum of Governor General Ramon Solano y Lladeral is inside the mortuary chapel. The remains of the Filipino leader, Dr. José Rizal y Mercado, were interred here from December 30, 1896 to December 29, 1912.

Year Unveiled: 1938

---

National Historical Shrine

This area where the remains of Dr. Jose Rizal, the three martyred priests, Fathers Mariano Gomes, Jose Burgos and Jacinto Zamora and other great filipinos were buried is declared as National Historical Shrine by the Office of the President, Republic of the Philippines in commemoration of the centennial of the Philippine Independence, the first constitutional Republic in Asia.",Metro Manila,1,0,0,0,1,0,0,HIGH,Which of the following was declared a National Historical Shrine during the centennial anniversary of the Philippine Declaration of Independence and was the burial site of Dr. José Rizal?,The site must be declared a National Historical Shrine during the centennial anniversary of the Philippine Declaration of Independence and serve as the burial site of Dr. José Rizal.
TP00016,Old Concepcion Mansion,Old Concepcion Mansion,OLD_HOUSE,Lumang Mansyon ng Concepcion; Pasig City Museum,NCR,Pasig City,Metro Manila,"Important Cultural Property, National Museum",,Metro Manila,0,0,0,1,0,0,0,HIGH,,
TP00017,The Fortifications of Manila at Intramuros,The Fortifications of Manila at Intramuros,MILITARY_STRUCTURE,Mga Tanggulan ng Maynila sa Intramuros; Fort Santiago; Baluarte de San Diego; Fortifications of Intramuros,NCR,Manila,Metro Manila,"National Cultural Treasure, National Museum","The fortifications of Intramuros, incorporating Fort Santiago as its citadel, were commenced in 1571-1574, largely assuming their present form in 1769-1787, with the last gate, the Puerta Isabel II, being built in 1869-1862. Portions of the fortifications of Intramuros were demolished, and the moat filled in, during the American colonial period (1898-1935). Having suffered heavy damage and destruction during the battle of Manila in 1945, the fortifications of Intramuros were left in ruins for several decades. The fortifications of Intramuros have been progressively restored and reconstructed since the 1960s, in an ongoing effort that acknowledges their outstanding historical and cultural value to the nation. 

The fortifications of Intramuros comprise of Fort Santiago, in its entirety, including its moat; all extant and restored or reconstructed bastions, redoubts, ravelins, curtain walls, gates and bridges; the known sites of all demolished component structures, including the site of the Baluarte de Santo Domingo, and its gate, the Reducto de San Greogorio, and Baluarte de Santo Domingo (all demolished in the early 1900s); and the entirety of the area of the moat, including their inner moat (foso), outer moat (contrafoso) and associated structures and earthworks (all filled in and relandscaped in the early 1900s).

Declared as a National Cultural Treasure by virtue of National Museum Declaration No. 10-2014",Metro Manila,1,0,0,0,0,0,0,HIGH,Which of the following was constructed between 1571 and 1872 and has undergone significant restoration since the 1960s due to its historical and cultural importance?,The site was constructed between 1571 and 1872 and has undergone significant restoration since the 1960s.
TP00018,Tomas Pinpin Monument,Tomas Pinpin Monument,MONUMENT,Monumento ni Tomas Pinpin; Tomas Pinpin Monument,NCR,Manila,Metro Manila,"Important Cultural Property, National Museum","An obelisk structure in memory of Tomas Pinpin, the first Filipino printer was built in 1911 in Plaza Cervantes to mark the third centennial of the introduction of printing in the Philippines. The structure was later moved to Plaza Calderon de la Barca now Plaza San Lorenzo Ruiz in 1979.

Tomas Pinpin was a printer, writer, and publisher from Abucay, Bataan who was sometimes reffered as the ""Prince of the Filipino Printers"", he was credited for printing 14 books and authored ""Librong Pag-aaralan nang mga Tagalog ng Wikang Kastila"" in 1610 having learned printing as an apprentice at a Chinese press in Binondo.

This obelisk monument symbolizes the first attempt of  immersion to the mother language of the country at the time of the Spanish Colonial Period. A street was later named as well in honor of Tomas Pinpin, a marked historical personage to which the obelisk structure was dedicated.

Declared as a Important Cultural Property by virtue of National Museum Declaration No. 15-2017.",Metro Manila,0,0,0,1,0,0,0,HIGH,Which of the following was built in 1911 to commemorate the first Filipino printer and was later relocated to Plaza San Lorenzo Ruiz in 1979?,"The site was built in 1911 to honor Tomas Pinpin, the first Filipino printer, and was moved to Plaza San Lorenzo Ruiz in 1979."
TP00019,Las Piñas Bamboo Organ,Las Piñas Bamboo Organ,MISC,Orgánong Kawáyan ng Las Piñas; Bamboo Organ,NCR,Las Piñas City,Metro Manila,"National Cultural Treasure, National Museum","Installed inside the Parish Church of St. Joseph in Las Piñas, the Bamboo Organ is the only known oldest and largest bamboo organ existing in the world today with a unique and distinct sound as compared to other pipe organs. The bamboo used for the organ has been identified as Bambusa sp. (Gramineane) and is indigenous to Batangas and the Luzon area. The transformation of the local bamboo into a pipe organ was an important catalyst in the formation of Philippine musical practices which are aptly associated with lowland Filipinos at a period when optimism and hope reigned generally over the Philippine landscape, i.e. as a concommitant change in political economy beginning the early 19th century.

The organ was built with the indomitabe spirit of the Recollect priest-scientist-humanist, Fr. Diego de Cera de la Virgen del Carmen in 1816 with the able assitance of ordinary FIlipino people, the organ has since stood for the fusion of technological genius and musical aesthetic creativity, in which foreign technology was adapted for local use in music.

Declared as a National Cultural Treasure by virtue of National Museum Declaration No. 01-2003",Metro Manila,1,0,0,0,0,0,0,HIGH,Which of the following was built in 1816 by a Recollect priest and is recognized as the oldest and largest of its kind in the world?,The site was built in 1816 by a Recollect priest and is the oldest and largest of its kind in the world.
TP00020,Manila Central Post Office Building,Manila Central Post Office Building,CIVIC_BUILDING,Post Office; PhilPost; Philippine Postal Corporation; Palatandaang Pangkasaysayan ng Gusaling Central Post Office ng Maynila; Philippine Post Office Building; Philippine Post Office; Tanggapan ng Koreo sa Maynila,NCR,Manila,Metro Manila,"National Historical Landmark, NHCP; Important Cultural Property, National Museum; Historical Marker, NHCP","The Manila Central Post Office Building at Liwasang Bonifacio, Manila, designed by Filipino architect Juan Arellano, is one of the preeminent structures designed in the Neo-Classical style. The building was constructed in 1926 along the Pasig River accoridng to the Burnham Plan, flanked by two bridges, the Jones Bridge and the MacArthur Bridge, for accessibility to both land and water transport. The Post Office Building was severely damaged during the Battle for Manila in 1945 and was rebuilt along the same lines through the Philippines Rehabilitation Act of 1946 in recognition of its historic and heritage value. The building with its commanding position along the Pasig River constituted one of the most famous landmarks of Manila and the Philippines during a period when Manila was first recognized as one of the most beautiful cities of Southeast Asia.

Declared as a National Historical Landmark by virtue of  National Historical Commission of the Philippines Resolution No. 1 s. 2012, and an Important Cultural Property through National Museum Declaration No. 8-2017.

Marker Text:

Philippine Post Office

Itinatag bilang Tanggapan ng Koreo sa Maynila, 1767; itinaas bilang Distritong Pangkoreo ng Espanya, 1779; nagpanibagong-tatag, 5 Disyembre 1837; naging pangunahing sentrong pangkoreo, 1838. Naging kasapi ng Universal Postal Union, 1877. Itinatag bilang Lingkurang Pangkoreo sa bisa ng Kautusan ng Pangulong Emilio Aguinaldo, 1898. Muling itanatag bilang kawanihan sa ilalim ng Kagawaran ng Pangangalakal sa bisa ng Batas ng Komisyon ng Pilipinas Blg. 426, 15 Setyembre 1902. Itinayo ang kasalukuyang gusali na may arkitekturang neo-klasiko, 1926. Nasira noong Ikalawang Digmaang Pandaigdig; muling ipinatayo, 1946. Pinangalanang Postal Services Office sa pangangasiwa ng Kagawaran ng Transportasyon at Komunikasyon sa bisa ng Kautusang Pampangasiwaan Blg. 125, 13 Abril 1987; at Philippine Postal Corporation sa bisa ng Batas ng Republika Blg. 7354, 3 Abril 1992.

Date Unveiled: June 2, 1994",Metro Manila,0,0,0,1,0,1,0,HIGH,Which of the following was constructed in 1926 along the Pasig River and was rebuilt after being severely damaged during World War II?,The site was constructed in 1926 along the Pasig River and was rebuilt after World War II damage.
TP00021,National Museum of Fine Arts Building (Old Legislative Building),National Museum of Fine Arts Building (Old Legislative Building),CIVIC_BUILDING,Old Legislative Building; National Assembly Building; Congress Building; Executive House; National Art Gallery; Palatandaang Pangkasaysayan ng Lumang Gusaling Lehislatibo; Ang Pambansang Museo; Old Legislative Building Historical Landmark; Ang Pambansang Museo Marker; National Museum of Fine Arts; Pambansang Museo,NCR,Manila,Metro Manila,"National Cultural Treasure, National Museum; National Historical Landmark, NHCP","The Old Legislative Building was originally designed by Bureau of Public Works Consultant, Architect Ralph Harrington Doane and Antonio Toledo in 1918, and was planned to be the future home of the National Library of the Philippines, in accordance with Daniel Burnham's 1905 Plan for Manila. The façade of the building had classical features using stylized Corinthian columns, ornamentation and Renaissance inspired sculptural forms.

In 1926, the Philippine Legislature was moved into the Library building and modification to the building's layout was done by Architect Juan M. Arellano, eventually the building became known as the Legislative Building. The Second Regular Session of the 7th Philippine Legislature was formally commenced on the inauguration of the building on July 16, 1926. It was also contemporaneously the headquarters of the National Library from 1928 to 1944.

In 1935, the Commonwealth of the Philippines was proclaimed, and the inauguration of President Manuel L. Quezon was held outside the building. The building became home of the National Assembly of the Philippines, and it was then known as the National Assembly Building.

In 1940, the National Assembly was replaced by a bicameral Congress of the Philippines, comprising of a Senate and House of Representatives. The Senate occupied the upper floors while the House occupied the lower floors. The building served as home of the Commonwealth Congress until 1945. In World War II, Japanese forces in Manila bombed and destroyed the buildin in February 1945. Most of the structures were destroyed, except for the still-standing central part. With the inauguration of the Republci of the Philippines in 1946, the building was reconstructed to be home of the Congress.

The building became known as the Congress Building, and continuously served as the home of the Congress of the Philippines until 1972 with the declaration of martial law. The building then became home of the offices of the Prime Minister of the Philippines, a position established under the 1973 Constitution of the Philippines, on the fourth floor, the Ombudsman on the third floor, the National Museum on the second floor, and the Sandiganbayan on the ground floor. The building was called the Executive House for the duration of the that time. The Congress of the Philippines was re-established with the ratification of the 1987 Constitution of the Philippines. While the House of Representatives moved to the Batasang Pambansa Complex in Constitution Hill in Quezon City, the Senate used the original Congress Building for their plenary sessions. The Senate used the Congress Building until May 1997. The former office of the Prime Minister was taken as the Office of the Vice-President.

The building was then turned over to the National Museum of the Philippines in 1998 pursuant to Republic Act No, 8492 or the National Museum Act of 1998. Re-named as the National Art Gallery, the building houses one of the country's most well-known paintings, the Spoliarium by Juan Luna Y Novicio. It is displayed across El Asesinato del Gobernador Bustamante (The Assassination of Governor Bustamante), the largest known work by Luna's contemporary and friend, Felix Resurreccion Hidalgo. The National Art Gallery is presently known as the National Museum of Fine Arts forming part of the Museum Complex under the aforementioned Republic Act.

Declared as a National Cultural Treasure by virtue of National Museum Declaration No. 07-2016 and National Historical Landmark by virtue of National Historical Commission Resolution No. 8, s. 2010.

Marker Texts:

Old Legislative Building

Sinimulang ipatayo ayon sa disenyo nina Ralph Harrington Doane at Antonio Toledo para sa Aklatan ng Pilipinas, 1918. Pinagpasyahang maging gusali ng legislatura ayon sa pagbabago sa plano ni Juan Arellano, 1926. Dito ginanap ang Constitutional Convention na pinamunuan ni Claro M. Recto, 1934. Nanumpa ang mga Pangulo ng Pilipinas: Manuel L. Quezon, 1935; Jose P. Laurel, 1943; at Manuel A. Roxas, 1946. Nasira sa digmaan, 1945. Ipinaayos sa tulong ng U.S. Philippine War Damage Commission; at pinangalanang Congress of the Philippines, 1949. Naging tanggapan ng Punong Ministro matapos idiklara ang Martial Law, 1972; ibinalik sa Kongreso, 1987. Ginamit bilang tanggapan ng Pangalawang Pangulo ng Pilipinas, Senado, Sandiganbayan at Ombudsman. Inilipat sa Pambansang Museo, 12 Pebrero 1998. Ipinahayag bilang Pambansang Palatandaang Pangkasaysayan ng Pambansang Komisyong Pangkasaysayan ng Pilipinas, 30 Setyembre 2010.

Year Unveiled: 2010

---

Ang Pambansang Museo

Itinatag sa Maynila noong Oktubre 29, 1901 bilang Insular Museum of Ethnology, Natural History and Commerce sa ilalim ng Kagawaran ng Instruksyong Pambayan at sa bisa ng Batas ng Komisyon ng Pilipinas Blg. 284. Sina Dean C. Worcester, David P. Barrows at Albert E. Jenks ang naging mga unang direktor. Hiwalay sa naunang Museo–Biblioteca na itinatag noong mga huling taon ng pananakop ng mga Kastila, ito ay ilang ulit na nagpalit ng pangalan at kinalalagyan. Isinailalim sa iba’t ibang kagawaran, inilipat, at pinawalang-saysay, nang dakong huli, ito ay muling itinatag bilang Pambansang Museo.
Sa pagpapatibay ng Batas ng Republika Bilang 8492, kilala bilang Batas ng Pambansang Museo ng 1998, na nilagdaan ng Pangulong Fidel V. Ramos noong Pebrero 12, 1998, ang Pambansang Museo ay iniayos bilang pangunahing proyekto sa pagdiriwang ng Ikasandaang Taon ng Pagpapahayag ng Kalayaan ng Pilipinas (1898–1998).
Pinalawak at isinama ang dating gusali ng Department of Finance, ang “Museum of the Filipino People” ay itinatag sa pamamagitan ng pagsusumikap ng Presidential Committee to Assist the National Museum sa pangangasiwa ni P. Gabriel S. Casal (1987–2001).
Ang Concerned Citizens for the National Museum, ngayo’y “Museum Foundation of the Philippines”, ay nagtaguyod at tumangkilik sa pagtatatag ng Pambansang Museo bilang nagsasariling institusyon na may pirmihang tahanan.

Date Unveiled: October 21, 2001",Metro Manila,1,0,0,0,0,1,0,HIGH,Which of the following was the site of the inauguration of President Manuel L. Quezon in 1935 and served as the home of the National Assembly of the Philippines?,The site was the location of the inauguration of President Manuel L. Quezon in 1935 and served as the home of the National Assembly of the Philippines.
TP00022,Manila Metropolitan Theater,Manila Metropolitan Theater,HISTORIC_BUILDING,Manila Metropolitan Theater; Dulaang Metropolitan; MET; NCCA Metropolitan Theater; Metropolitan Theater Building; Gusali ng Dulaang Metropolitan,NCR,Manila,Metro Manila,"National Cultural Treasure, National Museum; National Historical Landmark, NHCP; Registered Property, City of Manila","At the heart of Manila, the capital city of the country, lies the famous Manila Metropolitan Theater, a venue of Philippine artistic and cultural endeavors that catered to the requirements of artists and audience in all areas of the performing arts and is envisioned to function in the years to come. During its glory days, the theater was a favorite venue for cultural productions presenting the talents and heavenly voices of long-gone opera greats and inspired composition of National Artists. The income from a series of show performed in this theater partially supported the charitable initiatives of a group of women volunteers led by Helen Benitez, Nenita Barrios, Trophy Campos, Bing Escoda, and Conchita Sunica during the war years.

The theater, built in 1924 formally inaugurated on December 10, 1931, combines the work and creativity of prominent artists and architects contributing to its design, construction and beautification. They were Architect Juan M. De Guzman Arellano (Architecture), Arcadio Arellano (Interior Design), world renowned Italian sculptor Francesco Riccardo Monti, Isabelo Tampinco and Matthias Kraut (stained glass façade). First Filipino National Artist Fernando Amorsolo designed murals for the theater. These murals and plaques depicting the muses of Music, Tragedy, Comedy and Poetry adorn the walls of the building.

The Manila Metropolitan Theater, is the most outstanding example of Art Deco architecture in the country as it stands in contrast to the neo-classical architecture that typifies its adjacent buildings. The façade of the Theater is festive and colorful. It features stylized motifs typical of Art Deco design, but with a uniquely Filipino touch. These Filipino motifs of tropical flowers and fruits ornament the structure's grilles, stairways, and wall detailing. Tomas Pinpin ceiling trellises of succulent mangoes, graceful bamboo stalks, flamboyant anahaw and banana leaves are the rarest examples of Philippine Art Deco. The other remarkable features of the theater are its proscenium-like entrance window-mural of colored glass. The 4-bay six story building is crowned by a pair of mansard roofs. On the front French windows open to balconies with cast-iron grills. The balconies are supported by consoles.

The components of the theater are aesthetically significant for their craftsmanship, mode, technical excellence, exquisiteness, expression of skill, and quality of design and execution. Following the restoration of the theater by virtue of US Rehabilitation Act of 1946 after it was severely damaged in 1945 during World War II, it served again as one of the country's top venues for cultural and artistic presentations whereby in December 1978 the theater was declared a national landmark that would record the priceless heritage of the Filipinos cultural evolution. Following its declaration as a National Landmark and ensuing revival in 1978, the theater housed the Manila Symphony Orchestra Asia's oldest orchestra and once again became the setting for creative expression until withdrawal of financial assistance led to its decline.

The theater came to be the site of major productions and these include original Filipino works as well as the classics of the world's dramatic repertoire. Here too, Filipino lyric theater is celebrated by celebrated Filipino talents. The theater's direction over the years were marked by people oriented programs and activities. These programs were directed at producing original Filipino plays, musicals, concerts at the same time featuring the best works from the World repertoire to broaden the understanding of Filipinos to the world of arts.

Declared as a National Cultural Treasaure by virtue of National Museum Declaration No. 4-2020, and a National Historical Landmark through National Historical Institute Resolution No. 4 s. 1976.

Marker Texts:

Manila Metropolitan Theater

Nagsimula bilang isang Pambansang Tanghalan ayon sa disenyo ni Arkitekto Juan Arellano. Pinasinayaan noong 1931. Naging tanghalan ng mga artistang Pilipino at banyaga. Nagpalabas ng mga opera, pageant, at dulang Kastila at Ingles na isinalin sa Tagalog para sa mga Filipino noong Ikalawang Digmaang Pandaigdig. Nasira nang bahagya noong 1945. Ang gumuhong gusali ay naging tirahan ng mga squatter at pinangalanang Besa Boxing Arena. Ibinalik sa dating maringal na anyo noong 1978 ng Komisyon ng Kalakhang Maynila.

Year Unveiled: 1988

----

Gusali ng Dulaang Metropolitan

Sa bisa ng Resolusyon Bilang 4, Oktubre 21, 1976 ng Pambansang Suriang Pangkasaysayan na binigyan ng karapatan ng Seksiyon 4 ng Kautusan ng Pangulo Bilang 260, Agosto 1, 1973, na sinusugan ng Kautusan ng Pangulo Bilang 375, Enero 14, 1974, ang gusaling ito ay ipinahayag na Pambansang Palatandaang Makasaysayan.",Metro Manila,1,0,0,0,0,1,0,HIGH,"Which of the following was inaugurated on December 10, 1931, and has served as a prominent venue for Philippine artistic and cultural endeavors?","The site was inaugurated on December 10, 1931, and has served as a venue for artistic and cultural events."
TP00023,Bonifacio National Monument,Bonifacio National Monument,MONUMENT,Monumento; Bantayog ni Andres Bonifacio; Pambansang Bantayog ni Bonifacio; Bonifacio Monument,NCR,Caloocan City,Metro Manila,"National Cultural Treasure, National Museum; National Monument, NHCP; Work of National Artist for Sculpture Guillermo E. Tolentino","The Bonifacio Monument in Caloocan City is highly artistic as it is symbolic, each component serves to dramatize revolutionary fervor, and permeated with meanings integrated within the visual form. The monument was created to honor the Supremo of the Katipunan, Andres Bonifacio, who led the fight of an oppressed common mass.

The monument is the masterpiece of Guillermo Tolentino, National Artist, and it was selected as the best design among the entries submitted for competition in honoring the Supremo and his contribution to Philippine independence on August 29, 1930. One of the earlier works of Tolentino, done from 1931 to 1933 with the help of another sculptor, Anastacio Caedo, the monument breathes power even as it speaks of the gentility of Tolentino's creative hand.

The main component of the monument is a forty-five pylon topped by the bozzetto for the winged figure of victory;  at its base, on a platform-like structure are figures underlining the various causes of revolution against Spain. The pylon or obelisque is composed of five parts corresponding to the five aspects of the secret society, Kataastaasan, Kagalanggalang na Katipunan ng mga Anak ng Bayan (Highest and Most Venerable Association of the Sons of the Nation).  The monument is composed of twenty-three bronze figures done with the lost-wax technique that surround a four-sided marble pylon or obelisque that rises from an octagon marble base; the eight sides of the base represent the first eight provinces which took part in the revolution of 1896 while the three steps of each of the stairways stands for the three centuries the Philippines was dominated by Spain. The center figure is Andres Bonifacio as he stands proudly at the head of his army with the flag of the Revolution being gloriously unfurled on the southern side of the pylon. The figures present membership in the Katipunan that goes through a rite of initiation culminating in the signing of one's name in his own blood and then marching with the ranks; the sequence is found in the andante; the images of suffering and torture in the adagio lamentoso; and finally in largo lagubre, death.

The presentation of events is montage where events are not of the same time or place but the summation of oppressions exploding in protest in the defiant figure of Bonifacio. The grouping of figures gives a sense of symmetry, a symmetry relieved by slight variations. The human figures show Tolentino's handling of details with accuracy, specifically in terms of anatomy; his attention to detail makes him a realist, a way of stating the truth. The monument is provided with a reflecting pool, suggesting the characteristics of water, an elemental force described by the National Hero, Dr. Jose Rizal, in El Filibusterismo, allusive of the Filipino temper; the same allusive orchestration of elements is seen in the composition of elements.

The monument stand in Caloocan City, where the first Cry of Independence (Cry of Balintawak) rent the air on August 23, 1896. The ceremonial cornerstone was laid on November 30, 1929 by Dona Aurora A. Quezon, the wife of then President Manuel Luis Quezon.

Declared as a National Cultural Treasure by virtue of National Museum Declaration No. 4-2009, and a National Monument through National Historic Institue Resolution No. 9 s. 2002.

Marker Text:

Bantayog ni Andres Bonifacio

Ipinatayo sa bisa ng Act No. 2760, 23 Pebrero 1918 bilang alaala kay Andres Bonifacio, nagtatag ng Katipunan (7 Hulyo 1892) at pinuno ng Himgsikang Filipino ng 1896. Inilapat ang cornerstone sa pangunguna ni Aurora A. Quezon, 30 Nobyembre 1929. Dinisenyo ng Pambansang Alagad ng Sining, Guillermo E. Tolentino, 1930. Pinasinayaan, 30 Nobyembre 1933. Ipinahayag na Pambansang Bantayog ng Pambansang Suriang Pangkasaysayan, 14 Agosto 2002, at Pambansang Yamang Pangkalinangan ng Pambansang Museo, 30 Nobyembre 2009. Sumasagisag sa diwang makabayan ng mga Filipino.

Year Unveiled: 2009",Metro Manila,1,0,0,0,1,0,0,HIGH,"Which of the following was created to honor the leader of the Katipunan and was unveiled on November 30, 1933, in Caloocan City?","The site was created to honor the leader of the Katipunan and was unveiled on November 30, 1933, in Caloocan City."
TP00024,Monument of Dr. Jose Rizal,Monument of Dr. Jose Rizal,MONUMENT,Rizal Monument; Dr. Jose P. Rizal Monument; Pambansang Bantayog ni Jose Rizal; Jose Rizal National Monument; Rizal Park; Luneta Park; Bagumbayan; Ang Pambansang Bantayog ni Jose Rizal; Bantayog ni Jose Rizal,NCR,Manila,Metro Manila,"National Cultural Treasure, National Museum; National Monument, NHCP; Registered Property, City of Manila","On September 28, 1901, the Philippine Commission approved Act No. 243, ""An Act Granting the Right to Use Public Land upon the Luneta in the City of Manila Upon Which to Erect a Statue to Jose Rizal"". The present monument, the work of Swiss sculptor Richar Kissling entitled Motto Stella or ""Guiding Star"", and dedicated to Dr. Rizal by the Filipino people, was unveiled on December 30, 1913, on the occassion of the 17th death anniversary of the National Hero, during which event the remians of Dr. Rizal were interred in within its granite base.

The monument in Luneta, today known as Rizal Park, has become a preeminent national political, historical, and cultural symbol, evoking the virtues, patriotism, sacrifice, death, and legacy of Dr. Rizal as a personification of the struggles, aspirations, and strength of the Filipinos throughout the generations past, present, and future as an independent and sovereign people among the community of nations.

The independence of the Philippines from the Unites States of America and the proclamation of the establlishment of the Republic of the Philippines took place in front of the monument on July 4, 1946. The monument, perpetually guarded by an honor guard of the Philippine Marine Corps, is the traditional and time-honored focal point for national celebrations of Independence Day, Rizal Day, the inauguration of Presidents of the Philippines, tributes during state and official visits of foreign leaders and dignitaries, and other public observations and events.

The monument is also regarded as an artistice and cultural icon and a leading exemplar for public monuments throughout the country and Filipino communities around the world, including otehr monnuments to Dr. Rizal erected in foreign nations.

Declared as a National Cultural Treasure by virtue of National Museum Declaration No. 9-2013, and a National Monument through National Historical Commission of the Philippines Resolution No. 05 s. 2013.

Marker Texts: 

Jose Rizal National Monument
(1913)

Act No. 243 granted the use of public land in Luneta as a site for the Jose Rizal Monument, 28 September 1901. The monument entitled “Motto Stella,” was the entry of Swiss sculptor Richard Kissling to the international design contest for the Rizal Monument, 1905–1907. The monument was constructed of bronze and granite, 1912. The remains of Rizal were transferred from Binondo to the base of the monument, 30 December 1912, unveiled, 30 December 1913. Declared a National Monument, 15 April 2013 and National Cultural Treasure, 14 November 2013.

Date Unveiled: December 30, 2013

Ang Pambansang Bantayog ni Jose Rizal
1913

Inilaan ang isang pampublikong lupa para sa pagpapatayo ng Bantayog ni Jose Rizal sa Luneta sa bisa ng Batas Blg. 243, 28 Setyembre 1901. Dinisenyo ang bantayog na may titulong “Motto Stella” ni Richard Kissling, isang Suwiso, bunga ng pandaigdigang patimpalak para sa disenyo ng bantayog, 1905–1907. Itinayo yari sa tanso at granite, 1912. Inilipat sa tuntungan nito ang mga labi ni Rizal mula Binondo, 30 Disyembre 1912. Pinasinayaan, 30 Disyembre 1913. Ipinahayag bilang Pambansang Bantayog, 15 Abril 2013 at Pambansang Yamang Pangkalinangan, 14 Nobyembre 2013.

Date Unveiled: December 30, 2013",Metro Manila,1,0,0,0,0,0,0,HIGH,"Which of the following was unveiled on December 30, 1913, as a tribute to a national hero and serves as a focal point for national celebrations in the Philippines?","The site was unveiled on December 30, 1913, as a tribute to a national hero."
TP00025,Church of Sto. Domingo and its Collection of Liturgical Objects,Church of Sto. Domingo and its Collection of Liturgical Objects,RELIGIOUS_BUILDING,"National Shrine of Our Lady of the Holy Rosary of La Naval de Manila, Sto. Domingo Church; Palatandaan ng Simbahan ng Santo Domingo; Simbahan ng Santo Domingo Marker; Sto. Domingo Church; Church of Sto. Domingo; Church of Santo Domingo; Simbahan ng Santo Domingo; Nuestra Senora del Santisimo Rosario; Our Lady of La Naval",NCR,Quezon City,Metro Manila,"National Cultural Treasure, National Museum; Marked Structure, NHCP; Work of National Artist for Architecture Jose Maria V. Zaragoza; Registered Property, Quezon City","The Church of Santo Domingo in Quezon City, the sixth church of the same name to serve as the Philippine motherhouse of the Order of Preachers, commonly known  as the Dominicans was designed by the architect Jose Maria Zaragoza in his ""Spanish Moderne"" style. The Church of Santo Dominngo, is one of the tallest and largest churches in the country, and is decorated with significant works by distinguished artists, such as the staine-glass windows designed by Galo Ocampo depicting the fifteen mysteries of the Holy Rosary, eight murals by National Artist Carlos V. Francisco illustrating the life of Santo Domingo de Guzman, portraits of the four evangelists by Antonio Garcia Llamas and, by Francesco Riccardo Monti, a frieze in high relief over the entrances of the church depicting the story of the La Naval de Manila as well as a gigantic sculpture of Santo Domingo himself on the facade of the bell tower.

The Church of Santo Domingo, as with its predecessors since 1588, has housed the image of Nuestra Senora del Santisimo Rosario, which was brought by the galleon from Mexico, and which since 1652 has been known as La Naval de Manila when outnumbered Spanish-Filipino forces were victorious in naval engagements with the Dutch, due to the intercession of the Blessed Virgin that was credited to the image. The Church of Santo Domingo, through the Museo de Santo Domingo, houses a large collection of previous liturgical objects, including the image of Our Lady of La Naval, crucifixes and images of saints, vestments, and vessels used for worship, relics of saints, and many other properties of outstanding cultural significance.

Declared as a National Cultural Treasure by virtue of National Museum Declaration No. 4-2012.

---

Marker Text:

Simbahan ng Santo Domingo

Dating kapilyang yari sa kahoy na ipinatayo ng mga unang misyonaryong Dominiko sa tulong ni Obispo Domingo de Salazar, O.P. sa Intramuros, Maynila, at pinasinayaan noong Enero 1, 1588; gumuho noong 1589. Ipinatayong yari sa bato, kasama ang kumbento ni Padre Alonso Jimenez, O.P., 1592, at idinambana ang milagrosong “Our Lady of the Rosary “ o “La Naval,” 1593. Nasunog, 1603, at muling ipinatayo, 1613; nasirang bahagya ng lindol, 1645, at pinaayos nang taon din iyon; muling nasira ng lindol, 1863, at ipinagawang may kamanga-manghang Neo-Gothic ni Arkitekto Felix Roxas, 1867; at huling nasira ng bombahin ng mga sundalong Hapones, 1941. Inilipat at ipinagawa sa pook na ito, inilagay ang unang bato, 1952; pinasinayaan ni Rufino J. Cardinal Santos, 1954; at ipinahayag na National Shrine of Our Lady of the Rosary ng Philippine Hierarchy, 1954.

Year Unveiled: 1988",Metro Manila,1,0,0,0,1,0,0,HIGH,Which of the following was declared a National Cultural Treasure in 2012 and serves as the Philippine motherhouse of the Order of Preachers?,The site must be declared a National Cultural Treasure in 2012 and serve as the motherhouse of the Order of Preachers.
TP00026,Social Security System,Social Security System,CIVIC_BUILDING,SSS; Paseguruhan ng Manggagawa sa Pribadong Sektor,NCR,Quezon City,Metro Manila,"Important Cultural Property, National Museum; Marked Structure, NHCP; Work of National Artist for Architecture Juan F. Nakpil",,Metro Manila,0,0,0,1,1,0,0,HIGH,,
TP00027,Church of the Holy Sacrifice Historical Landmark,Church of the Holy Sacrifice Historical Landmark,RELIGIOUS_BUILDING,U.P. Chapel; Flying Saucer; Chapel of the Holy Sacrifice; Simbahan ng Banal na Pagpapakasakit; Palatandaan ng Simbahan ng Banal na Pagpapakasakit; Church of Holy Sacrifice,NCR,Quezon City,Metro Manila,"National Historical Landmark, NHCP; Important Cultural Property, National Museum; Work of National Artist for Architecture Leandro V. Locsin; Registered Property, Quezon City","The Church of Holy Sacrifice located at the University of the Philippines campus in Diliman, Quezon City possess the early works of five National Artists, namely, Leandro V. Locsin (Architecture), Napoleon Abueva (Sculpture); and Arturo R. Luz, Vicente Manansala; and Ang Kiukok (Painting).  Architect Locsin designed the unique circular church; Mr. Abueva made the crucific that hangs from the unadorned dome; Mr. Luz designed the floor in terrazzo depicting the ""River of Life"" radiating from the altar; and with the assistance of Mr. Kiukok, Mr. Manansala made the wall-sized Stations of the Cross. Father John P. Delaney SJ who established the UP Student Catholic Association (SCA) was the moving spirit behind the building of the church. This church is the first round church ever erected as well as the first thin-shelled concrete dome structure in the country.

The Chapel of the Holy Sacrifiice was conceived in 1954 by the young architect Leandro V. Locsin as his first major commissioed work at the instance of then UP Chaplain Fr. John P. Delaney, SJ. The chapel was completed in 1955, with such architectural achievements as being the first thin-shelled concrete dome on the Philippines and the country's first circular chapel with an altar in the middle.

Declared as an Important Cultural Property by virtue of National Museum Declaration No. 1-2006, and a National Historical Landmark by virtue of National Historical Insitute Resolution No. 5, s 2005.

Marker Text

Church of the Holy Sacrifice

Built at the instance of U.P. Chaplain John P. Delaney, S.J., 1955. Architectural design by Leandro V. Locsin. Murals of the Stations of the Cross by Vicente S. Manansala assisted by Ang Kiukok; sculpture of crucifix and altar by Napoleon V. Abueva; River of Life floor terrazo by Arturo R. Luz. Construction, David M. Consunji and Felisberto G. Reyes; thin-shell dome design Alfredo L. Juinio. Water system Lamberto Un Ocampo, electrical system Jose M. Segovia and Agapito S. Pineda. An outstanding example of contemporary architecture of the 1950’s as the first circular chapel and first thin-shell dome in the country. A living monument to the artistry by proclaimed National Artists and ingenuity by the UP College of Engineering. Declared Important Cultural Property by the National Museum, and National Historical Landmark by the National Historical Institute, December 2005.

Date: 12 January 2006",Metro Manila,0,0,0,1,1,1,0,HIGH,Which of the following was completed in 1955 and is recognized as the first circular chapel and first thin-shelled concrete dome structure in the Philippines?,The site was completed in 1955 and is the first circular chapel and first thin-shelled concrete dome structure in the Philippines.
TP00028,Parish Church of San Agustin and Liturgical Objects therein,Parish Church of San Agustin and Liturgical Objects therein,RELIGIOUS_BUILDING,San Agustin Church; Immaculate Conception Parish Church of San Agustin; Shrine of Our Lady of Consolacion y Correa; Baroque Churches of the Philippines; Church of the Immaculate Conception of San Agustin; Simbahan ng San Agustin ng Intramuros; Palatandaan ng Simbahan ng San Agustin; Church of San Agustin,NCR,Manila,Metro Manila,"UNESCO World Heritage Site; National Cultural Treasure, National Museum; National Historical Landmark, NHCP; Registered Property, City of Manila","San Agustin Church was one of the four Philippine churches constructed during the Spanish Colonial period to be designated as a World Heritage Site by UNESCO, under the collective title Baroque Churches of the Philippines.

In 1571, the first buildings of San Agustin were constructed using bamboo and nipa leaves. These buildings, located in the southern wall of Intramuros, were eventually destroyed because of typhoon and strong winds. In 1586, a resolution was passed to build a stronger structure. Large adobe stones, then one of the strongest construction materials in use, was chosen to rebuild the church. These stones were especially cut from quarries as far as Guadalupe, Meycauayan and San Mateo, Rizal. The structure built along the intersection of Calle Real and St. Lucia Street would later become a Monastery. Rectangular in shape, the monastery housed a courtyard which was later converted into a garden by famous botanist Fr. Blanco. In this garden, Fr. Blanco devoted his time in studying the numerous species of plants found in the Philippines. At present, the Parish Church of San Agustin is the oldest church in the Philippines and the only church dating to the Spanish Colonial Era still in existence within the walled city.

Declared as a National Cultural Treasure and National Historical Landmark by virtue of Presidential Decree No. 260.

Marker Text:

Church of San Agustin

Oldest stone church in the Philippines. Plans were approved in 1586. Construction started in 1587 and completed in 1607 under the supervision successively of Augustinian Fathers Francisco de Bustos, Ildefonso Perez, Diego de Avila and Brother Alonso de Perea. Its architect was Juan Macias. It has withstood many earthquakes from 1645 up to the present and survived the British invasion in 1762, the Spanish–American War in 1898 and the Japanese invasion in 1942. The church choir has 68 carved molave seats with narra inlaids, an artistic lectern and parchment cantorals of the 17th and 18th centuries. The church and its graves were profaned during the British occupation of Manila in 1762. The ashes of early Spanish conquistadores Legazpi, Salcedo, Lavezares, and blessed Pedro de Zuniga and others now rest in the easternmost chapel of the transept. Terms for the American occupation of Manila were prepared in the vestry of the church in 1898. The First Philippine Plenary Council was held here in 1953. Chosen as a World Heritage Site by UNESCO in 1993.

Year Unveiled: 1998",Metro Manila,1,1,0,0,0,1,0,HIGH,Which of the following was designated as a World Heritage Site by UNESCO in 1993 and is known as the oldest stone church in the Philippines?,The site must be designated as a World Heritage Site by UNESCO in 1993 and recognized as the oldest stone church in the Philippines.
TP00029,Parish Church of San Bartolome of Malabon,Parish Church of San Bartolome of Malabon,RELIGIOUS_BUILDING,San Bartolome Church; Malabon Church; Simbahan ng San Bartolome ng Malabon; San Bartolome,NCR,Malabon City,Metro Manila,"Marked Structure, NHCP; Important Cultural Property, National Museum; Registered Property,  City of Malabon","San Bartolome Church’s protruding triangular pediment, supported by the colonnade of the façade, bears Augustinian symbol and the year 1861. The façade features eight (8) imposing ionic columns reminiscent of a greco-roman temple. The church has a central nave and two aisles, transcept, and a dome in the media naranja or barrel vault style which is cupped by a campanile. It measures 40.14 meters by 25.05 meters. The main entrance is a jubilee door decorated with wood carvings and a retablo with the image of Saint Bartholomew the Apostle is present.",Metro Manila,0,0,0,1,0,0,0,HIGH,Which of the following was completed in 1861 and features a façade with eight ionic columns reminiscent of a Greco-Roman temple?,The site was completed in 1861 and has a façade with eight ionic columns.
TP00030,Parish Church of San Roque of Pateros,Parish Church of San Roque of Pateros,RELIGIOUS_BUILDING,Santa Maria Shrine; Pateros Church; San Roque de Pateros Church Complex; San Roque Parish Church; Simbahan ng San Roque ng Pateros; Palatandaan ng Simbahan ng Pateros; Simbahan ng Pateros Marker; Simbahan ng Pateros,NCR,Pateros,Metro Manila,"Important Cultural Property, National Museum (San Roque de Pateros Church Complex); Marked Structure, NHCP","Marker Text:

Simbahan ng Pateros

Itinatag ng mga Agustino bilang visita ng Pasig, 1572. Naging visita ng Taguig, 1742. Naging parokya sa patronato ni San Roque, 1 Hunyo 1815. Ipinatayo nina Padre Andres Veil at Padre Manuel Pelaes ang simbahan yari sa bato ayon sa disenyo ni Padre Santos Gomez Marañon, 1815. Ipinagawa ni Padre Raymundo Martinez ang kampanang ipinangalan kay San Isidro, 1821. Nasira ng lindol, 1863. Ipinaayos ni Padre Nicolas Gonzales, 1892; ipinatapos ni Padre Tomas Espejo, 1893. Pansamantalang naging kuwartel heneral ni Hen. Emilio Aguinaldo ang kumbento, 1–2 Enero 1897. Nasira noong Labanan sa Pateros, 14 Marso 1899. Dito ikinulong ng mga Hapon ang mga Pilipinong dinakip sa Pateros, Agosto 1943. Maraming sibilyan ang pinaslang ng mga Hapon sa loob ng simbahan at sa paligid nito, Disyembre 1944.

Date Unveiled: August 15, 2015",Metro Manila,0,0,0,1,0,0,0,HIGH,Which of the following was established as a visita in 1572 and later served as a temporary headquarters for General Emilio Aguinaldo in January 1897?,The site was established as a visita in 1572 and served as a temporary headquarters for General Emilio Aguinaldo in January 1897.
TP00031,Parish Church of Saint Vincent de Paul of Ermita,Parish Church of Saint Vincent de Paul of Ermita,RELIGIOUS_BUILDING,Saint Vincent de Paul Parish; Church of St. Vincent De Paul; Simbahan ng San Vicente de Paul ng Ermita; Church of San Vicente de Paul Marker; Church of San Vicente de Paul; Parish of San Vicente de Paul,NCR,Manila,Metro Manila,"Important Cultural Property, National Museum; Historical Marker, NHCP; Registered Property, City of Manila","Declared as an Important Cultural Property by virtue of National Museum Declaration No. 1-2018.

Marker Text:

Church of San Vicente de Paul

The chapel built here in 1883 was used as parish church of Paco from 1898 to 1909. Parish of San Vicente de Paul erected in 1909. Present church built of concrete in 1912 to commemorate the fiftieth anniversary of the arrival of the Vincentians and Sisters of Charity in the Philippines.

Year Unveiled: 1935",Metro Manila,0,0,0,1,0,0,0,HIGH,Which of the following was used as the parish church of Paco from 1898 to 1909 and has a present structure built in 1912 to commemorate the arrival of the Vincentians and Sisters of Charity in the Philippines?,The site was used as the parish church of Paco from 1898 to 1909 and has a present structure built in 1912.
TP00032,Parish Church of Saint Anne of Taguig,Parish Church of Saint Anne of Taguig,RELIGIOUS_BUILDING,Archdiocesan Shrine of Saint Anne; Santa Ana Church; Taguig Church; Simbahan ng Taguig; Simbahan ng Santa Ana ng Taguig; Simbahan ng Tagig; Simbahan ng Tagig Marker,NCR,Taguig City,Metro Manila,"Important Cultural Property, National Museum (for Santa Ana Church Complex); Marked Structure, NHCP","Marker Text:

Simbahan ng Tagig

Itinatag ng mga paring Agustino ang parokya sa pamamatnubay ng patronang si Sta. Ana at ipinatayo ng unang kura paroko P. Diego Alvarez, ang unang simbahang bato noong 1587. Nasira ng lindol, 1645, at muling ipinatayo ni P. Andres Diaz, 1848. Nasirang muli ng lindol, 1882, at muling ipinatayong yari sa bato ni P. Giullermo Diaz, 1886–1896. Ipinaayos ni Rt. Rev. Msgr. Augurio I. Juta, 1980–1985, at ni Msgr. Emmanuel V. Sunga, 1985–1987. Inihandog sa Panginoon ng Kagalang-Galang Obispo Bruno Torpigliani, Apostoliko Nunsiyo sa Pilipinas, sa pagdiriwang ng ika-400 taong pagkatatag ng parokya, Hulyo 25, 1987.

Date Unveiled: July 25, 1987",Metro Manila,0,0,0,1,0,0,0,HIGH,Which of the following was established in 1587 under the guidance of a patron saint and has been rebuilt multiple times due to earthquakes?,The site was established in 1587 and has undergone multiple reconstructions due to earthquakes.
TP00033,Parish Church of Santo Niño de Tondo,Parish Church of Santo Niño de Tondo,RELIGIOUS_BUILDING,Tondo Church; Santo Niño de Tondo Catholic Church; Simbahan ng Santo Niño ng Tondo; Palatandaan ng Simbahan ng Tondo; Church of Tondo Marker; Church of Tondo,NCR,Manila,Metro Manila,"Important Cultural Property, National Museum; Marked Structure, NHCP","Marker Text:

Church of Tondo

The first Catholic minister of Tondo was the Rev. Alonso de Alvarado, O.S.A. Tondo was the residence of Lakan-Dula who was baptized by the Rev. Martin de Rada, O.S.A. In the early days its ecclesiastical jurisdiction extended up to Pasig, Cainta and Taytay. Tondo was an active center of Catholic activities among the Chinese. The former convent was demolished in 1662 by Governor Sabiniano Manrique de Lara as a military precaution against the expected attack on Manila by Kue-Sing. The present church was built by the Rev. Manuel Diez, O.S.A., and the Rev. Casimiro Herrero, O.S.A., in the second half of the 19th century. Since the early days the traditional fluvial procession of Sto. Niño has attracted thousands of visitors to Tondo.

Year Unveiled: 1939",Metro Manila,0,0,0,1,0,0,0,HIGH,Which of the following was an active center of Catholic activities among the Chinese and had its present church built in the second half of the 19th century?,The site was an active center of Catholic activities among the Chinese and had its present church built in the second half of the 19th century.
TP00034,Life Theater,Life Theater,HISTORIC_BUILDING,Teofilo Villonco Building; Sine Life; Old Villongco Building; Life Theater; Villongco Building,NCR,Manila,Metro Manila,"Important Cultural Property, National Museum; Work of National Artist for Architecture Pablo S. Antonio","The Life Theater, its arcade and Villongco Building, located along Quezon Boulevard in Quiapo, Manila, is an Art-deco Architecture designed and implemented in the 1930s by Architect Pablo Antonio, a National Artist for Architecture; damaged during Worl War II; and restored and in operation by 1950s. The building is a pre-war movie house that screened movies which are blockbusters due to its large audience capacity of 800, big space by its standard in the era with an air-conditioning unit - a rarity of comfort and pleasure of the time.

The Life Theater/Villongco Building is considered a heritage icon of Manila, and its Art Deco Facade, san the interiors and ornamentation of the ceilings, floorings and walls brought about by the damages of war, renovations, and other interventions; and has become integral to the landscape of Quiapo being the most important and imposing part of the cityscape of the Central Manila.

Declared as an Important Cultural Property by virtue of National Museum Declaration No. 12-2016",Metro Manila,0,0,0,1,1,0,0,HIGH,Which of the following was designed by National Artist for Architecture Pablo Antonio in the 1930s and is considered a heritage icon of Manila?,The site was designed by Pablo Antonio in the 1930s and is recognized as a heritage icon in Manila.
TP00035,Tahanang Pilipino (Coconut Palace),Tahanang Pilipino (Coconut Palace),CIVIC_BUILDING,Coconut Palace; Tahanang Pilipino (Palasyo ng Niyog); Tahanang Pilipino,NCR,Pasay City,Metro Manila,"Important Cultural Property, National Museum; Work of National Artist for Architecture Francisco T. Mañosa",Interior Design also by Ar. Mañosa. Completed in 1978.,Metro Manila,0,0,0,1,1,0,0,HIGH,Which of the following was completed in 1978 and features interior design by a notable architect?,The site was completed in 1978 and has interior design by a specific architect.
TP00036,Quezon Bridge,Quezon Bridge,BRIDGE,Manuel Quezon Bridge; Tulay Quezon; Quezon Bridge,NCR,Manila,Metro Manila,"Important Cultural Property, National Museum; Registered Property, City of Manila","The Quezon Bridge, originally built in 1939, in Art-Deco style by Juan Arellano, incorporated the proven and modernist bridge engineering of the time and an outstanding artistic achievement and technological milestone of its era, embodying a harmony of aesthetic and function that was deliberately meant to proclaim the undisputed progress of the Filipino people under the Commonwealth Government and unshakeable confidence in their entitlement to full independence and sovereignty as a proud member of the community of nations.

The bridge was heavily destroyed by Imperial Japanese forces in 1945 and subsequently rebuilt after the Battle of Manila sans the suspension; has retained its substantial intactness and remained as the foremost exemplar of its type in the country, and one of the premier structures of such design and construction in Asia. The bridge, reinforced to date to service the increasing need for traffic mobility around Manila, remains, in over 75 years since its inauguration, as a leading icon of the City of Manila supporting Manila's historic status as the Capital City of a Nation which it was designed to symbolize and herald to the entire world.

Declared as an Important Cultural Property by virtue of National Museum Declaration No. 02-2016",Metro Manila,0,0,0,1,0,0,0,HIGH,Which of the following was originally constructed in 1939 and symbolizes the progress of the Filipino people under the Commonwealth Government?,The site was originally constructed in 1939 and symbolizes the progress of the Filipino people under the Commonwealth Government.
TP00037,Puente Del General Blanco,Puente Del General Blanco,BRIDGE,San Fernando Bridge; Tulay Heneral Blanco,NCR,Manila,Metro Manila,"Important Cultural Property, National Museum","MD No. 3-2020 (June 27, 2019)",Metro Manila,0,0,0,1,0,0,0,HIGH,,
TP00038,Old Presidencia of San Pedro Macati,Old Presidencia of San Pedro Macati,CIVIC_BUILDING,Museo ng Makati; Dating Bahay-Pamahalaan ng San Pedro Makati; Old Presidencia; town hall of Makati,NCR,Makati,Metro Manila,"Important Cultural Property, National Museum; Registered Property, City of Makati","A single-story edifice served as the original town hall of Makati from 1918-1934. The edifice was replaced by the current structure built in 1934 and served as the town hall until 1961. In 1990, the structure was converted into a local museum by the City Government.
---
MD No. 6-2020 (June 27, 2019)",Metro Manila,0,0,0,1,0,0,0,HIGH,Which of the following served as the town hall from 1934 until 1961 and was later converted into a local museum in 1990?,The site served as the town hall from 1934 until 1961 and was converted into a local museum in 1990.
TP00039,National Waterworks and Sewerage Authority Building,National Waterworks and Sewerage Authority Building,CIVIC_BUILDING,Gusali ng Pambansang Pangasiwaan ng Patubig at Alkantarilya,NCR,Manila,Metro Manila,"Important Cultural Property, National Museum","MD No. 24-2020 (June 27, 2019)",Metro Manila,0,0,0,1,0,0,0,HIGH,,
TP00040,City Hall of Manila,City Hall of Manila,CIVIC_BUILDING,Bulwagang Panlungsod ng Maynila,NCR,Manila,Metro Manila,"Important Cultural Property, National Museum","MD No. 28-2020 (June 27, 2019)",Metro Manila,0,0,0,1,0,0,0,HIGH,,
TP00041,Philippine Normal University Normal Hall,Philippine Normal University: Normal Hall,INSTITUTIONAL_BUILDING,Pamantasang Normal ng Pilipinas: Bulwagang Normal; Philippine Normal University: Normal Hall; Normal Hall; Bulwagang Normal,NCR,Manila,Metro Manila,"National Cultural Treasure, National Museum",MD-NO.1-2018 (1 of 3),Metro Manila,1,0,0,0,0,0,0,HIGH,,
TP00042,Far Eastern University Buildings Administration Building,Far Eastern University Buildings: Administration Building,INSTITUTIONAL_BUILDING,Mga Gusali ng Pamantasan ng Malayong Silangan: Gusaling Administratibo; Far Eastern University Buildings: Administration Building; FEU Administration Building,NCR,Manila,Metro Manila,"National Cultural Treasure, National Museum",Declared as a National Cultural Treasure by virtue of National Museum Declaration No. 1-2018,Metro Manila,1,0,0,0,0,0,0,HIGH,,
TP00043,Far Eastern University Buildings Law Building,Far Eastern University Buildings: Law Building,INSTITUTIONAL_BUILDING,Mga Gusali ng Pamantasan ng Malayong Silangan: Gusali ng Batas; Far Eastern University Buildings: Law Building; FEU Law Building; FEU Architecture and Fine Arts Building; IARFA; FEU IARFA,NCR,Manila,Metro Manila,"National Cultural Treasure, National Museum",Declared as a National Cultural Treasure by virtue of National Museum Declaration No. 1-2018,Metro Manila,1,0,0,0,0,0,0,HIGH,,
TP00044,Parish Church of Nuestra Señora de los Desamparados of Marikina,Parish Church of Nuestra Señora de los Desamparados of Marikina,RELIGIOUS_BUILDING,The Church Complex of Nuestra Señora de los Desamparados; Simbahan ng Nuestra Señora de los Desamparados ng Marikina; Nuestra Señora de los Desamparados; Marikina Church,NCR,Marikina City,Metro Manila,"Important Cultural Property, National Museum",MD NO. 1-2018 (1 of 6),Metro Manila,0,0,0,1,0,0,0,HIGH,,
TP00045,The Jesus de la Peña Chapel,The Jesus de la Peña Chapel,RELIGIOUS_BUILDING,Kapilya ng Jesus de la Peña; Jesus de la Peña Chapel,NCR,Marikina City,Metro Manila,"Important Cultural Property, National Museum",MD NO. 1-2018 (2 of 6),Metro Manila,0,0,0,1,0,0,0,HIGH,,
TP00046,The Shoe Museum,The Shoe Museum,HISTORIC_BUILDING,Museo ng Sapatos; Marikina Shoe Museum,NCR,Marikina City,Metro Manila,"Important Cultural Property, National Museum",MD NO. 1-2018 (3 of 6),Metro Manila,0,0,0,1,0,0,0,HIGH,,
TP00047,Ancestral House of Kapitan Moy,Ancestral House of Kapitan Moy,OLD_HOUSE,Bahay Ansestral ni Kapitan Moy; Kapitan Moy's Ancestral House; Kapitan Moy's House,NCR,Marikina City,Metro Manila,"Important Cultural Property, National Museum",MD NO. 1-2018 (4 of 6),Metro Manila,0,0,0,1,0,0,0,HIGH,,
TP00048,Zamora Ancestral House,Zamora Ancestral House,OLD_HOUSE,Bahay Ansestral ng Zamora; Zamora House,NCR,Marikina City,Metro Manila,"Important Cultural Property, National Museum",MD NO. 1-2018 (6 of 6),Metro Manila,0,0,0,1,0,0,0,HIGH,,
TP00049,Parish Church of Nuestra Señora de los Remedios of Malate,Parish Church of Nuestra Señora de los Remedios of Malate,RELIGIOUS_BUILDING,The Church Complex of Nuestra Señora de los Remedios; Simbahan ng Nuestra Señora de los Remedios ng Malate; Malate Church; Simbahan ng Malate; Nuestra Señora de los Remedios,NCR,Manila,Metro Manila,"Important Cultural Property, National Museum",MD NO. 1-2018,Metro Manila,0,0,0,1,0,0,0,HIGH,,
TP00050,The Main Building of the School for the Deaf and Blind,The Main Building of the School for the Deaf and Blind,INSTITUTIONAL_BUILDING,School for the Deaf and Blind; Philippine School for the Deaf; School for the Deaf and the Blind; SDB,NCR,Pasay City,Metro Manila,"Important Cultural Property, National Museum; Registered Property, City of Pasay","The Philippine School for the Deaf (PSD), formerly known as the School for the Deaf and the Blind (SDB), is the pioneer school for the handicapped in the country and in Asia. It is a semi-residential school and the only government-owned institution for the deaf in the country. In 1907, Dr. David P. Barrows, the Director of Education in the Philippines, invited Delia Delight Rice to teach in the country. Rice was a teacher for the deaf and a daughter of deaf parents in Columbus, Ohio, and had immeasurable experience in special education. The program began in a small house in Ermita, Manila, with a class of three pupils from the provinces – two deaf and one blind.  

In June 1923, the Philippine School for the Deaf (PSD) transferred to a large two-storey, semi-concrete structure along Harrison Street, where it is presently located. The building with three big arched doors is surrounded by lush greens and 100-year-old trees. The interior is airy with high ceilings and big windows, and the flooring is a combination of wood and tiled floors. The lot was donated by an anonymous American lady. From then on, numerous buildings have been made for various educational programs and services offered to children with hearing impairment. In June 1963, in accordance with Republic Act 3562, the Philippine School for the Blind was separated from the SDB. The SDB remained at its current location. In July 1970, the SDB was officially renamed Philippine School for the Deaf since it started providing educational services exclusively for the deaf.  

The facade of the school has been preserved to maintain its original look when it was first built. The ornamental trees surrounding the area are also well kept and some have been declared as heritage trees by the Department of Environment and Natural Resources (DENR).

Declared as an Important Cultural Property by virtue of Museum Declaration No. 1-2018.",Metro Manila,0,0,0,1,0,0,0,HIGH,Which of the following was established in 1907 as the first school for the handicapped in the Philippines and is located along Harrison Street in Manila?,The site was established in 1907 as the first school for the handicapped in the Philippines.
TP00051,UST Saint Raymond of Peñafort Building,Saint Raymond of Peñafort Building,INSTITUTIONAL_BUILDING,"St. Raymond of Peñafort Building; Gusaling San Raimundo de Peñafort; Saint Raymond of Peñafort Building; UST St. Raymond of Peñafort Building', , 'Saint Raymund of Peñafort Building; UST St. Raymund of Peñafort Building",NCR,Manila,Metro Manila,"Important Cultural Property, National Museum",MD No. 1-2018 (Dec 5 2018),Metro Manila,0,0,0,1,0,0,0,HIGH,,
TP00052,UST Saint Vincent Building,Saint Vincent Building,INSTITUTIONAL_BUILDING,St. Vincent Building; Gusaling San Vicente; Saint Vincent Building; UST St. Vincent Building; UST Hospital; UST St. Vincent Ferrer Building; SVF,NCR,Manila,Metro Manila,"Important Cultural Property, National Museum",MD No. 1-2018 (Dec 5 2018),Metro Manila,0,0,0,1,0,0,0,HIGH,,
TP00053,Chapel of Santo Cristo De Tesoro,Chapel of Santo Cristo De Tesoro,RELIGIOUS_BUILDING,Kapilya ng Santo Cristo de Tesoro; Chapel of Santo Cristo De Tesoro Isabel College,NCR,Manila,Metro Manila,"Important Cultural Property, National Museum",MD No. 1-2018 (Dec 5 2018),Metro Manila,0,0,0,1,0,0,0,HIGH,,
TP00054,"De La Salle University Building, The St. La Salle Hall","De La Salle University Building, The St. La Salle Hall",INSTITUTIONAL_BUILDING,"Bulwagang San La Salle, Gusali ng Pamantasang De La Salle; The St. La Salle Hall; St. La Salle Hall",NCR,Manila,Metro Manila,"Important Cultural Property, National Museum",MD No. 1-2018 (Dec 5 2018),Metro Manila,0,0,0,1,0,0,0,HIGH,,
TP00055,Saint Scholastica Chapel,Saint Scholastica Building,RELIGIOUS_BUILDING,Kapilya ng Santa Scholastica; Saint Scholastica College Chapel; St Scholastica College Chapel; St. Scholastica’s Chapel,NCR,Manila,Metro Manila,"Important Cultural Property, National Museum",MD No. 1-2018 (Dec 5 2018),Metro Manila,0,0,0,1,0,0,0,HIGH,,
TP00056,The Abbey of Our Lady of Montserrat in San Beda College,The Abbey of Our Lady of Montserrat in San Beda College,RELIGIOUS_BUILDING,Simbahan ng Birhen ng Monserat sa Kolehiyo ng San Beda; The Abbey of Our Lady of Montserrat; Abbey of Our Lady of Montserrat,NCR,Manila,Metro Manila,"Important Cultural Property, National Museum",MD No. 1-2018 (Dec 5 2018),Metro Manila,0,0,0,1,0,0,0,HIGH,,
TP00057,The Redemptorist Church,The Redemptorist Church,RELIGIOUS_BUILDING,Baclaran Church; Simbahan ng Redemptorist,NCR,Parañaque City,Metro Manila,"Important Cultural Property, National Museum",MD No. 1-2018 (Dec 5 2018),Metro Manila,0,0,0,1,0,0,0,HIGH,,
TP00058,Bahay na Tisa,Bahay Na Tisa,OLD_HOUSE,Tech Ancestral House; Bahay Na Tisa,NCR,Pasig City,Metro Manila,"Important Cultural Property, National Museum",MD No. 1-2018 (Dec 5 2018),Metro Manila,0,0,0,1,0,0,0,HIGH,,
TP00059,Philippine General Hospital Central Administration Building,Philippine General Hospital Central Administration Building,HISTORIC_BUILDING,PGH Administration Building; PGH Cental Administration Building' PGH Main Building; PGH; Gusali ng Pangasiwaang Sental ng Pangkalahatang Ospital ng Pilipinas; Palatandaan ng Pangkalahatang Ospital ng Pilipinas; Philippine General Hospital Marker; Philippine General Hospital; Pangkalahatang Ospital ng Pilipinas,NCR,Manila,Metro Manila,"Important Cultural Property, National Museum; Marked Structure, NHCP; Renovation by National Artist for Architecture Juan F. Nakpil; Registered Property, City of Manila","Marker Text:

Philippine General Hospital

Itinatag sa Bisa ng Kautusan Bilang 1688 ng Komisyon ng Pilipinas bilang dibisyon ng Kagawaran ng Kalusugan, 1907 sa pamamagitan ni Dean C. Worcester. Inilagay ang panulukang bato, Disyembre 8, 1908; natapos, Nobyembre 30, 1909; binuksan sa publiko, Seytembre 1, 1910; pinasinayaan, Setyembre 10, 1910, napasailalim ng Kagawarang Interyor, 1915; Kagawaran ng Pampublikong Pagtuturo, 1933; Tanggapan ng Pangulo, Hulyo 1939. Ibinalik sa ilalim ng Pagtuturong Pampubliko noong panahon ng pananakop ng mga Hapones; inilipat sa Philippine Civil Affairs Unit noong 1945; Tanggapan ng Pamantasan ng Pilipinas sa Batas Pampanguluhan Bilang 94, 1947. Sinimulan ang pagpapaganda, pagpapaayos at pagpapalaki, 1985; pansamantalang natigil noong 1986; muling ipinagpatuloy, 1987; ganap na natapos, 1990.

Year Unveiled: 1992
_____
MD NO. 1-2018 (1 of 4)",Metro Manila,0,0,0,1,1,0,0,HIGH,"Which of the following was opened to the public on September 1, 1910, and has undergone several renovations since its establishment?","The site was opened to the public on September 1, 1910."
TP00060,Ayala Bridge,Ayala Bridge,BRIDGE,Ayala Bridge; leading icon of the City of Manila; engineering landmark of outstanding historical importance; most modern and technologically advanced bridge in the country,NCR,Manila,Metro Manila,"Important Cultural Property, National Museum","First built in 1872 by Don Jacobo Zodel de Ayala of the Ayala-Roxas Family and reconstructed in 1908 making it the first structural steel bridge spanning the famous Pasig River and linking San Miguel District to Arroceros District. The bridge a reconstruction in the 1903s design sans decorative elements of the notable pre-war structure, to include structural interventions and strengthening in recent years, had retained for more that a century of existence the form recognizable to Filipinos through the succeeding generations, as a leading icon of the City of Manila, and as an engineering landmark of outstanding historical importance nationwide and throught the Asian region.

Ayala Bridge was considered among the most modern and technologically advanced bridge in the country, providing the model and inspiration for many others of similar design throughout the archipelago.

Declared as an Important Cultural Property by virtue of National Museum Declaration No. 01-2016",Metro Manila,0,0,0,1,0,0,0,HIGH,Which of the following was first constructed in 1872 and is recognized as an important cultural property linking the San Miguel District to the Arroceros District over the Pasig River?,The site was first constructed in 1872 and links the San Miguel District to the Arroceros District over the Pasig River.
TP00061,National Museum of Natural History Building (Old Agriculture and Commerce Building),National Museum of Natural History Building (Old Agriculture and Commerce,CIVIC_BUILDING,Old Agriculture and Commerce Building; Former Department of Tourism Building; Old DOT Building; National Museum of Natural History Building; Agriculture and Commerce Building; National Museum of Natural History,NCR,Manila,Metro Manila,"National Cultural Treasure, National Museum","The neoclassical building was built as the Agriculture and Commerce Building in 1940 and designed by Filipino architect Antonio Toledo in the late 1930s. The original building was left to ruins following the aftermath of the Liberation of Manila during the World War II was later reconstructed according to the original plans after the war. This building, bearing the same classical features of the era and forming part of the four-buildings museum complex composed of National Museum of Fine Arts, National Museum of Anthropology, and the National Planetarium, within the Rizal Park by virtue of Republic Act No. 8492, is to house the National Museum of Natural History.

Declared as a National Cultural Treasure by virtue of National Museum Declaration No. 05-2016",Metro Manila,1,0,0,0,0,0,0,HIGH,Which of the following was constructed in 1940 and later reconstructed after World War II to house a significant cultural institution within a museum complex in Rizal Park?,The building was constructed in 1940 and later reconstructed after World War II to house a significant cultural institution.
TP00062,National Museum of Anthropology Building (Old Finance Building),National Museum of Anthropology Building (Old Finance Building),CIVIC_BUILDING,Old Finance Building; Dating Gusali ng Kagawaran ng Pananalapi; Former Department of Finance Building; National Museum of Anthropology Building; National Museum of Anthropology,NCR,Manila,Metro Manila,"National Cultural Treasure, National Museum","The Old Finance Building is of neo-classicaly architecture, built and designed by Filipino architect Antonio Toledo in the 1930s. The buidling was once home to the Old Department of Agriculture and Commerce in pre-war times and housed the Department of Tourism in post-war era. The said building was left in ruins following the aftermath of the Liberation of Manila during World War II and later to be reconstructed according to the original plans after the war.

This neo-classical architecture building was used as public library in pre-war times; it was in this building that Manuel L. Quezon was sworn in as the First President of the Senate. The Old Finance Building is now known as the National Museum of Anthropology forming part of the Museum Complex under Republic Act No. 8492.

Declared as a National Cultural Treasure by virtue of National Museum Declaration No. 06-2016",Metro Manila,1,0,0,0,0,0,0,HIGH,Which of the following was the site where Manuel L. Quezon was sworn in as the First President of the Senate?,The site must be where Manuel L. Quezon was sworn in as the First President of the Senate.
TP00063,University of Santo Tomas Main Building,University of Santo Tomas: Main Building,INSTITUTIONAL_BUILDING,Main Building; UST Main Building; National Cultural Treasure,NCR,Manila,Metro Manila,"National Cultural Treasure, National Museum","The University of Santo Tomas, the Pontifical and Royal University, established on April 28, 1611 is the oldest university in Asia, and in terms of population as it is claimed, it is the largest Catholic University in the world located in one campus. 

The University of Santo Tomas Main Building is the first structure built in the present campus by Fr. Roque Ruaño, O.P., an engineer, then Dean of the Faculty of Engineering, from 1923-1927; It is the central edifice in the campus which symbolizes the seat of Catholic education in the Philippines and in Asia, a Dominican institution of higher learning, producing long tradition of heroes, presidents, and leaders, inspired by the teachings and philosophy of St. Thomas Aquinas. Being the symbol of the Pontifical and Royal Catholic University in the Philippines, the UST Main Building is the first high rise building in Manila and had served as a catalyst in the development of the university campus and the Sampaloc District in the City of Manila.

The UST Main Building was designed by Fr. Roque Ruano, O.P. in the prevailing 20th century Art0Deco style, neo-classical influence, and incorporating his own original deisgn. There are also other elements that adorn the Main Building such as, the centrally positioned nine-story tower crowned at its summit by a cross that serves as a beacon of faith and icon of the Catholic Institution. Its facade is decorated with the coat of arms of the Dominican Order and the Holy Rosary, signifying dedication to its patroness ""Our Lady of the Holy Rosary"", and fifteen statues installed at the roof deck designed by Professor Ricardo Francesco Monti, an internationally known Italian Art-Deco sculptor and Head of the University's Department of Sculpture at that time. Standing as sentinels, the 3.6 meter high statues of the three theological virtues, prominent philosophers, playwrights, Dominican medieval scientists, and canonists symbolize the spiritual and intellectual aspirations of the university.

Since 1936, the Main Building houses the UST Museum, which can be considered as the oldest museum in the Philippines having been established in 1871 and originally located in Intramuros, with collections that started as early as 1682; the museum is a great resource center for natural sciences, religious images, visual arts, and boasts of other collections of valuable movable cultural properties. Its interior is adorned by significant murals depicting the church's mission in the Philippines and history of the University done by nationally acclaimed artists like Carlos ""Botong"" Francisco and Galo Ocampo; and Antonio Garcia Llamas and Dante Fabie, all prominent artists and professors from the UST College of Fine Arts from the 1930s to 1950s.

In terms of engineering, the UST Main Building is claimed to be the first reinforced concrete earthquake-proof building in the country, structurally sound with outstanding design features and elemnts built in the 1920s.

Historically, the Main Building has been witness to events when the univeristy campus was used as an internment camp for American and foreign civilians from 1942 to 1945 during the Second World War wherein it also has the distinction of being the first building liberated during the Liberation of Manila in February 3, 1945.

Declared as a National Cultural Treasure by virtue of National Museum Declaration No. 1-2010.",Metro Manila,1,0,0,0,0,0,0,HIGH,"Which of the following was built from 1923 to 1927 by Fr. Roque Ruaño, O.P., as the first structure on the present campus of the oldest university in Asia?","The site must be the first structure built (1923–1927, by Fr. Roque Ruaño, O.P.) on the present campus of the oldest university in Asia."
TP00064,University of Santo Tomas Central Seminary,University of Santo Tomas: Central Seminary,INSTITUTIONAL_BUILDING,Central Seminary; UST Central Seminary,NCR,Manila,Metro Manila,"National Cultural Treasure, National Museum","The University of Santo Tomas, the Pontifical and Royal University, established on April 28, 1611, is the oldest university in Asia, and in terms of population as it is claimed, it is the largest Catholic University in the world located in one campus. 

The Arch of the Centuries is the original structure which is formerly a part of the facade of the old building of the Colegio de Santo Tomas established in Intramuros on April 28, 1611, transferred to its present location in 1956, and it serves as an emblematic entry as it frames the Main Building tower upon entering the Espana Gate.

Declared as a National Cultural Treasure by virtue of National Museum Declaration No. 1-2010.",Metro Manila,1,0,0,0,0,0,0,HIGH,,
TP00065,University of Santo Tomas Arch of the Centuries,University of Santo Tomas: Arch of the Centuries,MONUMENT,Arch of the Centuries; UST Arch of the Centuries,NCR,Manila,Metro Manila,"National Cultural Treasure, National Museum","The University of Santo Tomas, the Pontifical and Royal University, established on April 28, 1611 is the oldest university in Asia, and in terms of population as it is claimed, it is the largest Catholic University in the world located in one campus. 

The Central Seminary is the only Pontifical Seminary in the Philippines and the whole of Asia thus bringing it under the tutelage of the Roman Curia; it continues to provide a very strong foundation in the sacred sciences of sacred Theology, Philosophy, and Canon Law. The Central Seminary structure is in Art-Deco style constructed in 1932 designed by the National Artist Architect Fernando Ocampo. In 1956, the seminary was remodeled by a new seminary building, an annex to the existing structure was constructed by the same National Artist Fernando Ocampo; the new seminary is also in Art-Deco style..

Declared as a National Cultural Treasure by virtue of National Museum Declaration No. 1-2010",Metro Manila,1,0,0,0,0,0,0,HIGH,,
TP00066,University of Santo Tomas Open Spaces,University of Santo Tomas: Open Spaces,CULTURAL_LANDSCAPE,Open Spaces; UST Open Spaces; UST Field; University of Santo Tomas Field,NCR,Manila,Metro Manila,"National Cultural Treasure, National Museum","The University of Santo Tomas, the Pontifical and Royal University, established on April 28, 1611 is the oldest university in Asia, and in terms of population as it is claimed, it is the largest Catholic University in the world located in one campus. 

The open space in the university campus, specifically where the main stadium stands, was the venue of holy mass celebrated by His Holiness Pope Paul IV during his visit to Asia, and his Holiness Pope John Paul II during the World Youth Day. This space shall act as the buffer zone where no building should be built.

Declared as a National Cultural Treasure by virtue of National Museum Declaration No. 1-2010.",Metro Manila,1,0,0,0,0,0,0,HIGH,"Which of the following hosted papal Masses, including one during World Youth Day, and is kept as a buffer zone where no building may be built?","The site must be the campus open space that hosted papal Masses, including one during World Youth Day, and is kept as a no-build buffer zone."
TP00067,Quezon Monument,Quezon Monument,MONUMENT,Quezon Memorial by Federico Ilustre. and its intrinsic setting; Quezon Memorial; Quezon Monument,NCR,Quezon City,Metro Manila,"National Cultural Treasure, National Museum; National Monument, NHCP","Executive Order No. 79 issued by President Sergio Osmena on 17 December 1945 created the Quezon Memorial Comittee to take charge of a national-wide campaign to raise funds for the erection of a national monument in honor of the late President Manuel L. Quezon. The monument was designed by Architect Federico Ilustre and completed in 1978. 

Declared as a National Cultural Treasure by virtue of National Museum Declaration No. 29-2020 and a National Monument by virtue of National Historical Commission Resolution No. 4, s. 2015.",Metro Manila,1,0,0,0,0,0,0,HIGH,"Which of the following was established following the issuance of Executive Order No. 79 by President Sergio Osmena on December 17, 1945, to honor a former president of the Philippines?","The site was established as a national monument in honor of a former president of the Philippines following Executive Order No. 79 issued on December 17, 1945."
TP00068,Heritage Stadium Buildings of Rizal Memorial Field,Heritage Stadium Buildings of Rizal Memorial Field,CULTURAL_LANDSCAPE,"Rizal Memoria Track and Football Stadium (Rizal Stadium, National Stadium); Rizal Memorial Baseball Stadium; Rizal Memorial Tennis Stadium; Rizal Memorial Swimming Stadium; Rizal Memorial Field; Rizal Stadium; National Stadium; Heritage Stadium Buildings",NCR,Manila,Metro Manila,"Important Cultural Property, National Museum; Registered Property, City of Manila (pertaining only to the Rizal Memorial Track and Football Stadium)","The plan to erect an athletic stadium for Manila to be used as a public playground and athletic field capable of seating 30,000 people was first conceived in 1921 by the Playground and Recreation Commission organized by Acting Governor-General Charles Yeater in that year for the purpose of promoting athletics in the Philippines. The plan included the construction of a stadium dedicated to the illustrious patriot, Dr. José Rizal, as a permanent structure available for athletic contests and all forms of public and outdoor meetings. The Rizal Memorial Field was afterwards established on the eastern borders of what was then known as Harrison Park, a public park established pursuant to the Burnham Plan for Manila of 1905.

Four stadia, namely the Rizal Memorial Track and Football Stadium, the Rizal Memorial Baseball Stadium, the Rizal Memorial Tennis Stadium, and the Rizal Memorial Swimming Stadium, were erected on the Rizal Memorial Field under the auspices of the Philippine Amateur Athletic Federation, as chartered by Act No. 3262, dated December 7, 1925, of the Philippine Legislature, to serve as the venue for the historic 10th Far Eastern Championship Games that was held from May 12 to 19, 1934 and participated in by athletes from China, Japan, the Dutch East Indies and the Philippines. The four stadia designed by the Bureau of Public Works of the Insular Government under the supervision of Juan M. Arellano as Consulting Architect in the then-prevailing and popular Streamline Modern style of Art Deco Architecture (referred to as the ""Heritage Stadium Buildings"" of Rizal Memorial Field) that have survived largely intact from 1934 up until to the present time.

The Heritage Stadium Buildings have served as the venue for innumerable sporting events of national and international importance, including the aforementioned 10th Far Eastern Championship Games, the 2nd Asian Games in 1954; and the 11th, 16th, and 23rd Southeast Asian Games in 1981, 1991, and 2005, respectively.

The Rizal Track and Football Stadium, commonly known as the Rizal Stadium and the National Stadium, as well as the Rizal Memorial Tennis Stadium, later officially renamed as the Rizal Memorial Coliseum, were also venues for political and official events of outstanding national importance, particularly in 1934 and throughout the pre-war Philippine Commonwealth under President Manuel L. Quezon, as well as in the decades of the 1950s and 1960s during the various administrations of President Elpidio Quirino, President Ramon Magsaysay and President Diosdado Macapagal.

Declared as an Important Cultural Property by virtue of National Musuem Declaration No. 13-2016.",Metro Manila,0,0,0,1,0,0,0,HIGH,Which of the following was established in the 1930s as a venue for the 10th Far Eastern Championship Games and has served as a significant site for various national and international sporting events in the Philippines?,The site was established in the 1930s as a venue for the 10th Far Eastern Championship Games and has hosted significant national and international sporting events.
TP00069,Laperal House,Laperal House,OLD_HOUSE,Laperal Guesthouse; Laperal White House; Haunted House of Baguio; Bahay Laperal; Laperal House,CAR,Baguio City,Highly Urbanized City,"Important Cultural Property, National Museum","The Laperal House were built between 1900 and 1930, exemplifying well-preserved American style architecture, which include Victorian architecture.

Declared as an Important Cultural Property by virtue of National Museum Declaration No. 20-2015.",Luzon,0,0,0,1,0,0,0,HIGH,Which of the following was built between 1900 and 1930 and is recognized as an Important Cultural Property by the National Museum?,The site was built between 1900 and 1930 and is declared an Important Cultural Property.
TP00070,Colegio del Santisimo Rosario (Diplomat Hotel) Ruins,Colegio del Santisimo Rosario (Diplomat Hotel) Ruins,HISTORIC_BUILDING,Diplomat Hotel; Guho ng Kolehiyo ng Kabanal-banalang Rosaryo (Otel Diplomat); Dominican Hill and Retreat House; Colegio del Santisimo Rosario; Dominican Hill,CAR,Baguio City,Highly Urbanized City,"Important Cultural Property, National Museum; Marked Structure, NHCP","The Colegio del Santisimo Rosario were built between 1900 and 1930, exemplifying well-preserved American style architecture, which include Victorian architecture.

Declared as an Important Cultural Property by virtue of National Museum Declaration No. 20-2015.
Marker Text:

Dominican Hill and Retreat House
(1915)

Ipinatayo bilang bahay bakasyunan ng mga Dominikano sa Dominican Hill sa Baguio, 1913–1915. Idinisenyo ni Fr. Roque Ruaño , O.P.; pinasinayaan, 1915. Ginawang paaralan at pinangalanang Colegio del Santissimo Rosario, 1915–1918. Nagsilbing kanlungan ng mga pamilya at paring Dominikano noong panahon ng Hapon, 1942–1945. Ginamit ng mga Hapon bilang huling tanggulan, 1945. Binomba ng mga sundalong Amerikano, Abril 1945; ipinaayos, 1945–1947. Ginawang Diplomat Hotel, 1973–1987. Inilipat ang pagmamamay-ari sa Lungsod ng Baguio, 2005.

Date Unveiled: September 1, 2014",Luzon,0,0,0,1,0,0,0,HIGH,Which of the following was built between 1913 and 1915 as a vacation house for the Dominicans and later served as a school and refuge during World War II?,The site was built as a vacation house for the Dominicans between 1913 and 1915 and later served as a school and refuge during World War II.
TP00071,Rice Terraces of the Philippine Cordilleras,Rice Terraces of the Philippine Cordilleras,CULTURAL_LANDSCAPE,Banaue Rice Terraces; Mga Pay-yo ng Ifugao; Mga Pay-yo sa Cordillera; Ifugao Rice Terraces,CAR,Banaue; Mayoyao; Hungduan; Kiangan,Ifugao; Mountain Province,"National Cultural Treasure, National Museum; Marked Structure, NHCP; UNESCO World Heritage Site","Marker Text:

Ifugao Rice Terraces

The Ifugao Rice Terraces cover an area of nearly 400 square kilometers, and if the walls were placed end to end, they would reach more than half-way around the earth. Those of Banaue, Hapao, and Hungduan are among the oldest in Luzon. Archaeological and historical studies indicate that it took the Ifugaos more than 2,000 years to build them. The stone-walled terraces of Ifugao are the highest, best built, and most extensive in the world.
A single migrating people is believed to have carried the terrace culture from South China or Indo-China across to Luzon and southern Japan, and southward to Java and the lesser Sunda Islands — which are the only regions where true rice terraces exist. Remains indicate that the first migration was probably in the second millenium B.C., and carried only a material culture of polished stone, copper and bronze; but a second migration, in the latter part of the first millenium B.C., brought also the use of iron, pottery, and woven cloth. The Banaue people represent the oldest native folk; those of central Ifugao are the typical carriers of the terrace culture; and those of the Kiangan district are the latest comers into the region.

Year Unveiled: 1940
_____
MALACAÑANG
Manila

PRESIDENTIAL DECREE No. 260 
August 1, 1973

DECLARING THE STA. ANA SITE MUSEUM IN MANILA, THE ROMAN CATHOLIC CHURCHES OF PAOAY AND BACARRA IN ILOCOS NORTE, THE SAN AGUSTIN CHURCH AND LITURGICAL OBJECTS THEREIN IN INTRAMUROS, MANILA, FORT PILAR IN ZAMBOANGA CITY, THE PETROGLYPHS OF THE ROCK-SHELTER IN ANGONO, RIZAL, THE PETROGLYPHS OF ALAB, BONTOC, THE STONE AGRICULTURAL CALENDARS OF DAP-AY GUIDAY IN BESAO, BONTOC, THE MUMMY CAVES OF KABAYAN, BENGUET AND OF SAGADA AND ALAB, BONTOC, THE IFUGAO RICE TERRACES OF BANAUE AS NATIONAL CULTURAL TREASURES; AND THE BARASOAIN CHURCH IN MALOLOS, BULACAN, TIRAD PASS IN CERVANTES, ILOCOS SUR, THE MIAGAO CHURCH IN MIAGAO, ILOILO, THE SITE OF THE BATTLE OF MACTAN ON MACTAN ISLAND, CEBU, THE SAN SEBASTIAN CHURCH IN QUIAPO, MANILA, AND THE CHURCH AND CONVENT OF SANTO NIO IN CEBU CITY AS NATIONAL SHRINES, MONUMENTS, AND/ OR LANDMARKS, DEFINING THE IMPLEMENTING AGENCIES AND PROVIDING FUNDS THEREFOR.

WHEREAS, Pursuant to Article XV, Section 9, paragraph 2 of the Constitution of the Philippines ""Filipino culture shall be preserved and developed for national identity"";
WHEREAS, Republic Act No. 4846 declares that it is the policy of the state to preserve and protect the cultural properties of the nation;
WHEREAS, There is a necessity of preserving and utilizing the cultural properties of the nation for the furtherance of the people's culture;
WHEREAS, The government recognizes the fact that the cultural properties of the country are necessary that indispensable for the correct understanding of its history and culture;
WHEREAS, There are cultural properties which are especially of high value from the viewpoint of world culture and are considered as irreplaceable treasures of the country;
WHEREAS, The development and preservation of cultural properties are also necessary in the promotion of tourism;
NOW, THEREFORE, I, FERDINAND E. MARCOS, President of the Philippines, by virtue of the powers vested in me by the Constitution as Commander-in-Chief of all the Armed Forces of the Philippines, and pursuant to Proclamation No. 1081 dated September 21, 1972 and General Order No. 1 dated September 22, 1972, do hereby decree, order and make as part of the law of the land, the following;
Section 1. The Sta. Ana Site Museum in Manila, the Roman Catholic Churches of Paoay and Bacarra in Ilocos Norte, the San Agustin Church and Liturgical objects therein in Intramuros, Manila, Fort Pilar in Zamboanga City, the Petroglyphs of the Rockshelter in Angono, Rizal, the Petroglyphs of Alab, Bontoc, the Stone Agricultural Calendars of Dap-ay Guiday in Besao, Bontoc, the Mummy Caves of Kabayan, Benguet and of Segada and Alab, Bontoc, the Ifugao Rice Terraces of Banaue are hereby declared as National Cultural Treasures along the lines of Sections 3 and 7 of R.A. 4846 defining cultural properties and treasures, and their preservation, restoration and/or reconstruction shall be under the supervision and control of the National Museum in collaboration with the Department of Tourism;
Section 2. The Barasoain Church in Malolos, Bulacan, Tirad Pass in Cervantes, Ilocos Sur, the Miagao Church in Miagao, Iloilo, the Site of the Battle of Mactan on Mactan Island in Cebu, the San Sebastian Church in Quiapo, Manila, and the Church and Convent of Sto. Niño in Cebu City are hereby declared as National Shrines, Monuments and/or Landmarks in accordance with the provisions of R.A. 4368 and their preservation, restoration and/or reconstruction shall be under the supervision and control of the National Historical Commission in collaboration with the Department of Tourism;
Section 3. To carry out the intents of this decree the sum of P500,000.00 for the National Museum and P500,000.00 for the National Historical Commission are hereby authorized to be appropriated out of the funds of the National Treasury, not otherwise appropriated. Subsequent funds therefor shall be incorporated in the Annual Budget.
Section 4. The National Museum and the National Historical Commission are hereby vested with the right to declare other such historical and cultural sites as National Shrines, Monuments, and/or Landmarks, in accordance with the guidelines set forth in R.A. 4846 and the spirit of this Decree.
Section 5. The provisions of R.A. 4846 and R.A. 4368 and other laws which are inconsistent with this Decree are accordingly modified or repealed.
Section 6. This Decree shall take effect immediately.

Approved: August 1, 1973 
_____
Ifugao Rice Terraces – dubbed as the eight wonder of the world, the Ifugao Rice Terraces are ancient terraces that were carved into the mountains by the ancestors of the Ifugao. These were inscribed by UNESCO into the World Heritage List as Living Cultural Landscape and recognized by the American Society of Civil Engineers (ASCE) as a remarkable engineering achievement. The province has clusters of rice terraces in several of its municipalities, however, only five terraces are inscribed in the World Heritage List. In 2001, these clusters were placed under the Heritage Lists in Danger. Since then, the Philippines and the international community have made a joint effort to fund and implement the restoration and preservation of the Ifugao Rice Terraces.",Luzon,1,1,0,0,0,0,0,HIGH,"Which of the following was recognized by UNESCO as a Living Cultural Landscape and, according to archaeological studies, took more than 2,000 years to build?","The site is recognized by UNESCO as a Living Cultural Landscape and took more than 2,000 years to build."
TP00072,Parish Church of Santa Catalina de Alejandria of Tayum,Parish Church of Santa Catalina de Alejandria of Tayum,RELIGIOUS_BUILDING,"Simbaan ti Santa Catalina de Alejandria, Tayum; Tayum Church; Simbahan ng Santa Catalina de Alejandria of Tayum; Parish Church of Santa Catalina de Alejandria; Santa Catalina de Alejandria",CAR,Tayum,Abra,"National Cultural Treasure, National Museum","The Parish Church of Santa Catalina de Alejandria was built in the 19th century by the secular clergy among the Christianized Tinguians. This church is the best preserved church complex in Abra. The convento, later turned into a house for nuns and now school, is across the church. Around the churchyard and continuining into the main streets are fourteen small shrines of the Via Crucis. Important examples of early Tinguian art, such as carved wooden baptismal font, are now in the bishop's house in Bangued. The bell tower is structually unsafe due to earthquakes and the construction of a water reservoir inside the sructure. The church is fairly well-maintained but must continue to be conserved to prevent further deterioration.

Declared a National Cultural Treasure by virtue of National Museum Declaration No. 2-2001.",Luzon,1,0,0,0,0,0,0,HIGH,Which of the following was built in the 19th century by the secular clergy among the Christianized Tinguians and is recognized as the best preserved church complex in Abra?,The site must have been built in the 19th century by the secular clergy among the Christianized Tinguians and recognized as the best preserved church complex in Abra.
TP00073,Querubin Ancestral House,Querubin Ancestral House,OLD_HOUSE,Querubin Mansion; White House; Bahay Ansestral ng Querubin; Querubin Ancestral House,Region I,Caoayan,Ilocos Sur,"Important Cultural Property, National Museum; Registered Property, Municipality of Caoayan, Ilocos Sur","An ancestral house, located in the municipality of Caoayan, Ilocos Sur, built and owned by Don Tomas Querubin in the 1860, is an extant example of a Bahay na Bato at Kahoy that flourished during the Spanish period. The house to date is relatively intact and is typified with a structure made of stone and wood, and capiz windows, with interior ornamentations of carved designs and ceilings in art-deco motif, and stained glass for some of its windows, the same being considered rare if not the only one in the province.

The house survived Spanish Regime, Philippine Revolution, Filipino-American War, the Japanese Occupation and the strains of calamities in the past 150 years; it has served as the bastion of governance in the municipality where Don Tomas Querubin, the owner, served as elected Governadorcillo for two successive terms, first Presidencia in 1911 and municipal mayor from 1911-1912, appointed Military Mayor in 1944 and its mayor until 1952.

This ancestral house is reflective of the nation's history enduring the elements of time and preserving the nostalgia of the Filipino art and culture of the 18th century for posterity.

Declared as an Important Cultural Property by virtue of National Museum Declaration No. 19-2016.",Luzon,0,0,0,1,0,0,0,HIGH,"Which of the following was built in the 1860s and served as a bastion of governance in Caoayan, Ilocos Sur, during the Spanish period?","The site was built in the 1860s and served as a bastion of governance in Caoayan, Ilocos Sur."
TP00074,San Nicolas Municipal Hall,San Nicolas Municipal Hall,CIVIC_BUILDING,Balay Ili ti San Nicolas; Casa Tribunal and School House; Bahay Pamahalaan ng San Nicolas; Palatandaan ng Bahay Pamahalaan ng San Nicolas; Bahay Pamahalaan ng San Nicolas Marker,Region I,San Nicolas,Ilocos Norte,"Important Cultural Property, National Museum; Marked Structure, NHCP; Registered Property, Municipality of San Nicolas, Ilocos Norte; Registered Property, Province of Ilocos Norte","From the time it was finished in 1863, the Casa Tribunal (people’s court) now the municipal hall had undergone many transformations in order to suit government services. A two-storey structure now stands at the former Municipal Quadrangle 
The new Sangguniang Bayan session hall is at the second floor and the ground base is now the Pedro Almazan Hall which was named after a local war hero. Rehabilitation and improvement of the different offices are relentlessly done without deviating from its original aesthetic historical features. This is in conformity to the principle espoused by the present leadership of preserving the town’s rich cultural heritage.   
Tour participants were told that on December 30, 2009 during the commemoration of the 100th year of Reconstitution of the municipality, the National Historical Institute installed a landmark infront of the municipal hall signifying the immense support and initiatives of the present leadership. 
_____
Marker Text:

Bahay Pamahalaan ng San Nicolas

Ipinatayo bilang Casa Tribunal at nang matapos ginamit na paaralan bilang tugon sa batas pang-edukasyon ng Pamahalaang Kolonyal, 1863. Ginamit bilang Casa Tribunal, mga taong 1890’s. Naging sentro sa pagtataguyod sa San Nicoas bilang nagsasariling bayan sa pamumuno ni Marcelo Barba, unang Presidente Municipal, 1909. Pinalaki ang gusali, 1919-1921. Idinagdag dito ang tanggapan ng Justice of the Peace, Police Force, Post Office, Session Hall, Treasury, at Municipal Jail. Naging garison ng mga Hapon, 1942-1945. Muling ginamit na tanggapan ng lokal na pamahalaan pagkatapos ng digmaan. Pinalawak ang gusali, tinanggal ang Municipal Jail at inilipat ang Post Office, 1972-1986. Muling ipinaayos ang gusali ayon sa orihinal na disenyo, 2004-2009. Halimbawa ng “Bahay na Tisa” sa rehiyon ng Ilocos.

Date Unveiled: December 30, 2009",Luzon,0,0,0,1,0,0,0,HIGH,"Which of the following served as a municipal hall and was originally completed in 1863, undergoing various transformations to accommodate government services?",The site must have been completed in 1863 and served as a municipal hall.
TP00075,Minor Basilica of Our Lady of the Most Holy Rosary of Manaoag,Minor Basilica of Our Lady of the Most Holy Rosary of Manaoag,RELIGIOUS_BUILDING,Simbaan ti Manaoag; Manaoag Church; Basilika Menor ng Birhen ng Kabanal-banalang Rosaryo ng Manaoag; Palatandaan ng Simbahan ng Nuestra Señora de Manaoag; Church of Nuestra Señora de Manaoag Marker; Church of Nuestra Señora de Manaoag,Region I,Manaoag,Pangasinan,"National Cultural Treasure, National Museum; Marked Structure, NHCP","The Minor Basilica and Church Complex of Nuestra Señora del Santisimo Rosario in Manaoag, Pangasinan, most popularly known as the Manaoag Church, was originally built in 1600s and was rebuilt during the Second World War harmonizing the influence of Spanish - Romanesque, German, and Italian Renaissance architectural compositions. The Manaoag Church, including the image of the Blessed Virgin Mary and movable and intangible properties intrinsic to the cultural significance of the property constitute a cluster of cultural properties possessing outstanding architectural, cultural and artistic significance imbued with vibrant history, culture and tradition worthy of preservation for future generations.

Declared as a National Cultural Treasure by virtue of National Museum Declaration No. 10-2015

Marker Text:

Church of Nuestra Señora de Manaoag

Administered since 1605 by the Dominicans, the first church of wood lasted a century. The second one, which was of stone, was built through the generosity of Gaspar de Gamboa and Agata Yangta, and inaugrated in 1720. In 1733 it was donated to the Dominican corporation, but was destroyed by the earthquake of 1892. The provisional church, built of wood, was burned during the insurrection of 1898. The reconstruction of the present church began in 1901 with the return of the Dominicans. The image of Nuestra Señora de Manaoag is famous throughout Pangasinan. It was preserved in Dagupan during the revolution, then taken back to the sanctuary by the people of Manaoag where it was solemnly crowned on April 21, 1926, in the presence of thousands of the faithful, by Mons. Guillermo Piano, Apostolic Delegate to the Philippines.

Year Unveiled: 1937",Luzon,1,0,0,0,0,0,0,HIGH,Which of the following was originally built in the 1600s and has been a site of pilgrimage due to the veneration of the image of the Blessed Virgin Mary?,The site was originally built in the 1600s and is associated with the veneration of the image of the Blessed Virgin Mary.
TP00076,"Parish Church Complex of Nuestra Señora de la Asuncion of Santa Maria, Ilocos Sur","Parish Church Complex of Nuestra Señora de la Asuncion of Santa Maria, Ilocos Sur",RELIGIOUS_BUILDING,"Complex ti Simbaan ti Nuestra Señora de la Asuncion; Santa Maria Church Ilocos Sur; Kompleks ng Simbahan ng Nuestra Señora de la Asuncion ng Santa Maria, Ilocos Sur; Church of Nuestra Señora de la Asuncion; Simbahan ng Sta. Maria; Nuestra Senora de la Asuncion",Region I,Santa Maria,Ilocos Sur,"UNESCO World Heritage Site; National Cultural Treasure, National Museum; National Historical Landmark, NHCP; Registered Property, Province of Ilocos Sur","The Church of Nuestra Señora de la Asuncion in Santa Maria. Ilocos Sur sits on a hill surrounded by a defensive wall, unlike other town churches in the country which conform to the Spam“ tradition of placing them on the central plaza. Unusual also are the sitting of the convent: parallel to the facade of the church and that of the separate bell tower (characteristic of a Philippine-Hispanic architecture) at the midpoint of the nave wall. This was dictated With a hill on which it is located. The brick church follows the standard Philippine layout, with a monumental facade masking a straight roof-llne covering a long rectangular building. It is alleged to be built on a solid raft as a precaution against earthquakle damage. The walls devoid of ornament but have delicately carved side entrances and strong buttresses.
_____
Marker Text:

Simbahan ng Sta. Maria

Orihinal na itinayo ng mga paring Agustino bilang kapilya ng Narvacan. Naging isang parokya noong 1769 na ang patrona ay Nuestra Senora de la Asuncion. Muling ginawa at nilagyan ng tore noong 1810. Naging pansamantalang tuluyan ng mga misyonerong nagtutungo sa Abra. Binago noong 1863 at ang dalusdos ay pinaligiran ng malalaking bato. Muling ipingawa ni Padre Lorenzo Rodriguez ang simbahang bato.
Sa Bisa ng Kautusan ng Pangulo Bilang 260, 1 Agosto 1973, na sinusugan ng mga Kautusan Bilang 375, 14 Enero 1974 at Bilang 1515, 11 Hunyo, 1978, ang simbahang ito ay ipinahayag na Pambansang Palantandaang Makasaysayan.

Year Unveiled: 1982",Luzon,1,1,0,0,0,1,0,HIGH,Which of the following was established as a parish in 1769 and is known for its unique hilltop location surrounded by a defensive wall?,The site was established as a parish in 1769 and is located on a hill surrounded by a defensive wall.
TP00077,Historic Town of Vigan,Historic Town of Vigan,CULTURAL_LANDSCAPE,Ili ti Vigan; Makasaysayang Bayan ng Vigan; Historic District of Vigan; Vigan; Calle Crisologo,Region I,Vigan City,Ilocos Sur,"UNESCO World Heritage Site; National Cultural Treasure, National Museum; Registered Property, Province of Ilocos Sur; Registered Property, City of Vigan, Ilocos Sur","Historic City of Vigan

Established in the 16th century, Vigan is the best-preserved example of a planned Spanish colonial town in Asia. Its architecture reflects the coming together of cultural elements from elsewhere in the Philippines, from China and from Europe, resulting in a culture and townscape that have no parallel anywhere in East and South-East Asia. (Source: http://whc.unesco.org/)

Vigan is famous for its historic townscape which is an architectural blend of Asian, European, and Latin American influences. Formerly known as the Kasanglayan or the Chinese Quarters, it has heritage houses along the cobbled narrow streets of the old Mestizo District. Famous heritage structures include the houses of Fr. Pedro Burgos and Leona Florentino.

From 1758 to the late 19th century, Vigan was known as Ciudad Fernandina and was once a center for trade and commerce in the Ilocandia and the Cordilleras. The name Vigan was derived from an Ilocano word ""kabiga-an"" meaning where plant ""biga"" abounds. It is a tuberous plant (Alocadia indica) that once flourished along the banks of Vigan River.

Declared a National Cultural Treasure by virtue of National Museum Declaration No. 8-2014, which amended the name and scope of declaration under Presidential Decree No. 756 (July 30, 1975). The Historic District of Vigan, in its core zone, encompass the entire Mestizo Section, the House of Padre Jose Burgos, the House of Leona Florentino, and all other areas that fall within the core zone of the UNESCO World Heritage Site. The UNESCO World Heritage Site pertaining to the Historic Town of Vigan buffer zone shall also be adopted as the buffer zone for the National Cultural Treasure.",Luzon,1,1,0,0,0,0,0,HIGH,Which of the following was established in the 16th century and is recognized as the best-preserved example of a planned Spanish colonial town in Asia?,The site was established in the 16th century and is the best-preserved example of a planned Spanish colonial town in Asia.
TP00078,La Union Watchtowers,La Union Watchtowers,MILITARY_STRUCTURE,La Union Watchtowers; Baluarte Watchtower; Mga Bantayan ng La Union; Watchtowers of La Union,Region I,"San Fernando, San Juan, Bacnotan, Balaoan, Luna",La Union,"National Cultural Treasure, National Museum; Registered Property, Province of La Union","There exists in the province of Lan Union five watchtowers built during the Spanish colonial era in the 18th and 19th centuries. The Watchtowers of La Union, built of coral limestone or brick, were designed to serve as a means of local and regional warning and defense against attacks and predations from the sea, and are architectural and engineering structures possessing historical and cultural significance of national importance.

Declared a National Cultural Treasure by virtue of National Museum Declaration No. 4-2014.",Luzon,1,0,0,0,0,0,0,HIGH,Which of the following was built during the Spanish colonial era in the 18th and 19th centuries to serve as a means of local and regional warning and defense against sea attacks?,The site was built during the Spanish colonial era in the 18th and 19th centuries for warning and defense against sea attacks.
TP00079,Cape Bojeador Lighthouse Historical Landmark,Cape Bojeador Lighthouse Historical Landmark,HISTORIC_BUILDING,Palatandaang Pangkasaysayan ng Parola ng Cape Bojeador; Cape Bojeador Lighthouse; Cape Bojeador; Ang Parola ng Cape Bojeador; Faro de Primera Orden,Region I,Burgos,Ilocos Norte,"National Cultural Treasure, National Museum; National Historical Landmark, NHCP; Local Cultural Property - Cultural and Historical Heritage of the Province of Ilocos Norte; Registered Property, Province of Ilocos Norte; Registered Property, Municipality of Burgos, Ilocos Norte","One of the important landmarks in the Ilocos Region, Cape Bojeador Lighthouse is situated on top of Vigia de Nagparitan Hill in the Municipality of Burgos. It was built in 1892 and made of bricks baked in ancient kilns at the foothill. For several decades, the lighthouse has guided seafarers navigating their boats and ships through the rough seas of Ilocos. The Cape Bojeador Lighthouse is an exemplary 19th century architectural lighthouse model with its tower, lamp, keeper’s quarters and ancillary structures. It stands to this day as a living tribute to its builders and is considered a unique historical and cultural heritage of the country. 

Declared as a National Cultural Treasure by virtue of National Museum Declaration No. 01-2005, a National Historical Landmark by virtue of National Historical Insitute Resolution No. 8, s 2004, and a Cultural and Historical Heritage of the Province of Ilocos Norte per Provincial Ordinance Nos. 049-2006 and 039-2009.

Marker Text:

Ang Parola ng Cape Bojeador

Idinisenyo ni Inhenyero Magin Pers y Pers, 1887. Isinaayos at natapos ng Servicio de Faros sa ilalim ni Inhenyero Guillermo Brockman, 1890. Itinayo bilang Faro de Primera Orden na may tore at mga pabelyon sa burol na Vigia de Nagparitan ng bayan ng Burgos. Nagsilbing gabay-tanglaw sa mga sasakyang pandagat mula 1892 hanggang sa kasalukuyan. Natatanging halimbawa ng parola at arkitektura ng ikalabinsiyam na dantaon. Ipinahayag na Pambansang Palatandang Pangkasaysayan ng Pambansang Suriang Pangkasaysayan, 13 Agosto 2004, at Pambansang Yamang Pangkalinangan ng Pambansang Museo, 20 Hunyo 2005.

Date: 19 September 2007",Luzon,1,0,0,0,0,1,0,HIGH,Which of the following was built in 1892 on Vigia de Nagparitan Hill to guide seafarers navigating the rough seas of Ilocos?,The site was built in 1892 on Vigia de Nagparitan Hill to guide seafarers.
TP00080,Parish Church of San Juan Bautista of La Union,Parish Church of San Juan Bautista of La Union,RELIGIOUS_BUILDING,Simbahan ng San Juan; San Juan Church; Parokya ng San Juan Bautista sa La Union,Region I,San Juan,La Union,"Important Cultural Property, National Museum",,Luzon,0,0,0,1,0,0,0,HIGH,,
TP00081,Paoay Church,Paoay Church,RELIGIOUS_BUILDING,Simbaan ti Paoay; Parish Church of Saint Augustine of Paoay; San Agustin Church; Simbahan ng Paoay,Region I,Paoay,Ilocos Norte,"UNESCO World Heritage Site; National Cultural Treasure, National Museum; National Historical Landmark, NHCP; Local Cultural Property - Cultural and Historical Heritage of the Province of Ilocos Norte (per Provincial Ordinance Nos. 049-2006 and 039-2009); Registered Property, Province of Ilocos Norte","Marker Text:

Church of Paoay

Parish founded by Augustinian missionaries, 1593. Cornerstone of church laid, 1704; of convent, 1707; of tower, 1793. Used before completion and kept in repair by the people under the joint auspices of the Church and the town officials. Inauguration ceremonies, 28 February 1896. Church damaged by earthquake, 1706 and 1927. Tower used as observation post by Katipuneros during the Revolution, by Guerrilleros during the Japanese Occupation.

Date Unveiled: May 2, 1980
_____
The Parish Church of San Agustin is an outstanding example of baroque church in the Philippines. Built in the 17th -18th centuries using Philippine and Chinese craftsmanship and with its excellent designs and unique massive buttresses, the church has outlived heavy storms and earthquakes for three hundred years. Archeological excavations undertaken inside and outside the church revealed that the ground where the San Agustin church was founded could have been a pre-Hlspanlc cemetery provide the first archeologlcal information about Paoay.
_____
MALACAÑANG
M a n i l a

PRESIDENTIAL DECREE No. 260 August 1, 1973

DECLARING THE STA. ANA SITE MUSEUM IN MANILA, THE ROMAN CATHOLIC CHURCHES OF PAOAY AND BACARRA IN ILOCOS NORTE, THE SAN AGUSTIN CHURCH AND LITURGICAL OBJECTS THEREIN IN INTRAMUROS, MANILA, FORT PILAR IN ZAMBOANGA CITY, THE PETROGLYPHS OF THE ROCK-SHELTER IN ANGONO, RIZAL, THE PETROGLYPHS OF ALAB, BONTOC, THE STONE AGRICULTURAL CALENDARS OF DAP-AY GUIDAY IN BESAO, BONTOC, THE MUMMY CAVES OF KABAYAN, BENGUET AND OF SAGADA AND ALAB, BONTOC, THE IFUGAO RICE TERRACES OF BANAUE AS NATIONAL CULTURAL TREASURES; AND THE BARASOAIN CHURCH IN MALOLOS, BULACAN, TIRAD PASS IN CERVANTES, ILOCOS SUR, THE MIAGAO CHURCH IN MIAGAO, ILOILO, THE SITE OF THE BATTLE OF MACTAN ON MACTAN ISLAND, CEBU, THE SAN SEBASTIAN CHURCH IN QUIAPO, MANILA, AND THE CHURCH AND CONVENT OF SANTO NIÑO IN CEBU CITY AS NATIONAL SHRINES, MONUMENTS, AND/ OR LANDMARKS, DEFINING THE IMPLEMENTING AGENCIES AND PROVIDING FUNDS THEREFOR.

WHEREAS, Pursuant to Article XV, Section 9, paragraph 2 of the Constitution of the Philippines ""Filipino culture shall be preserved and developed for national identity"";

WHEREAS, Republic Act No. 4846 declares that it is the policy of the state to preserve and protect the cultural properties of the nation;

WHEREAS, There is a necessity of preserving and utilizing the cultural properties of the nation for the furtherance of the people's culture;

WHEREAS, The government recognizes the fact that the cultural properties of the country are necessary that indispensable for the correct understanding of its history and culture;

WHEREAS, There are cultural properties which are especially of high value from the viewpoint of world culture and are considered as irreplaceable treasures of the country;

WHEREAS, The development and preservation of cultural properties are also necessary in the promotion of tourism;

NOW, THEREFORE, I, FERDINAND E. MARCOS, President of the Philippines, by virtue of the powers vested in me by the Constitution as Commander-in-Chief of all the Armed Forces of the Philippines, and pursuant to Proclamation No. 1081 dated September 21, 1972 and General Order No. 1 dated September 22, 1972, do hereby decree, order and make as part of the law of the land, the following;

Section 1. The Sta. Ana Site Museum in Manila, the Roman Catholic Churches of Paoay and Bacarra in Ilocos Norte, the San Agustin Church and Liturgical objects therein in Intramuros, Manila, Fort Pilar in Zamboanga City, the Petroglyphs of the Rockshelter in Angono, Rizal, the Petroglyphs of Alab, Bontoc, the Stone Agricultural Calendars of Dap-ay Guiday in Besao, Bontoc, the Mummy Caves of Kabayan, Benguet and of Segada and Alab, Bontoc, the Ifugao Rice Terraces of Banaue are hereby declared as National Cultural Treasures along the lines of Sections 3 and 7 of R.A. 4846 defining cultural properties and treasures, and their preservation, restoration and/or reconstruction shall be under the supervision and control of the National Museum in collaboration with the Department of Tourism;

Section 2. The Barasoain Church in Malolos, Bulacan, Tirad Pass in Cervantes, Ilocos Sur, the Miagao Church in Miagao, Iloilo, the Site of the Battle of Mactan on Mactan Island in Cebu, the San Sebastian Church in Quiapo, Manila, and the Church and Convent of Sto. Niño in Cebu City are hereby declared as National Shrines, Monuments and/or Landmarks in accordance with the provisions of R.A. 4368 and their preservation, restoration and/or reconstruction shall be under the supervision and control of the National Historical Commission in collaboration with the Department of Tourism;

Section 3. To carry out the intents of this decree the sum of P500,000.00 for the National Museum and P500,000.00 for the National Historical Commission are hereby authorized to be appropriated out of the funds of the National Treasury, not otherwise appropriated. Subsequent funds therefor shall be incorporated in the Annual Budget.

Section 4. The National Museum and the National Historical Commission are hereby vested with the right to declare other such historical and cultural sites as National Shrines, Monuments, and/or Landmarks, in accordance with the guidelines set forth in R.A. 4846 and the spirit of this Decree.

Section 5. The provisions of R.A. 4846 and R.A. 4368 and other laws which are inconsistent with this Decree are accordingly modified or repealed.

Section 6. This Decree shall take effect immediately.

Approved: August 1, 1973 
_____
The Parish Church of San Agustin located in Paoay, Ilocos Norte is an outstanding example of Filipino Baroque Architecture in the Philippines. Built between the 17th to 18th century, the San Agustin Parish is a tribute to the excellence and ingenuity of the Filipino and Chinese craftsmen. The elaborate and expert craftsmanship, evidenced in the unique and intricately detailed buttresses, is even more impressive because of its massive scale. After 300 years since its construction, the structure continues to survive heavy storms and earthquakes. In addition, systematic archaeological excavations inside the church have revealed the presence of a pre-Hispanic cemetery below the church. Valuable archaeological data on the early inhabitants of Paoay which further affirms its historical and cultural significance may be provided by this finding.",Luzon,1,1,0,0,0,1,0,HIGH,"Which of the following was inaugurated on February 28, 1896, and is known for its unique baroque architecture in the Philippines?","The site was inaugurated on February 28, 1896, and is recognized for its baroque architecture."
TP00082,Parish Church of Saint Andrew the Apostle of Bacarra,Parish Church of Saint Andrew the Apostle of Bacarra,RELIGIOUS_BUILDING,Simbaan ti Bacarra; Simbaan ti San Andres; Bacarra Church; Simbahan ng San Andres Apostol ng Bacarra; Simbahan ng San Andres ng Bacarra; Parish Church of Saint Andrew of Bacarra; Parish Church of St. Andrew; St. Andrew Church,Region I,Bacarra,Ilocos Norte,"National Cultural Treasure, National Museum; Registered Property, Province of Ilocos Norte","The Parish Church of St. Andrew was first constructed at the end of the 16th century by the Augustinians. This church was later destroyed by earthquakes in the 1700s. In the mid 19th century, the present structure of the parish church was built by Fr. Juan Martin. Rectangular in shape, the church is supported by large buttresses. The convent is L-shaped and attached to the main structure of the church. Forty meters away from the church, a 50 meter high massive bell tower was constructed in 1828.

Significant features in the church complex are the baptismal area with original design and dome-like brick roofing; and an unaltered rectangular shaoed brick-deep with stairs.

Declared as a National Cultural Treasure by virtue of Presidential Decree No. 260.",Luzon,1,0,0,0,0,0,0,HIGH,Which of the following was first constructed at the end of the 16th century by the Augustinians and later rebuilt in the mid-19th century after being destroyed by earthquakes?,The site was first constructed at the end of the 16th century by the Augustinians and later rebuilt in the mid-19th century.
TP00083,"Parish Church of San Nicolas de Tolentino of San Nicolas, Ilocos Norte","Parish Church of San Nicolas de Tolentino of San Nicolas, Ilocos Norte",RELIGIOUS_BUILDING,"Simbaan ti San Nicolas; San Nicolas Church; Simbahan ng San Nicolas ng Tolentino ng San Nicolas, Ilocos Norte; Palatandaan ng Simbahan ng San Nicolas; Church of San Nicolas Marker; Church of San Nicolas",Region I,San Nicolas,Ilocos Norte,"Important Cultural Property, National Museum; Marked Structure, NHCP; Local Cultural Property - Cultural and Historical Heritage of the Province of Ilocos Norte (per Provincial Ordinance Nos. 049-2006 and 039-2009); Registered Property, Municipality of San Nicolas, Ilocos Norte; Registered Property, Province of Ilocos Norte","The church is named after Saint Nicholas de Tolentino who was believed to have protected the people against floods, earthquakes, fires, typhoons and other calamities.  
The first church was founded in 1584 by the Augustinian Friars. The original chapel was of masonry with thatch roof, then reconstructed in 1811-1830.  
Exhibiting a baroque façade, the church bears the Spanish coat of arms. A threestorey bell tower on its right was built by Father Vitoriano Garcia. 
The church speaks of the numerous people who kept the Catholic faith alive despite the turmoil of the past 400 years brought about by calamities that previously destroyed the original church structure. 
It was declared as National Historical Landmark in 1950s by the then National Historical Institute and Important Cultural Property in 2015 by the National Museum.
_____
Marker Text:

Church of San Nicolas

Founded 1584 by the Agustinian missionaries. Original chapel was of masonry with a thatch roof. Reconstructed 1811–1830. Father Victoriano Garcia Alonso erected the tower, 1895–1897. Occupied by revolutionists, 1898; by American forces, 1899; and Philippine Independent Church, 1900–1901.

Year Unveiled: 1952",Luzon,0,0,0,1,0,0,0,HIGH,Which of the following was founded in 1584 by Augustinian Friars and is dedicated to a saint believed to protect against various calamities?,The site was founded in 1584 by Augustinian Friars and is dedicated to Saint Nicholas de Tolentino.
TP00084,Parish Church of Santa Monica of Sarrat,Parish Church of Santa Monica of Sarrat,RELIGIOUS_BUILDING,Simbaan ti Santa Monica; Simbaan ti Sarrat; Sarrat Church; Simbahan ng Santa Monica ng Sarrat; Palatandaan ng Katolikong Simbahan ng Sarrat; Catholic Church of Sarrat Marker; Catholic Church of Sarrat,Region I,Sarrat,Ilocos Norte,"Important Cultural Property, National Museum; Marked Structure, NHCP; Local Cultural Property - Cultural and Historical Heritage of the Province of Ilocos Norte (per Provincial Ordinance Nos. 049-2006 and 039-2009) (Santa Monica Church and Convent Ruins)","Marker Text:

Catholic Church of Sarrat

Formerly named Church of San Miguel in commemoration of the arrival at Sarrat of the first missionaries on the feast of San Miguel, 29 September 1725; Now named Sarrat by the Philippine legislature in 1916, restored the original name of the town, Sarrat. First convent constructed 1769 served as temporary church; Destroyed by fire 16 March 1816; Church and tower were constructed 1779; Another convent was built under the supervision of Father Vicente Berragro and finished May 1817; Burned again 18 October 1882; A third convent was built and completed June 1896.

Year Unveiled: 1959",Luzon,0,0,0,1,0,0,0,HIGH,Which of the following was named in 1916 to honor the original name of the town and has a history of multiple constructions and restorations since the 18th century?,The site was named in 1916 to honor the original name of the town and has a history of multiple constructions and restorations since the 18th century.
TP00085,Parish Church of Santa Catalina de Alejandria of Luna,Parish Church of Santa Catalina de Alejandria of Luna,RELIGIOUS_BUILDING,Simbaan ti Santa Catalina de Alejandria; Luna Church; Shrine of Our Lady of Namacpacan; Simbahan ni Santa Catalina de Alejandria ng Luna; St. Catherine; Santa Catalina de Alejandria; Our Lady of Namacpacan,Region I,Luna,La Union,"National Cultural Treasure, National Museum; Registered Property, Province of La Union","The century-old church of St. Catherine in Luna houses the miraculous image of Our Lady of Namacpacan, patroness of Ilocano travelers.
_____
The striking simplicity of the façade is played up by the slight décor on the iron grill window, the Augustinian emblem on the triangular pediment, the Corintian single and couple clumns on the first level and the rectangular pilasters supporting the pediment. 
The rose window and the recessed arched main door are the the only curved designs of the sharp-edged facade. Segmental arched windows ot he belltower further accentuate the simplicity of the facade.",Luzon,1,0,0,0,0,0,0,HIGH,Which of the following was built to house a miraculous image that serves as the patroness of Ilocano travelers?,The site must be a church that houses a miraculous image associated with Ilocano travelers.
TP00086,Parish Church of Saints Peter and Paul of Calasiao,Parish Church of Saints Peter and Paul of Calasiao,RELIGIOUS_BUILDING,Simbaan ti San Pedro ken San Pablo; Calasiao Church; Simbahan nina San Pedro at San Pablo ng Calasiao; Parish Church of Saints Peter and Paul; Church of Calasiao,Region I,Calasiao,Pangasinan,"National Cultural Treasure, National Museum","The church was built in the 17th to the 19th centuries by the Dominicans. This is the best preserved church complex in Pangasinan. The bell tower and some parts of the church have been recenly reconstructed, having been damaged by an earthquake: still and all, it is well conserved and the recent work has not deviated from its original appearance. The sprawling convento - the site of the 18th century Synod of Calasiao - has an excellent example of a separate kitchen structure. The retablo mayor is massive and its complex woodwork may be seen at the back.

Declared as a National Cultural Treasure by virtue of National Museum Declaration No. 2-2001.",Luzon,1,0,0,0,0,0,0,HIGH,Which of the following was built by the Dominicans between the 17th and 19th centuries and is recognized as the best preserved church complex in Pangasinan?,The site must have been built by the Dominicans between the 17th and 19th centuries and recognized as the best preserved church complex in Pangasinan.
TP00087,Nueva Vizcaya Old Provincial Capitol,Nueva Vizcaya Old Provincial Capitol,CIVIC_BUILDING,People’s Museum And Library; Old Capitol; Lumang Gusaling Panlalawigan ng Bayombong; Bayombong People's Museum and Library; Old Provincial Capitol; People’s Museum; Provincial Capitol of Nueva Vizcaya,Region II,Bayombong,Nueva Vizcaya,"Important Cultural Property, National Museum (virtue of MD No. 16-2016); Important Cultural Property in the Province of Nueva Vizcaya (Resolution No. 2019-3154); Registered Property, Province of Nueva Vizcaya","The building that houses the People’s Museum and Library is originally the Provincial Capitol of Nueva Vizcaya. The original provincial building was built from 1904-1906 during the American period under Governor Louis Knight. The building got burned on March 5, 1923. A new building was then erected in 1926, under the administration on Hon. Governor Alfonso Castañeda.

The People’s Museum known as the Old Provincial Capitol was declared as Important Cultural Property by the National Museum. And was publicly declared on February 26, 2018.

The museum is of two (2) storey building near the St. Dominic Cathedral, upon entering the building at  the left side is the registration area, the right is the 30 seater Audio Visual Room and in front of the tourism office is the art gallery were the novo vizcayano showcase their talents in culture and the arts. A stairs made of wood will lead you to the second floor, at the left side is the museum office and a mini library and the rest are the museum collections of artifacts.  

Walls on the second floor were of horizontal wood panels. Walls on both floors are matched with wooden framed capiz shell-windows. The roofing was made of long span roof tiles. The design of the museum maintained its Spanish style façade.

The park at the back of the museum was installed 1 unit ticketing booth, 2 units zip line tower, 4 units stalls for storing, 1 unit wall climbing, 1 unit slide and 3 units bahay kubo.",Luzon,0,0,0,1,0,0,0,HIGH,Which of the following was built in 1926 to replace a structure that was destroyed by fire in 1923 and is recognized as an Important Cultural Property?,The site was built in 1926 to replace a structure that was destroyed by fire in 1923 and is recognized as an Important Cultural Property.
TP00088,Faro de Cabo Engaño,Faro de Cabo Engaño,HISTORIC_BUILDING,Cape Engaño Lighthouse; Parola ti Kabo Engaño; Parola ng Kabo Engaño; Faro de Cabo Engaño,Region II,Santa Ana,Cagayan,"Important Cultural Property, National Museum; Marked Structure, NHCP","Cape Engaño Lighthouse, also known as Faro de Cabo Engaño, is a historic lighthouse located at the Palaui Island in the town of Santa Ana, the province of Cagayan, Philippines. Located at the northernmost part of Luzon Island and situated atop the summit of a hill, 92 meters above sea-level, the lighthouse provides a 360-degree view of Babuyan Island and the Dos Hermanas Island (Two Sisters) on the North, Pacific Ocean on the West and Engaño cove on the East.
Cape Engaño Lighthouse is now under the supervision of the Department of Transportation and Communications through the Philippine Coast Guards' lighthouse division.
_______
Marker Text:

Parola ng Cape Engaño

Idinisenyo ni Inhenyero Magin Pers y Pers ayon sa plano ng mga parola sa Cape Bojeador, Faro de Punta Capones at Faro de la Isla de Cabra na may tore at mga pabelyon, 1 Hunyo 1887. Ipinatayo, 21 Setyembre 1888. Natapos, 31 Disyembre 1892. Isa sa mga natatanging halimbawa ng arkitektura at nalalabing parolang itinayo noong panahon ng mga Espanyol.

Year Unveiled: 2009",Luzon,0,0,0,1,0,0,0,HIGH,"Which of the following was constructed in 1888 and is located at the northernmost part of Luzon Island, providing a panoramic view of nearby islands and the Pacific Ocean?",The site was constructed in 1888 and is located at the northernmost part of Luzon Island.
TP00089,Parish Church of San Carlos Borromeo of Mahatao,Parish Church of San Carlos Borromeo of Mahatao,RELIGIOUS_BUILDING,Mahatao Church; Simbahan ng San Carlos Borromeo ng Mahatao; Palatandaan ng Simbahan ng Mahatao; San Carlos Borromeo Church; Simbahan ng Mahatao Marker; Simbahan ng Mahatao,Region II,Mahatao,Batanes,"National Cultural Treasure, National Museum; Historical Marker, NHCP","The Parish Church of San Carlos Borromeo was built in the 19th century by the Dominicans. The church is a well preserved complex, despite few renovations. There is a stone structure in the courtyard used to house the beaterio, a local institution to assist in the work of the church. Elsewhere in the churchyard are stone monuments used perhaps as guiding lights for fishermen. The entire site gives a good idea of the simplicity ofthe missionary life.

Declared as a Natioanal Cultural Treasure by virtue of National Museum Declaration No. 2-2001.

Marker Text:

Simbahan ng Mahatao

Itinayo sa ilalim ng patronahe ni San Carlos Borromeo, 1787. Nasira ng bagyo, 1872. Muling itinayo ni P. Cresencio Polo, O.P., 1873. Itinaas ng mga Katipunero ang bandila ng Katipunan sa kampanaryo, 19 Setyembre 1898. Pinalitan ng bubong na yero, ika-20 siglo. Tinanggal ang koro, noong mga taong 1990. Ipinahayag ng Pambansang Museo bilang Yamang Pangkalinangan, 31 Hulyo 2001.

Year Unveiled: 2000",Luzon,1,0,0,0,0,0,0,HIGH,Which of the following was rebuilt in 1873 after being destroyed by a storm in 1872 and is associated with the Dominican order?,The site was rebuilt in 1873 after being destroyed by a storm in 1872 and is associated with the Dominican order.
TP00090,Parish Church of San Matias of Tumauini,Parish Church of San Matias of Tumauini,RELIGIOUS_BUILDING,Simbaan ti San Mattias; Simbaan ti Tumauini; Tumauini Church; Simbahan ng San Matias ng Tumauini; Palatandaan ng Simbahan ng Tumauini; Church of Tumauini Marker; Saint Matthias Parish Church; Ang Simbahan ng Tumauini Marker; Ang Simbahan ng Tumauini; Church of Tumauini,Region II,Tumauini,Isabela,"Tentative List of UNESCO World Heritage Sites; National Cultural Treasure, National Museum; National Historical Landmark, NHCP; Registered Property, Municipality of Tumauini, Isabela; Registered Property, Province of Isabela","The Parish Church of San MAtias wasa built in the 1780s by the Dominicans. This church is the best preserved church complex in the province of Isabela, even the convento is in ruins. The convento's vaulted ceiling has impressions of mats used to hold up the plaster. With unique cake-like bell tower, the church may be considered the best and most artistic brick structure in the Philippines. The churchyard is bounded by a brick wall with a unique undulating silhoutte.

Declared as a National Cultural Treasure by virtue of National Museum Declaration No. 2, s. 2001.

Marker Texts:

Ang Simbahan ng Tumauini

Unang ipinatayong yari sa kahoy ni Padre Francisco Nuñez, O.P., at inialay sa patronato ni San Matias, 1702. Nahiwalay sa Cabagan at naging isang ganap na bayan, 1751. Ang simbahang bato na may pabilog na kampanaryo, ang kaisa-isang uri nito sa Pilipinas ay ipinatayo ni Padre Domingo Forto, 1783 at ganap na natapos 1805. Naging kabisera ng Isabela sa loob na maikling panahon, 1880’s. Bahagyang nasira noong Ikalawang Digmaang Pandaigdig at ipinaayos ng mga tapat na mananampalataya ng Tumauini.

Sa bisa ng Kautusan ng Pangulo Bilang 260, Agosto 1, 1973, na sinusugan ng mga Kautusan Bilang 375, 14 Enero 1974, at Bilang 1505, Hunyo 11, 1978. Ang simbahang ito ay ipinahayag na Pambansang Palatandaang Makasaysayan, 24 Pebrero 1989.

Date Unveiled: February 24, 1989

-

Church of Tumauini

First built of light materials by Fray Francisco Nuñez, O.P. and dedicated to the patron saint San Matias, 1707. Separated from Cabagan and became a regular parish, 1751. The church of stone with a unique cylindrical bell tower, the only of its kind in the Philippines was constructed by Father Domingo Forto, 1783 and completed, 1805. Became the capital of Isabela for sometime in 1880’s. Partly damaged during World War II and repaired into its original form by the faithful of Tumauini.
By virtue of Presidential Decree No. 260, 1 August 1973, as amended by Executive Order Nos. 375, 14 January 1974, and No. 1505, 11 June 1976. This church was declared a National Historical Landmark, 24 February 1989.

Date Unveiled: February 24, 1989",Luzon,1,0,1,0,0,1,0,HIGH,"Which of the following was constructed in the late 18th century and features a unique cylindrical bell tower, making it the only one of its kind in the Philippines?",The site was constructed in the late 18th century and has a unique cylindrical bell tower.
TP00091,Parish Church of San Raimundo de Peñafort of Malaueg,Parish Church of San Raimundo de Peñafort of Malaueg,RELIGIOUS_BUILDING,Malaueg Church; Rizal Church; Simbahan ng San Raimundo ng Peñafort ng Malaueg; Palatandaan ng Simbahan ng Malaueg; Church of Malaueg Marker; Church of Malaueg,Region II,Rizal,Cagayan,"National Cultural Treasure, National Museum; Marked Structure, NHCP","The church, made mostly of fired bricks, is unique among other Spanish-era churches established by the Dominicans in the Cagayan Valley region due to its smaller size and novel design. The church’s brickwork has been described as “of free use” and that it exudes an earthy feel. Attention on the façade is focused on the main arched portal which is framed by a plastered white wall capped with a small triangular pediment. The main doorway is flanked with saints’ niches. At the upper level of the façade are rectangular windows set in recessed triangular pedimented frames. A relief of a cross serves as ornamentation to the triangular pediment capping the entire façade. The three-level bell tower stands on the left of the façade. It features a conical roof and finials jutting out of the corners of each level.
_____
Marker Text:

Church of Malaueg

The ecclesiastical administration of this town was accepted by the Dominicans on April 26, 1608. The cornerstone of the early Church was laid on November 21, 1617. The Church and the Convent had been destroyed and rebuilt four times.

Year Unveiled: 1939",Luzon,1,0,0,0,0,0,0,HIGH,Which of the following was established by the Dominicans in 1608 and features a unique brick façade with a three-level bell tower?,The site was established by the Dominicans in 1608 and has a distinctive brick façade with a three-level bell tower.
TP00092,Parish Church of San Vicente Ferrer,Parish Church of San Vicente Ferrer,RELIGIOUS_BUILDING,Dupax Church; Dupax del Sur Church; Simbahan ng San Vicente Ferrer; San Vicente Ferrer,Region II,Dupax del Sur,Nueva Vizcaya,"National Cultural Treasure, National Museum (by virtue of Museum Declaration No. 2-2001); Cultural Treasure of the Province of Nueva Vizcaya (Resolution No. 2019-3155); Registered Property, Province of Nueva Vizcaya","Augustinian Friars entered Dupax in the year 1723 and baptized the first converts. In 1727, Dupax was finally founded as a Town. The Dominicans took over the mission in 1739 but was officially accepted only on April 22, 1741 by the Dominican Provincial Chapter under the patronage of Our Lady of Help. However, the patron saint was later changed to St. Vincent Ferrer in 1750, and remains to this day.

In 1775, Fr. Manuel Corripio, OP, started the present church and convent made of stone and bricks. Fr. Julian Malumbres, OP, in his book, Historia de Cagayan, said that the church and convent were works “truly daring during those times, considering the things and instruments that were then being used for constructing buildings of such magnitude.

Built of locally available materials, such as bricks, lime, coral or river rock and wood, plastered with stucco which covers the church and has an aggregate floor area of 7,200 square meters. The architectural design is strikingly similar to that of the cathedral in Tugegarao. The façade is simple, relieved by an arched main entrance of two arched windows; between these windows at the center is an arched niche. Directly above the niche is a circular window. Just beside the edifice is a four-tiered, square-shaped bell tower. Visiting tourists both foreign and local usually climb the spiral stair for a birds eye view from the balcony above the fourth tier of the surrounding scenery.

The façade is described as a reflection of that of Tuguegarao Cathedral, only less in ornamentation and lower in height. Unlike the church of Tuguegarao, the church of Dupax has no spiral columns and pilasters that offer support to the structure. The façade is divided by cornices into horizontal segments of plastered brick. The first level features a semicircular arched main portal embellished with clay insets. The main doorway is flanked on both sides by tow blind windows with an embossed image of the Holy Eucharist. The second story features a niche and two windows framed by embossed carvings. The triangular pediment is divided into two horizontal sections with the lower half prieced with a deeply recessed oculus and the upper part featuring a relief of a cross. The entire pediment is capped by undulating cornices and seven finials, with the central finial crowned with a cross.

To the left of the façade is the four-level, unplastered, rectangular bell tower. The base features saint’s niches similar to that found on the second level of the façade while the second level features long, narrow windows framed with bracket columns. The tower is capped with a decorative parapet and a small cupola surmounted by a cross. The church plaza is enclosed by a low perimeter wall and a replica of an earlier atrial cross.
Two focal points inside the church are the pillars supporting the choir loft. The two, white-washed pillars are embellished with reliefs of cherubs, shells, florals and arabesques. Similar motifs can also be found on the baptistery. The original main altarpiece and pulpit are still intact but the heads of the images in the altarpiece are believed to be replicas of the ivory ones stolen over the course of the church’s history.",Luzon,1,0,0,0,0,0,0,HIGH,Which of the following was established as a town in 1727 and has a church that features a four-tiered bell tower and was constructed using locally sourced materials?,The site was established as a town in 1727 and has a church with a four-tiered bell tower made from locally sourced materials.
TP00093,Santa Maria Bridge,Santa Maria Bridge,BRIDGE,Tulay ng Santa Maria,Region II,Dupax del Sur,Nueva Vizcaya,"Important Cultural Property, National Museum",,Luzon,0,0,0,1,0,0,0,HIGH,,
TP00094,Bahay ni Angel Pantaleon de Miranda,Bahay ni Angel Pantaleon de Miranda,OLD_HOUSE,Bale Angel Pantaleon de Miranda; Residencia de Don Angel Pantaleon De Miranda; Founder’s House; Bahay ni Angel Pantaleon de Miranda; Don Angel Pantaleon de Miranda House; Bahay ni Angel Pantaleon,Region III,Angeles City,Highly Urbanized City,"Important Cultural Property, National Museum; Marked Structure, NHCP; Registered Property, City of Angeles","Marker Text:

Bahay ni Angel Pantaleon de Miranda

Ipinatayong yari sa bato at kahoy noong 1824 ni Don Angel Pantaleon de Miranda at kanyang maybahay, Doña Rosalia de Jesus, ang nagtatag ng Angeles (Dating Culiat), Pampanga noong 1796. Minana ng kanilang anak na si Doña Juana Miranda de Henson at pagkaraan ay tinirahan ng mga tagapagmana ni Don Jose P. Henson. Kasalukuyang tahanan ni Don Vicente N. Henson, Sr. Naging tuluyan din ng hukbong rebolusyonaryo ni Hen. Emilio Aguinaldo noong panahon ng Digmaaang Pilipino–Amerikano, 1899.

Year Unveiled: 1986",Luzon,0,0,0,1,0,0,0,HIGH,"Which of the following was built in 1824 and served as a residence for the founder of Angeles, Pampanga, as well as a refuge for revolutionary forces during the Philippine-American War?","The site was built in 1824 and served as a residence for the founder of Angeles, Pampanga, and a refuge for revolutionary forces during the Philippine-American War."
TP00095,Municipal Hall of Guagua,Municipal Hall of Guagua,CIVIC_BUILDING,Guagua Municipal Hall; Bahay Pamahalaan ng Guagua,Region III,Guagua,Pampanga,"Important Cultural Property, National Museum","It is a declared Important Cultural Property by virtue of MD-21-2015 (December 23, 2015).",Luzon,0,0,0,1,0,0,0,HIGH,,
TP00096,Municipal Hall of Lubao,Municipal Hall of Lubao,CIVIC_BUILDING,Lubao Municipal Hall; Bahay Pamahalaan ng Lubao,Region III,Lubao,Pampanga,"Important Cultural Property, National Museum","It is a declared Important Cultural Property by virtue of MD-21-2015 (December 23, 2015).",Luzon,0,0,0,1,0,0,0,HIGH,,
TP00097,Municipal Hall of Magalang,Municipal Hall of Magalang,CIVIC_BUILDING,Magalang Municipal Hall; Bahay Pamahalaan ng Magalang,Region III,Magalang,Pampanga,"Important Cultural Property, National Museum","It is a declared Important Cultural Property by virtue of MD-21-2015 (December 23, 2015).",Luzon,0,0,0,1,0,0,0,HIGH,,
TP00098,Metropolitan Cathedral of San Fernando,Metropolitan Cathedral of San Fernando,RELIGIOUS_BUILDING,Cathedral of Our Lady of the Assumption; San Fernando Cathedral; Kalakhang Katedral ng San Fernando; Metropolitan Cathedral; San Fernando,Region III,City of San Fernando,Pampanga,"Important Cultural Property, National Museum; Registered Property, City of San Fernando","Built by the Augustinians in 1756 made of wood and thatch, under the patronage of King Fernando III of Castile. 
During the Philippine Revolution of 1898, Pres. Emilio Aguinaldo viewed the Philippine Revolutionary Army from the church’s convent. 
The Philippine Revolutionary Army burned the church on May 4, 1899. It was again destroyed by fire in 1939. 
The current church was designed by Arch. Fernando Ocampo, the same architect of the re-constructed Manila Cathedral in Intramuros.",Luzon,0,0,0,1,0,0,0,HIGH,Which of the following was constructed in 1756 by the Augustinians and was later burned during the Philippine Revolution of 1898?,The site was built by the Augustinians in 1756 and was burned during the Philippine Revolution of 1898.
TP00099,Old Municipal Hall (Baliuag Museum and Library),Old Municipal Hall (Baliuag Museum and Library),CIVIC_BUILDING,Lumang Munisipyo ng Baliuag; Lumang Bahay Pamahalaan (Museo at Aklatan ng Baliuag); Old Municipal Hall; Baliuag Museum and Library,Region III,Baliuag,Bulacan,"Important Cultural Property, National Museum; Registered Property, Province of Bulacan",It is the town’s centre for historical and cultural heritage.,Luzon,0,0,0,1,0,0,0,HIGH,,
TP00100,Old Municipal Building (Museo ning Angeles),Old Municipal Building (Museo ning Angeles),CIVIC_BUILDING,Munisipyu ning Angeles; Museo ning Angeles; Municipio de Angeles; Lumang Munisipyo (Museo ning Angeles); Angeles Museum; Municipio; Museo Ning Angeles Building,Region III,Angeles City,Highly Urbanized City,"Important Cultural Property, National Museum; Registered Property, City of Angeles","This edifice was constructed in 1922 and served as the “Municipio” or Town Hall. In 1999, the government services were moved and this building became a museum.
_____
Marker Text:

The Museo Ning Angeles Building, Angeles City, Pampanga was declared an Important Cultural Property by the National Museum by virtue of the powers vested by Republic Act 4846, as amended by Presidential Decree 374 and Republic Act 8492.

Done in the City of Angeles, Pampanga 12 June 2012.",Luzon,0,0,0,1,0,0,0,HIGH,Which of the following was built in 1922 and later transformed into a museum after government services were relocated in 1999?,The site was constructed in 1922 and became a museum in 1999 after government services were moved.
TP00101,Heliograph Towers,Heliograph Towers,MILITARY_STRUCTURE,Mga Toreng Helyograpo,Region III,Magalang,Pampanga,"Important Cultural Property, National Museum",,Luzon,0,0,0,1,0,0,0,HIGH,,
TP00102,Parish Church of Immaculate Conception,Parish Church of Immaculate Conception,RELIGIOUS_BUILDING,Simbahan ning Guagua; Guagua Church; Simbahan ng Kalinis-linisang Paglilihi ng Guagua; Palatandaan ng Simbahan ng Guagua; Church of Guagua Marker; Simbahan ng Guagua,Region III,Guagua,Pampanga,"Important Cultural Property, National Museum; Marked Structure, NHCP","Marker Text:

Simbahan ng Guagua

Ang unang simbahan ay yari sa mahihinang kagamitan, na itinatag ng mga paring Agustino noong 1590 at inialay sa kapanganakan ni Birheng Maria. Naging priyorya noong 1620. Itinayo ni Padre Jose Duque ang simbahang bato at tisa noong 1661. Ang dalawang umiikot na kampana ay kaloob nina Ramon at Rafaela Infante noong 1874, samantalang ang malaking nakapirming kampana na may matibay na pundasyon ay ginawa noong 1891.

Date Unveiled: October 13, 1982",Luzon,0,0,0,1,0,0,0,HIGH,Which of the following was established in 1590 by Augustinian priests and is dedicated to the birth of the Virgin Mary?,The site was established in 1590 by Augustinian priests and is dedicated to the birth of the Virgin Mary.
TP00103,Parish Church of San Agustin of Lubao,Parish Church of San Agustin of Lubao,RELIGIOUS_BUILDING,Simbahan ning Lubao; Lubao Church; Simbahan ng San Agustin ng Lubao; Palatandaan ng Simbahan ng Lubao; Church of Lubao Marker; Church of Lubao,Region III,Lubao,Pampanga,"National Historical Landmark, NHCP; Important Cultural Property, National Museum","Marker Text:

Church of Lubao

Founded 1572 in Barrio Santa Catalina. Moved to this site thirty years later due to yearly floods. Architect Fr. Antonio Herrera, Augustinian, constructed this church 1614–1630 out of locally-made brick and sand mixed in egg albumen contributed by the people of Lubao. Occupied 1898 by the revolutionists. Used as hospital 1899 by American forces. Destroyed 1942 by Japanese shelling. Repaired 1949–1952, under the direction of Fr. Melencio Garcia and other priests.

Year Unveiled: 1957",Luzon,0,0,0,1,0,1,0,HIGH,Which of the following was constructed between 1614 and 1630 by Fr. Antonio Herrera after being relocated due to yearly floods?,The site was constructed between 1614 and 1630 by Fr. Antonio Herrera after being relocated due to yearly floods.
TP00104,Parish Church of San Andres Apostol of Masinloc,Parish Church of San Andres Apostol of Masinloc,RELIGIOUS_BUILDING,Masinloc Church; Simbahan ng San Andres Apostol ng Masinloc; Parish Church of San Andres; San Andres Church,Region III,Masinloc,Zambales,"National Cultural Treasure, National Museum","The Parish Church of San Andres was built in the 18th-19th centuries by the Augustinians Recollects. This church is the best example of a colonial church complex in the province, although extensively hit by a recent earthquake. The doorway from the choir loft is carved and polychromed, the most unique features of the church after the facade.

Declared as a National Cultural Treasure by virtue of National Museum Declaration No. 2-2001.",Luzon,1,0,0,0,0,0,0,HIGH,Which of the following was built by the Augustinians Recollects in the 18th-19th centuries and has been declared a National Cultural Treasure?,The site was built by the Augustinians Recollects in the 18th-19th centuries and is recognized as a National Cultural Treasure.
TP00105,Parish Church of San Bartolome of Magalang,Parish Church of San Bartolome of Magalang,RELIGIOUS_BUILDING,Simbahan ning Magalang; Magalang Church; Simbahan ng San Bartolome ng Magalang; Palatandaan ng Simbahan ng Magalang; Church of Magalang Marker; Church of Magalang,Region III,Magalang,Pampanga,"Important Cultural Property, National Museum; Marked Structure, NHCP","Marker Text:

Church of Magalang

Established by the Augustinian in 1605. Scene of the encounter between the followers of Andres Malong led by Melchor De Vera and the Spanish troops in 1660. Moved to San Bartolome in 1734. Swept by Parua River in the flood of 1863. Re-established in Barrio San Pedro on 13 December 1863 by government took over 12 June 1898 until 5 November 1899 when the Americans succeeded. Occupied by the Japanese, 3 January 1945. Turned over to the Republic of the Philippines, 4 July 1946.",Luzon,0,0,0,1,0,0,0,HIGH,Which of the following was established by the Augustinians in 1605 and was the site of a significant encounter between local followers and Spanish troops in 1660?,The site was established by the Augustinians in 1605 and was the location of an encounter between local followers and Spanish troops in 1660.
TP00106,"Parish Church of San Juan de Dios of San Rafael, Bulacan","Parish Church of San Juan de Dios of San Rafael, Bulacan",RELIGIOUS_BUILDING,"San Rafael Church; Saint John of God Parish Church; San Juan de Dios Church; Simbahan ng San Juan de Dios, San Rafael, Bulacan; Palatandaan ng Labanan sa San Rafael; Labanan sa San Rafael Marker; Labanan sa San Rafael",Region III,San Rafael,Bulacan,"Important Cultural Property, National Museum; Marked Structure, NHCP; Registered Property, Province of Bulacan","Site of the bloody battle between the Filipino and Spanish forces where in the blood that drenched the church was ankle-deep.
_____
Marker Text:

Labanan sa San Rafael

Sa pook na ito naganap noong ika-30 ng Nobyembre 1896 ang isa sa pinakamadugong labanan sa lalawigan ng Bulakan sa pagitan ng mga Katipunero na pinamumunuan ni Heneral Anacleto Enriquez (Matanglawin) at ng mga kawal na Kastila sa pamumuno naman ni Tinyente Koronel Lopez Arteaga. Sa pagkapawi ng usok ng putukan, tinatayang may 800 katao sa panig ng mga Pilipino ang sinamang-palad na namatay kabilang na rito si Matanglawin at iba pang mga Katipunero na nakipaglaban para sa kalayaan hanggang sa huling sandali.

Date Unveiled: November 30, 1997",Luzon,0,0,0,1,0,0,0,HIGH,"Which of the following was the site of a significant battle on November 30, 1896, between Filipino forces and Spanish troops, resulting in heavy casualties?","The site was the location of a battle on November 30, 1896, between Filipino and Spanish forces."
TP00107,Parish Church of Santa Monica of Minalin and it Liturgical Objects,Parish Church of Santa Monica of Minalin and it Liturgical Objects,RELIGIOUS_BUILDING,Simbahan ning Santa Monica; Minalin Church; Simbahan ng Santa Monica ng Minalin; Parish Church of Santa Monica of Minalin; Sta. Monica Parish Church; Sta. Monica,Region III,Minalin,Pampanga,"National Cultural Treasure, National Museum","Sta. Monica Parish Church in Minalin is one of the oldest churches in Pampanga which was erected by the Augustinian architects and engineers in the 17th century. The church, which is 52 meters long, 13 meters wide, and 11 meters high and appears to be in the form of a cross from top view, has an old typical Buddhist structural design as evidenced by highlights of escudo and lotus flower decorations on its first door. The architectural design of the church is also filled with carvings and designed depicting pre-Hispanic practices and pagan deities like naga (dragon), ubingan (serpent), dapu (crocodile), bulig (mudfish), and galura (eagle).

The church is overflowing with artistry and ingenuity as exposed by its retablo-like facade; significant decors of the Coat of Arms of Bishop of Spain at that time on the base of the window; escudo of Sacred Heart of Jesus in the main entrance; lantern like kampanilya; buttresses and columns with semi-circular niches housing the statues of St. Francis of Assisi, St. Catherine of Alexandria, St. Peter and St. Paul; and a 1619 mural painting which measures 89 inches wide and 113 inches tall depicting an old map of the town.

The astonishing features of the church are two centuries-old octagonal four story-bell towers dated 1877 and 1965; and were originally dedicated to Sta. Monica and St. Agustin. The church is remarkably intact despite of the destructive forces of nature such as lahar and flood silt; and the four capillaposas remain integral making Sta. Monica Parish Church the only church in the Philippines with four rare capillaposas remaining intact at the four-corners of the church's patio.

Declared a National Cultural Treasure by virtue of National Museum Declaration No. 9-2011.",Luzon,1,0,0,0,0,0,0,HIGH,Which of the following was declared a National Cultural Treasure by the National Museum of the Philippines in 2011 and features a unique architectural design influenced by pre-Hispanic practices?,The site was declared a National Cultural Treasure by the National Museum of the Philippines in 2011 and has a unique architectural design influenced by pre-Hispanic practices.
TP00108,Parish Church of Saint James the Apostle of Betis,Parish Church of Saint James the Apostle of Betis,RELIGIOUS_BUILDING,Simbahan ning Santiago Apostol; Betis Church; Simbahan ng Santiago Apostol ng Betis,Region III,Betis,Pampanga,"National Cultural Treasure, National Museum","The unique design of Betis Church reflects the integration of Spanish and Latin American architecture to indigenous architecture, including elements of Oriental style during the Spanish colonial era. The Church's political power of that period manifests in the architecture. It had been designed to withstand attacks during revolts and rebellions, giving the church the appearance of a fortress. The blending of religion and military portrays the manner Spain saw its situation in the Philippines. The church was also designed to withstand earthquakes that occur often in the region. This unique architectural style became known as Earthquake Baroque.",Luzon,1,0,0,0,0,0,0,HIGH,"Which of the following was designed to withstand both earthquakes and attacks during revolts in the Philippines, reflecting a blend of Spanish, Latin American, and indigenous architectural styles?","The site was designed to withstand earthquakes and attacks during revolts in the Philippines, showcasing a blend of architectural styles."
TP00109,Parish Church of Santo Rosario of Angeles,Parish Church of Santo Rosario of Angeles,RELIGIOUS_BUILDING,"Pisamban ning Santo Rosario, Lakanbalen ning Angeles; Holy Rosary Parish Church; Angeles Church; Parrochia Del Santissimo Rosario; Simbahan ng Santo Rosario ng Angeles; Palatandaan ng Angeles; Palatandaan ng Pisamban Maragul; Simbahan ng Angeles Marker; Pisamban Maragul Marker; Pisamban Maragul; Pisamban Ning Angeles",Region III,Angeles City,Highly Urbanized City,"Important Cultural Property, National Museum; Marked Structure, NHCP; Registered Property, City of Angeles","Construction of this structure began in 1877 on a parcel of land donated by a grandson of the town founder-Mariano Vicente Henson y Miranda and his wife, Asuncion Leon Santos. The Central European Romanesque with twin bell towers 35 meters high was designed by an architect named Antonio de la Cámara. The construction was completed on 12 February 1896 and at that time it was the tallest church building in the province of Pampanga.
The remains of the founder of Angeles – Don Angel Pantaleon de Miranda and his wife Dona Rosalia de Jesus are buried in either side of the altar.
_____
Marker Text:

Pisamban Maragul
(Pisamban Ning Angeles)

Dating bisitas ning San Fernando. Mibuklat ya ing mumunang kapilya kang Nuestra Señora de Rosario, 1812. Megin ganap yang parokya, 1829. Mitalakad ya ing pisamban a yari king batu agpang king disenyu nang Antonio Dela Camara, 1877-1896. Tegunan de ring libu-libung Pilipinu ing meganap a misa keti na petukyanan ning metung a talumpati nang hen. Emilio Aguinaldo antomong metung a dake ning pamagmasusi king mumunang anibersaryu ning proklamasyun ning pangatimawa ning pilipinas, 12 Hunyu 1899. Ginamit de ring ukbung Pilipinu ing kampanaryu antimong batiawan laban karing ukbung Amerikanu, 1899. Megsilbing ospital at himpilan de ring amerikanu ing pisamban at kumentu, 1900-1902. Ginamit de ring Hapon bilang garahi karing saken dang pandigma, 1942. Pasibayu yang misamamas ing kilub ning pisamban, 1962.",Luzon,0,0,0,1,0,0,0,HIGH,Which of the following was completed in 1896 and was the tallest church building in the province of Pampanga at the time?,The site was completed in 1896 and was the tallest church building in Pampanga at that time.
TP00110,Parish Church of Nuestra Señora de la Asuncion of Bulakan,Parish Church of Nuestra Señora de la Asuncion of Bulakan,RELIGIOUS_BUILDING,Bulakan Church; Nuestra Señora de la Asuncion Church; Simbahan ng Birhen ng Asunsyon ng Bulacan; Palatandaan ng Simbahan ng Bulacan; Ang Simbahan ng Bulacan Marker; Ang Simbahan ng Bulacan; Nuestra Señora de Asuncion Church; simbahan ng Nuestra Señora de Asuncion,Region III,Bulakan,Bulacan,"Important Cultural Property, National Museum; Marked Structure, NHCP; Registered Property, Province of Bulacan","Built in 1575 where Marcelo H. Del Pilar was baptized into Christianity. 
_____
Marker Text:

Ang Simbahan ng Bulacan

Itinatag ng mga paring Agustino bilang visita ng Tondo, 1575. Ipinatayo ang simbahang parokyal at kumbento sa patronato ng Nuestra Señora de la Asuncion, 1578. Sinakop at sinunog ng mga Ingles, 1762. Muling ipinatayo, 1812. Ipinagawa and kampanaryo, 1877. Nasira ng lindol, 1863, 1869, at 1880. Ipinaayos sa disenyong Neo-Byzantine, 1884-1885. Natapos ang kampanaryo, 1889. Dito lihim na ipinamahagi ni Gregorio H. del Pilar ang mga polyeto sa panulat ng kanyang amaing si Marcelo H. del Pilar noong panahon ng propaganda laban sa mga Kastila. Ipinanumbalik at ipinaayos ang simbahan, 1955-1975.

Year Unveiled: 2007
_____
Declaration of National Museum covers Nuestra Señora de Asuncion Church and belfry; Camposanto de Nuestra Señora de Asuncion; and Assumpta Academy",Luzon,0,0,0,1,0,0,0,HIGH,Which of the following was established in 1575 and is associated with the baptism of Marcelo H. Del Pilar into Christianity?,The site was established in 1575 and is linked to the baptism of Marcelo H. Del Pilar.
TP00111,Pagsanjan Arch,Pagsanjan Arch,MISC,Puerta Real; Royal Gate; Arko ng Pagsanjan; Palatandaan ng Pagsanjan; Palatandaan ng Puerta Real ng Pagsanjan; Puerta Real Boundary Arch; Puerta Real ng Pagsanjan Marker; Puerta Real ng Pagsanjan,Region IV-A,Pagsanjan,Laguna,"National Cultural Treasure, National Museum; Marked Structure, NHCP","The Arch located at the western entrance of the twon of Pagsanjan in Laguna which greets travelers at the entrance of this historic town along the National Highway was built by the people of Pagsanjan in 1977. The Arch, also known as the Puerta Real or Royal Gate during the Spanish and American occupation is now the famous Pagsanjan Boundary Arc of Laguna.

The arch is well-known for its three (3) Roman Arches and the gates made of adobe stones and lime with its topmost decorated with the Royal Coat of Arms of Spain (called escutcheon) in gold and yellow and guarded by two red Castillan Lions.

The arch, while defaced during the war, and with its facade ornaments and decorations, restored and completed in 1975 remains an exemplary landmark in the strecth of the National Highway on both ways and an outstanding artistic achievement of its era, embodying harmony of aesthetic and function.

Declared as a National Cultural Treasure by virtue of National Museum Declaration No. 08-2016

Marker Text:

Puerta Real ng Pagsanjan

Itinayo ng mga Pagsanjeño noong 1878-1880; yari sa adobe at apog, sa pamumuno nina Padre Cipriano Bac at Padre Miguel de la Fuente, bilang pasasalamat sa Nuestra Señora de Guadalupe. Nagsisilbing arko sa bukana ng Calle Real, patungong bayan ng Pagsanjan. Isa sa iilang natitirang arko na ginawa sa panahon ng mga Espanyol. Isinaayos, 1972-1975 at 2014-2015.

Date Unveiled: December 6, 2018",Luzon,1,0,0,0,0,0,0,HIGH,Which of the following was built in 1977 as a significant landmark at the western entrance of a historic town in Laguna?,The site was built in 1977 and serves as a landmark at the western entrance of a historic town in Laguna.
TP00112,Minor Basilica of Saint Michael the Archangel of Tayabas,Minor Basilica of Saint Michael the Archangel of Tayabas,RELIGIOUS_BUILDING,Tayabas Church; Tayabas Basilica; San Miguel Archangel Basilica Minore; Basilica of Saint Michael; Basilika Minore ng San Miguel Arkanghel ng Tayabas; Palatandaan ng Simbahan ng Tayabas; Ang Simbahan ng Tayabas Marker; The Basilica of St. Michael; Ang Simbahan ng Tayabas,Region IV-A,Tayabas City,Quezon,"National Cultural Treasure, National Museum; Historical Marker, NHCP; Registered Property, City of Tayabas","The Basilica of St. Michael was built in the 18th and 19th centuries by the Franciscans. This basilica is the best preserved and most beautifully decorated church complex in Quezon Province. The overall interior decoration is a good example of the neoclassic style. WIthin the town are two other stone chapels and ancient cemetery with its own chapel. The town is located in the foothills of Banahaw, with cool temperature.

Declared as a National Cultural Treasure by virtue of National Museum Declaration No. 2-2001.

Marker Text:

Ang Simbahan ng Tayabas

Ang unang simbahan na yari sa kawayan, nipa at anahaw ay ipinatayo ng mga prayleng Pransiskano noong 1585 sa ilalim ng patronato ni San Miguel Arkanghel. Ito ay muling ipinaayos ni San Juan Bautista noong 1590. Noong 1600 isang simbahang yari sa tisa ang ipinatayo subalit ito ay giniba ng lindol noong 1743. Nang sumunod na mga taon ang simbahan ay muling ipinagawa at pinalakihan. Ito ay higit pang pinalaki noong 1856 sa pamamagitan ng pagpapagawa ng transepto at kupola. Ang bubong na tisa ng transepto ay pinalitan ng galbanisadong yero noong 1894. Ang simbahang ito ay isa sa pinakamagandang simbahan sa Pilipinas.

Marker Date: November 11, 1982",Luzon,1,0,0,0,0,0,0,HIGH,Which of the following was built by the Franciscans in the 18th and 19th centuries and is recognized as the best preserved and most beautifully decorated church complex in Quezon Province?,The site was built by the Franciscans in the 18th and 19th centuries and is the best preserved and most beautifully decorated church complex in Quezon Province.
TP00113,Cuartel de Santo Domingo,Cuartel de Santo Domingo,MILITARY_STRUCTURE,Kuwartel ng Santo Domingo; Fort Sto. Domingo; Palatandaang Pangkasaysayan ng Kuwartel ng Santo Domingo,Region IV-A,Santa Rosa City,Laguna,"Important Cultural Property, National Museum",,Luzon,0,0,0,1,0,0,0,HIGH,,
TP00114,Angono-Binangonan Petroglyphs,Angono-Binangonan Petroglyphs,MISC,Angono Petroglyphs; Mga Sinaunang Ukit sa Bato ng Angono; Angono-Binangonan Petroglyphs,Region IV-A,Binangonan,Rizal,"National Cultural Treasure, National Museum; Registered Property, Municipality of Binangonan, Rizal","The NM Angono-Binangonan Petroglyphs Site Museum is the site of the oldest known rock art in the Philippines, the Angono-Binangonan Petroglyphs. The rock art is a collection of 127 human and animal-like figures engraved on a cave wall. The engraved drawings were distributed horizontally on the rock shelter wall measuring about twenty-five (25) by three (3) meters. Out of the 127 drawings, there are 51 distinct figures, suggesting there were made of different individuals or by generation. The animal-like figures appeared to be a lizard and a frog. Archaeological excavations in the site also found fragmented bits of earthenware, 8 pieces of stone tools which consist of 2 pieces of obsidian flakes, 2 pieces of stone cherts, 2 pieces of flake stone tool, a piece of stone adze and a piece of stone core. The presence of the artifacts suggests a date prior to the introduction of metal in the country which is late Neolithic Age or around at least millennium years before the birth of Christ. The average of the petroglyphs is 3000 BC.

The Angono-Binangonan Petroglyphs was declared a National Cultural Treasure in 1973. It was listed on the World Inventory of Roch Art in 1985. The World Monument Watch included it in the list of top 100 most endangered sites in the world. Now National Artist Carlos ""Botong"" Francisco accidentally discovered the rock art while on a boy scout camping trip. While lying down resting on the rock shelter, he noticed some engraved drawings on the wall. Though he thought of the engravings as ""primitive"" in terms of quality, he knew it could have heritage and cultural values thus reported it to the National Museum of the Philippines (NMP). The NMP team headed by anthropologist Dr. Jesus Peralta conducted an interdisciplinary study of the site in October and November 1965. To protect the site from deterioration due to human activities, the NMP built a view deck where museum guests can see the petroglyphs without causing damage. This was upon the recommendation of an archaeological conservation expert, Dr. Nicholas Stanley Price, who conducted a preservation and protection for the site. Price also recommend a heritage buffer zone to protect the area and vicinity of the rock art.

Declared as a National Cultural Treasure and National Historical Landmark by virtue of Presidential Decree No. 260.",Luzon,1,0,0,0,0,0,0,HIGH,Which of the following was declared a National Cultural Treasure in 1973 and is known for being the site of the oldest known rock art in the Philippines?,The site was declared a National Cultural Treasure in 1973 and is recognized for its ancient rock art.
TP00115,Mauban Public Bath,Mauban Public Bath,HISTORIC_BUILDING,Public Bath; Paliguang Bayan 1725; 1725 Public Bath; Paliguang Bayan ng Mauban,Region IV-A,Mauban,Quezon,"Important Cultural Property, National Museum; Registered Property, Municipality of Mauban, Quezon",,Luzon,0,0,0,1,0,0,0,HIGH,,
TP00116,Parish Church of Our Lady of the Assumption of Maragondon,Parish Church of Our Lady of the Assumption of Maragondon,RELIGIOUS_BUILDING,Simbahan ng Maragondon; Simbahan ng Birhen ng Asunsyon ng Maragondon; Palatandaan ng Simbahan ng Maragondon; Ang Simbahan ng Maragondon Marker; Nuestra Señora de la Asuncion,Region IV-A,Maragondon,Cavite,"National Cultural Treasure, National Museum; Historical Marker, NHCP","The church was built in the early 18th century by the Jesuits, with later additions by the seculars and the Augustinians recollects. This is the best preserved church complex in Cavite, despite some additions. Much of the church and bell tower, and the lower portion of the convento are made of irregular river stones, indicative of the early level of technology operating at that time. The intricately carved retablos, pulpit, and church doors date from Jesuit times, while the huge carved beams crossing the nave were installed by the seculars. One of the beams even carries the name of the an ""indio"" priest who commissioned them. The unusual horseshoe shaped communion rail, with a flooring of inlaid wood of various colors, recalls that in San Sebastian Church, Manila, a Recollect construction,

Declared as a National Cultural Treasure by virtue of National Museum Declaration No. 2-2001.

Marker Text:

Simbahan ng Maragondon

Ipinatayo ng mga paring Heswita sa Patronato ng Nuestra Señora de la Asuncion, 1618. Naging simbahang parokyal, 1627. Ipinatayo at ipinalaki ang bagong simbahan, 1630-1633. Ipinagiba upang iwasang maging kuta ng mga Olandes, 1646-1649. Muling ipinatayo na gawa sa kahoy, 1650. Inayos ang kumbento, 1666-1672. Ginawa sa Bayo, 1714. Inilipat sa pangangasiwa ng mga paring sekular, 1768, at ng mga Rekoletos, 1860. Ginamit na tanggulan ng mga rebolusyonaryo nang gawing punong himpilan ang Maragondon ng mga puwersa ni Hen. Emilio Aguinaldo, Mayo 1897. Muling pinangasiwaan ng mga paring sekular noong ikadalawampung dantaon. Natatanging halimbawa ng disenyo at arkitekturang kolonyal. Ipinahayag na Pambansang Yamang Pangkalinangan ng Pambansang Museo, 31 Hulyo 2001.

Marker Date: 2007",Luzon,1,0,0,0,0,0,0,HIGH,Which of the following was built in the early 18th century by the Jesuits and is recognized as the best-preserved church complex in Cavite?,The site was built in the early 18th century by the Jesuits and is the best-preserved church complex in Cavite.
TP00117,Parish Church of Our Lady of Candelaria of Silang,Parish Church of Our Lady of Candelaria of Silang,RELIGIOUS_BUILDING,Nuestra Señora de Candelaria Church Complex; Silang Church; Simbahan ng Birhen ng Candelaria ng Silang; Palatandaan ng Simbahan ng Silang; Diocesan Shrine and Parish of Nuestra Senora de Candelaria Church; Simbahan ng Silang Marker; Simbahan ng Silang; Nuestra Señora de Candelaria,Region IV-A,Silang,Cavite,"National Cultural Treasure, National Museum; Historical Marker, NHCP; Registered Property, Municipality of Silang, Cavite","Ang lumang Simbahan ng Silang ay binubuo ng pader na bato upang maprotektahan ito laban sa mga tulisan. Walang palamuti sa mga pilaster at ang mga maliliit na bintana nito ay inilagay sa mataas na mga dingding. Kilala ang lumang simbahan ng Silang sa mala-Espanyol netong disenyo. Mula sa Rococo na inspirasyon ng retablo, hanggang sa mala gintong pilar at barnis na kisame. Na napreserba at napangalagaan ng mga tauhan ng simbahan.

Declared a National Cultural Treasure by virtue of National Museum Declaration No. 20-2016.

Marker Text:

Simbahan ng Silang

Itinatag bilang parokya ng mga Pransiskano, 3 Pebrero 1595. Nasunog, 30 Agosto 1603. Nagtayo ng bagong simbahan ang mga Pransiskano sa patronato ni San Diego de Alcala. Inilipat sa mga Heswita, 1611. Itinayo ang simbahang yari sa bato ni Juan de Salazar, S.J., 1637-1639. Inialay sa patronato ng Nuestra Señora de Candelaria, mga taong 1640. Naging kuta ng mga guwardiya sibil nang kubkubin at itaboy sila ng mga Filipinong manghihimagsik na pinamunuan ni Hen. Vito Belarmino, 5-6 Setyembre 1896. Pinamahalaan ng mga paring sekular nang pinaalis ang mga Heswita, 1788. Inilipat sa mga Recoletos sa pamamagitan ng Real Orden, 9 Marso 1849. Ibinalik sa mga Sekular, 1868. Inilipat sa mga paring Congregation of the Immaculate Heart of Mary (CICM), 1910; Sekular, 1913; Columbans, 1936; at Sekular muli, 1978 hanggang sa kasalukuyan. Halimbawa ng arkitekturang kolonyal na may mga retablong idinisenyo sa estilong Rococo. Nasira ng lindol ang pinakamataas na palapag ng kampanaryo, 1880. Isinaayos, 1989.

Marker Date: 2008",Luzon,1,0,0,0,0,0,0,HIGH,"Which of the following was established as a parish by the Franciscans on February 3, 1595, and was a stronghold of Spanish civil guards besieged by Filipino revolutionaries in September 1896?","The site must have been established as a Franciscan parish on February 3, 1595, and been the stronghold of Spanish civil guards besieged by Filipino revolutionaries in September 1896."
TP00118,Parish Church of Immaculate Conception of Balayan,Parish Church of Immaculate Conception of Balayan,RELIGIOUS_BUILDING,Balayan Church; Simbahan ng Kalinis-linisang Paglilihi ng Balayan; Palatandaan ng Simbahan ng Balayan; Simbahan ng Balayan Marker; Simbahan ng Balayan,Region IV-A,Balayan,Batangas,"National Cultural Treasure, National Museum; Historical Marker, NHCP; Registered Property, Province of Batangas","The Parish Church of the Immaculate Conception was built in the early 19th century by the secular clergy, with later touches by the Augustinian Recollects. It must be noted that by the 19th century, the seculars were already largely indio priests, hence Balayan is one of the few examples of churches built under the direction of the ""indio"" clergy. The interior has not changed much since 1870s when a print showing the church interior was made, despite several superficial additions.

Declared as a National Cultural Treasure by virtue of National Museum Declaration No. 2-2001.

Marker Text:

Simbahan ng Balayan

Unang ipinatayong yari sa mahihinang kagamitan ng mga paring Pransiskano sa ilalim ng pamamahala ni Padre Francisco de Santa Maria noong 1579. Inilipat ang pamamahalang espiritwal ni Padre Juan de Oliver sa mga Heswita sa pamumuno ni Padre Pedro Chirino, 1591. Ipinatayong yari sa bato noong 1748, muling inilipat ang pamamahala ng parokya sa mga paring sekular na Kastila, 1753. Pagkaraan sa mga Rekoletos, 1876. Isinalin sa mga paring sekular na Pilipino sa ilalim ng Arsidiyosesis ng Maynila, 1908. Napalipat ang pangangasiwa sa Diyosesis ng Lipa at ang pari ay si Padre Benigno Gamez.

Date Unveiled: December 9, 1986",Luzon,1,0,0,0,0,0,0,HIGH,Which of the following was built in the early 19th century under the direction of indio priests and later declared a National Cultural Treasure?,The site must have been built in the early 19th century and declared a National Cultural Treasure.
TP00119,Parish Church of San Gregorio Magno of Majayjay,Parish Church of San Gregorio Magno of Majayjay,RELIGIOUS_BUILDING,Saint Gregory The Great Redeemer Parish Church; Majayjay Church; Simbahan ng San Gregorio Magno ng Majayjay; Palatandaan ng Simbahan ng Majayjay; Simbahan ng Majayjay Marker; Simbahan Ng Majayjay,Region IV-A,Majayjay,Laguna,"National Cultural Treasure, National Museum","Simbahan Ng Majayjay

Unang ipinatayong yari sa kawayan at pawid sa sitio may-it ng mga misyonerong Agustino matapos ang pamamayapa sa katutubo ni Salcedo, 1571; nasunog, 1576. Muling ipinatayo ng mga pransiskano sa panahon ni P. Juan de Plasencia, 1578; muling nasunog, 1606. Ipinatayo ang kasalukuyang simbahang bato 1616-1649; bahagyang nasunog, 1660; pinaayos, 1707. Pinalaki at pinatibay sa pamamahala ni P. Jose de Puertollano, 1711-1734. Pamuling ipinaayos noong mga taong 1339, 1842 at 1848 dahil sa pinsala ng bagyo. Naging himpilan ng mga Amerikano noong Digmaang Piliplno-Amerikano, isinaayos, 1912.

Marker Date: June 27, 1993",Luzon,1,0,0,0,0,0,0,HIGH,Which of the following was rebuilt multiple times after being destroyed by fire and was established by Augustinian missionaries in the late 16th century?,The site was established by Augustinian missionaries in the late 16th century and has been rebuilt multiple times after being destroyed by fire.
TP00120,Parish Church of San Ildefonso de Toledo of Tanay,Parish Church of San Ildefonso de Toledo of Tanay,RELIGIOUS_BUILDING,Diocesan Shrine of Nuestra Señora de los Dolores de Turumba; Tanay Church; Simbahan ng San Ildefonso ng Toledo ng Tanay; Palatandaan ng Simbahan ng Tanay; Church of Tanay Marker; San Ildefonso Church; Church of Tanay,Region IV-A,Tanay,Rizal,"National Cultural Treasure, National Museum; Marked Structure, NHCP; Registered Property, Municipality of Tanay, Rizal","Located in the heart of the town proper, San Ildefonso Church, also known as Tanay Church, is one of Jubilee Churches in the Philippines. It was declared one of the 26 Heritage Churches in the country by the National Commission for Culture and the Arts on July 31, 2001, due to its age and the centuries-old religious artifacts that it houses.
______
One of the most historical spots in the town is the Tanay Church built in the 17th century. The construction of the stone church was completed in 1680 but by 1773 it had deteriorated. The church had to be demolished and rebuilt with good local stone made of Tanay quarry. The strong and solid structure standing today was completed in 1783 with slight restoration. The Church is a mixture of Philippine colonial design and with some integration of baroque in the facade which has two layers of columns. The main entrance is flanked by lateral niches and the side portal has elaborate designs. The interior of the church has a long nave. It has five altars with rococo designs. The main altar is silver-plated. The stations of the cross are made of wood relief sculptures which are beautifully done. Above the choir loft is a stained glass window.
_____
Marker Text:

Church of Tanay

The ecclesiastical administration of Tanay belonged to Pililla up to 1606 when the first church was built. The town moved to San Antonio in 1620 but was transferred to this site in 1640. The present Church was completed in 1783.

Year Unveiled: 1939
_____
The style of the church, with its triangular pediment and rounded belfry, leans toward Baroque architecture. The church also houses a relic of a piece of bone of San Ildefonso housed in a monstrance, given by Rev. Fr. Felipe Pedraja on October 2006 from Zamora, Spain in which the body of the patron saint lies.

The 14 Stations of the Cross inside the church is considered as one of the most beautiful Stations of the Cross in Asia. The carvings are depicted to have Malay features as evidenced by the brown skin of the natives and their squat figures, all of which are believed to have created by native Tanay artists. Some distinct depictions are borrowed from the native culture such as the ""Tambuli"" made of carabao and the bolo instead of the typical Roman sword. The carvings are encased in large glass windows across each side of the church.",Luzon,1,0,0,0,0,0,0,HIGH,Which of the following was completed in 1783 and is recognized as one of the 26 Heritage Churches in the Philippines?,The site was completed in 1783 and is recognized as one of the 26 Heritage Churches in the Philippines.
TP00121,Iglesia Catolica Apostolica Romana Parish of St. Michael the Archangel,Iglesia Catolica Apostolica Romana Parish of St. Michael the Archangel,RELIGIOUS_BUILDING,Bacoor Church; Simbahan ng Bacoor; Simbahan ng San Miguel Arkanghel ng Bacoor; Parish Church of Saint Michael the Archangel of Bacoor; Parish Church of San Miguel Archangel; St. Michael the Archangel Church; San Miguel Arkanghel,Region IV-A,Bacoor City,Cavite,"Important Cultural Property, National Museum; Historical Marker, NHCP; Registered Property, City of Bacoor, Cavite","One of the oldest churches in Cavite, it was named after the Patron Saint of Bacoor, St. Michael the Archangel. The church was established on January 18, 1752 from the Royal Cedula issued by King Ferdinand VI of Spain during the papacy of Pope Benedict IX and governorship of Governor General Luis Perez of Dasmariñas. It was during the term of Father Mariano Gomes from 1824 to 1872 that the church was renovated with its present architectural structural design made of adobe and tegula. During the renovation, thousands of duck egg whites were utilized to bond the huge boulders of adobe found in the church. St. Michael the Archangel Church survived strong earthquakes and natural calamities like storm and wildfires. However, the fiery and bloody Filipino Spanish war almost destroyed the church structures into half. After the term of Fr. Gomes and his martyrdom, the Augustinian recollects were given the authority to manage the parish of St. Michael the Archangel Church.

Declared as an Important Cultural Property by virtue of Museum Declaration No. 42-2020.

Marker Text:

Simbahan ng Bacoor

Dating Visita ng Cavite Puerto sa panahon ni Obispo Juan Arechederra; naging parokya sa patronato San Miguel Arkanghel sa pamamahala ni Padre Jose Ximenez, 18 Enero 1752. Sinira ng mga Ingles na sumakop sa Cavite, Oktubre 1762. Muling ipinatayo na yari sa bato at kahoy, 1774. Idinagdag ang retablo, patio, kampanaryo at bautisterio sa panahon ni Padre Domingo Sevilla Pilapil, 1788-1820. Nagpatayo ng bagong kumbento sa panahon ni Padre Mariano Gomes, 1843; pinalakihan niya ang simbahan sa tulong ni Arkitekto Felix Rojas, 1863-1870. Nalipat sa pamamahala ng mga rekoleto, 1872. Itinaas ng mga rebolusyonaryo ang watawat ng Pilipinas sa kampanaryo, 31 Mayo 1898. Nasira sa Digmaang Pilipino at Amerikano, 13 Hunyo 1899. Nalipat ang pagmimisa at mga banal na gawain sa tahanan ni Don Juan Cuenca nang inokupahan ng Iglesia DFlipina Independiente ang simbahan, 1902. Muling naibalik sa pamamahala ng simbahang Katoliko alinsunod sa utos ng Korte Suprema, 1906. Kabilang sa mga unang simbahan sa lalawigan ng Cavite na pinamahalaan ng mga paring Sekular mula ng ito ay itinayo. Ipinahayag na Mahalagang Yamang Pangkalinangan ng Pambansang Museo ng Pilipinas 28, Disyembre 2020.

Date: March 02, 2022",Luzon,0,0,0,1,0,0,0,HIGH,"Which of the following was established on January 18, 1752, and is known for its significant renovations during the term of Father Mariano Gomes?","The site was established on January 18, 1752, and underwent significant renovations during the term of Father Mariano Gomes."
TP00122,Parish Church of Saint James the Apostle of Paete,Parish Church of Saint James the Apostle of Paete,RELIGIOUS_BUILDING,Paete Church; Simbahan ng Santiago Apostol ng Paete; Palatandaan ng Simbahan ng Paete; Church of Paete Marker; Church of Paete,Region IV-A,Paete,Laguna,"National Cultural Treasure, National Museum; Marked Structure, NHCP; Registered Property, Province of Laguna","Marker Text:

Church of Paete

Paete was founded in 1580 by the Rev. Juan de Plasencia. Its stone church and its convent, built in 1646, were ruined before 1717. The Rev. Francisco de la Fuente, O.F.M., constructed a stronger church in 1717, which was later destroyed by the earthquake of 1880. The church which the Rev. Pedro Galiano, O.F.M., built in 1884, was destroyed by the earthquake of August 20, 1937.

Year Unveiled: 1939",Luzon,1,0,0,0,0,0,0,HIGH,"Which of the following was constructed in 1884 after a series of earlier churches were destroyed, and is located in a town founded in 1580?",The site was constructed in 1884 after previous churches were destroyed.
TP00123,Tulay Malagonlong,Tulay Malagonlong,BRIDGE,Malagonlong Bridge; Puente de Malagonlong; Puente del Malagonlong; Tulay Malagonlong; Spanish Colonial Bridges of Tayabas,Region IV-A,Tayabas City,Quezon,"National Cultural Treasure, National Museum; National Historical Landmark, NHCP; Local Cultural Property - Historical Stone Bridges of Tayabas; Registered Property, City of Tayabas, Quezon","Malagonlong Bridge was built in 1840 by Fr. Antonio Mateos. The stone bridge which spans more than 400 feet in length was finished, though, by 1850 during the term of Governor General Jose Maria de la O.
The stone bridge was constructed first under the direction of Fr. Mateos who paid from his personal savings the labor cost for this bridge.
Malagonlong Bridge is one of two stone bridges in the town of Tayabas, once of the capital of Tayabas Province. The other bridge is Mate Bridge, also known as Bantayan by the people. There are other bridges in Tayabas spanning rivulets and main waterways; however, these are minor ones compared to Bantayan and Malagonlong Bridges. During the Spanish period, Malagonlong Bridge was considered to be the best of its kind in Tayabas. 
_____
Declared as a National Cultural Treasure under the title ""Spanish Colonial Bridges of Tayabas"" and a Local Cultural Treasure under the City Government of Tayabas thru Ordinansa Blg. 17-18; Malogonlong Bridge is said to be one of the oldest and longest stone arched bridges found in the town of Tayabas, Province of Quezon. The bridge was used for vehicular traffic until quite recently (2003), and can be considered an engineering feat that has withstood the test of time. More than its structural importance, it is also a graceful example of an arched stone bridge, set in a beautiful setting typical of the rivers.
_____
This magnificent and strong bridge has a total length of 445 feet and has 5 arches
The first arch has a height and width of 36 feet; the second and third with 33 feet; the fourth with 30 feet; and the fifth with 18 feet
Has a marker that says “Siendo Gobernadorcillo De esta Cabecera en el ano de 1850 D. Julian S. Francisco”
_____
Marker Text:

Tulay Malagonlong

Ginawa noong 1840 sa ilalim ng pangagasiwa ng kura paroko ng Tayabas, si P. Antonio Mateos, at natapos noong 1850. Isa sa mga nalalabing tulay na bato sa bansa na ipinagawa sa panahon ng pananakop ng mga Espanyol.

Date Unveiled: November 26, 2004",Luzon,1,0,0,0,0,1,0,HIGH,"Which of the following was completed in 1850 under the direction of Governor General Jose Maria de la O and is considered one of the oldest and longest stone arched bridges in Tayabas, Province of Quezon?",The site was completed in 1850 and is recognized as one of the oldest and longest stone arched bridges in Tayabas.
TP00124,Puente de Bai,Puente de Bai,BRIDGE,Puente de Tumuloy; Tulay ng Bai; Puente de Bai,Region IV-A,Tayabas City,Quezon,"National Cultural Treasure, National Museum (under Tayabas Historic Bridges); Local Cultural Property - Historical Stone Bridges of Tayabas; Registered Property, City of Tayabas","Serves as the boundary of the old route of Dapdap-Palola. 
Its arch has a unique spiral design.
_____
Declared as a National Cultural Treasure under the title ""Spanish Colonial Bridges of Tayabas"" and a Local Cultural Treasure under the City Government of Tayabas thru Ordinansa Blg. 17-18; serve as the boundary of the old route of Dapdap-Palola. Its arch has a unique spiral design.""",Luzon,1,0,0,0,0,0,0,HIGH,Which of the following was declared a National Cultural Treasure and serves as the boundary of the old route of Dapdap-Palola?,The site must be declared a National Cultural Treasure and serve as the boundary of the old route of Dapdap-Palola.
TP00125,Puente de Isabel II,Puente de Isabel II,BRIDGE,Tulay ng Isabel II; Puente de Isabel II,Region IV-A,Tayabas City,Quezon,"National Cultural Treasure, National Museum (under Tayabas Historic Bridges); Local Cultural Property - Historical Stone Bridges of Tayabas; Registered Property, City of Tayabas","On March 15, 1852, the first stone was placed by Gobernador Don Jose Maria and was finished on July 6, 1853.
The bridge was made to honor Queen Isabel II of Spain.
_____
Declared as a National Cultural Treasure under the title ""Spanish Colonial Bridges of Tayabas"" and a Local Cultural Treasure under the City Government of Tayabas thru Ordinansa Blg. 17-18; connecting Barangay Malaoa and Baguio",Luzon,1,0,0,0,0,0,0,HIGH,"Which of the following was completed on July 6, 1853, and was built to honor a Spanish queen?","The site was completed on July 6, 1853, and was built to honor Queen Isabel II of Spain."
TP00126,Molino Dam,Molino Dam,MISC,"Prinsa ng Molino; Prinsa ng Molino sa Ilog Zapote; Molino Dam over the Zapote River, and its Intrinsic Setting; Molino Dam",Region IV-A; NCR,Bacoor City,Cavite,"Important Cultural Property, National Museum; Historical Marker; NHCP; Registered Property, City of Bacoor, Cavite","Molino is a Spanish word for water reservoir and truth to the matter, the dam was constructed during the Spanish regime for irrigation purposes for the town of Bacoor which was then a vast agricultural land. Found in Barangay Molino 3, the dam was constructed by the Spaniards during the 18th century and is fed by two river system namely the Don Celia and Molino River wherein the former drains the eastern portion of the southern water shed.

Declared as an Important Cultural Property by virtue of National Museum Declaration No. 22-2020.

Marker Text:

Molino Dam

Ipinagawa ayon sa disenyo ni Fray Hilario Bernal, OAR upang patubigan ang mga bukirin sa Las Piñas at Bacoor. Isinaayos ni Fray Ezekiel Moreno, OAR upang lubos na matulungan ang mga magsasaka at lunasan ang tagtuyot na nararanasan sa lugar, 1885. Ganap na natapos, 1890. Nagsisilbing tulay sa pagitan ng Las Piñas at Bacoor, Cavite hanggang sa kasalukuyan.

Date Unveiled: December 1, 2017",Luzon,0,0,0,1,0,0,0,HIGH,Which of the following was constructed during the Spanish regime in the 18th century to provide irrigation for the agricultural lands of Bacoor?,The site was constructed during the Spanish regime in the 18th century for irrigation purposes in Bacoor.
TP00127,Casa de San Fernando,Casa de San Fernando,OLD_HOUSE,Casa de San Fernando,Region IV-B,San Fernando,Romblon,"Important Cultural Property, National Museum; Registered Property, Municipality of San Fernando, Romblon","Casa de San Fernando located in Sibuyan Island is a Spanish Cuartel built of stone coral blocks with wooden beams. The structure is a unique built-heritage as a watchtower stood majestically at the back of the residence structure believed to have been built for the purpose by then Don Pedro Sanz, a Spanish Gobernadorcillo. It has a unique architectural design as it features a watchtower majestically standing at the back of the Casa itself. ",Luzon,0,0,0,1,0,0,0,HIGH,Which of the following was constructed as a Spanish Cuartel on Sibuyan Island and features a prominent watchtower at the back?,The site was built as a Spanish Cuartel on Sibuyan Island and has a watchtower at the back.
TP00128,Twin Forts of Romblon (Fuerza de San Antonio),Twin Forts of Romblon (Fuerza de San Antonio),MILITARY_STRUCTURE,Fuerza de San Antonio; Kambal na mga Tanggulang Romblon (Tanggulang San Antonio); Kambal na mga Tanggulang Romblon: Tanggulang Santiago; Twin Forts of Romblon,Region IV-B,Romblon,Romblon,"National Cultural Treasure, National Museum","Fuerza de San Andres and Fuerza de San Tiago are twin forts of coral blocks constructed on top of San Andres and Cavalry Hills respectively between 1573 and 1760, about 156 feet above sea level. With its strategic locations on top of hills, overlooking the whole town, these twin towers served as a stronghold during the Spanish Colonial Period to protect the people of Romblon against invaders and pirates. These fortresses also endured the wars fought in Romblon during the Philippine-American War and the Second World War.

Fuerza de San Andres is an irregular quadrilateral foritification with circular buttresses that served like quasi-bastions built on top of a Hill. Its fort walls are low and stout, and inside are four stout pillars that presently support a reinforced cement beam for a degraded wooden platform built as a viewing deck. 

Declared as a National Cultural Treasure by virtue of National Museum Declaration No. 1-2013",Luzon,1,0,0,0,0,0,0,HIGH,"Which of the following was constructed between 1573 and 1760 to serve as a stronghold during the Spanish Colonial Period, located on hills overlooking a town in the Philippines?",The site was constructed between 1573 and 1760 to serve as a stronghold during the Spanish Colonial Period.
TP00129,Cathedral of Saint Joseph of Romblon,Cathedral of Saint Joseph of Romblon,RELIGIOUS_BUILDING,Saint Joseph Cathedral; Cathedral of San Jose; Romblon Cathedral; Katedral ng San Jose ng Romblon,Region IV-B,Romblon,Romblon,"National Cultural Treasure, National Museum","The Cathedral of San Jose was built in the 18th-19th centuries by the Augustinian Recollects. This is the best preserved church complex in Romblon province, with several baroque-influenced retablos. There have been some recent alterations though.

Declared as a National Cultural Treasure by virtue of National Museum Declaration No. 2-2001.",Luzon,1,0,0,0,0,0,0,HIGH,Which of the following was constructed by the Augustinian Recollects in the 18th-19th centuries and is recognized as the best preserved church complex in its province?,The site was built by the Augustinian Recollects in the 18th-19th centuries and is the best preserved church complex in its province.
TP00130,Cathedral of the Immaculate Conception of Boac,Cathedral of the Immaculate Conception of Boac,RELIGIOUS_BUILDING,Katedral ng Boac; Simbahan ng Boac; Immaculate Conception Cathedral; Boac Cathedral; Boac Church; Palatandaang Pangkasaysayan ng Katedral ng Kalinis-linisang Paglilihi ng Boac; Palatandaan ng Simbahan ng Boac; Simbahan ng Boac Marker,Region IV-B,Boac,Marinduque,"National Historical Landmark, NHCP; Important Cultural Property, National Museum","Marker Text:

Simbahan ng Boac

Dambana ng Banal na Ina ng Biglang Awa na itinayo noong 1792. Naniniwala ang mga tao na siya ang nagligtas sa pagsalakay ng mga Moro noong ika-18 dantaon. Dito binindisyunan ang bandila ng himagsikan na dala ni Canuto Vargas noong 1899. Ang pari ng parokya, Saturnino Trinidad, ay tumulong kay Kapitan H. H. Bandholtz, U.S.A. sa pagpapasuko kay Koronel Maximo Abad at sa 300 manghihimagsik.

Year Unveiled: 1972",Luzon,0,0,0,1,0,1,0,HIGH,Which of the following was built in 1792 and is believed to have played a role in saving the community from Moro attacks in the 18th century?,The site was established in 1792 and is associated with the defense against Moro attacks.
TP00131,Cagsawa Ruins,Cagsawa Ruins,MISC,Mga Guho ng Cagsawa; Palatandaan ng Simbahan ng Cagsaua; Church of Cagsaua Marker; Church of Cagsaua,Region V,Daraga,Albay,"National Cultural Treasure, National Museum; Historical Marker, NHCP; Registered Property, Province of Albay; Registered Property, Municipality of Daraga, Albay","The Cagsawa Ruins were once part of the town of Cagsawa, which was established as a Franciscan mission in the late 16th century during the Spanish colonial period. The mission was primarily focused on spreading Christianity and serving the local community. The most significant event in the history of the Cagsawa Ruins occurred on February 1, 1814, when the nearby Mayon Volcano erupted catastrophically. The eruption unleashed a pyroclastic flow, a fast-moving mixture of volcanic gases, ash, and other debris, which engulfed the town of Cagsawa and the church. The volcanic material buried the structures under layers of ash and volcanic debris, resulting in their abandonment.

Today, the Cagsawa Ruins serve primarily as a tourist attraction. Visitors come to appreciate the historical significance of the site, explore the ruins, and enjoy the panoramic view of the nearby Mayon Volcano. The ruins have also become a symbol of the resilience and spirit of the Filipino people in the face of natural disasters.

The Cagsawa Ruins consist of the remains of the Cagsawa Church, specifically its bell tower, which is the most prominent structure still standing. The exterior of the ruins showcases the remnants of the church's stone walls and columns. The bell tower rises above the surrounding area, displaying a skeletal structure with visible arches and openings. The architectural style of the church was influenced by Spanish colonial design, featuring thick walls made of volcanic rocks, typical of structures built during that era.

Declared as a National Cultural Treasure by virtue of National Musuem Declaration No. 12-2015.

Marker Text:

Church of Cagsaua

The spiritual administration of Cagsawa from 1587 to 1595 was under the parish of Camalig an early church was burned, 25 July 1636. By the Dutch who ransacked the towns bordering Legaspi Bay. This church build after 1724 by Fray Francisco Blanco O.F.M. was buried by rocks and lava during the eruption of Mayon Volcano, 1 February 1814. The Authorities of Cagsawa meeting at Ligao, 6 July 1814 decided to incorporate their town as part of Daraga. The first sentenary of the destruction off the church was commemorated 1 February 1914 with a huge pilgrimage to the ruins where high mass was celebrated.

Year Unveiled: 1954",Luzon,1,0,0,0,0,0,0,HIGH,"Which of the following was buried under volcanic debris during the catastrophic eruption of Mayon Volcano on February 1, 1814?","The site was buried under volcanic debris during the eruption of Mayon Volcano on February 1, 1814."
TP00132,Parish Church of Nuestra Señora de la Porteria of Daraga,Parish Church of Nuestra Señora de la Porteria of Daraga,RELIGIOUS_BUILDING,"Simbahan nin Daraga; Parish Church of Our Lady of the Gate; Daraga Church; Simbahan ng Birhen ng Porteria ng Daraga; Palatandaan ng Simbahan ng Daraga; Simbahan ng Daraga Marker; Eastern and Western Facade, Belfry, and Baptistry of the Parish Church of Our Lady of the Gate; Simbahan ng Daraga",Region V,Daraga,Albay,"National Cultural Treasure, National Museum (referring to the Eastern and Western Façade, Belfry and Baptistry of the Church); Historical Marker, NHCP; Local Cultural Property - Provincial Cultural Treasure, Albay; Registered Property, Municipality of Daraga, Albay","The Daraga Church, also known as the Our Lady of the Gate Parish Church, is located in the town of Daraga in Albay Province, Philippines. It stands on a hill overlooking the town and offers panoramic views of the surrounding landscape, including the Mayon Volcano. The exterior of the Daraga Church features a blend of architectural styles, predominantly Baroque and Oriental. The façade is characterized by intricate carvings, bas-reliefs, and ornate details. The main entrance is often adorned with a grand staircase leading up to the church. The overall design showcases a harmonious combination of Spanish and Filipino influences. The octagonal bell tower, located on the left side of the church, has carved images of the twelve apostles distributed in the base's six faces. The tower has four levels, each tapered upwards and topped with a dome and cross. The interior of the church typically reflects a spacious and well-lit nave with a high ceiling. The walls is painted white. The altar, located at the front of the church, is a focal point and often embellished with decorative elements. The interior feature wooden pews for seating and stained glass windows that allow colorful light to filter in. Towards the left of the church, you can see some life-size statues of popular saints.

The Parish Church of Our Lady of the Holy Gate in Daraga, Albay is the oldest existing building in the whole province, having built in 1772. Located eminently on top of Sta. Maria Hill and a landmark overlooking the gentle slopes of Mayon Volcano, the church is the beacon of faith for the Daraguenos and other people living in adjacent communities. The church is the nucleus around which towns have been built and has influenced greatly the creation of Daraga, Albay. The church is built of volcanic rock, engraved and carved at the face in careful detail bonded together by lime and mortar emphasizing the door and windoes, openings, images, and other features. The church is a unique example of Filipino Baroque and in cruciform. The eastern and western facades, belfry, and baptistery are intact and still in their original form. The Parish has organized the Commission on Temporalites to implement the conservation of the church to avert the rapid deterioration of structures.

Declared as a National Cultural Treasure by virtue of National Museum Declaration No. 1-2007.

Marker Text:

Simbahan ng Daraga

Ipinatayo ng mga paring Pransiskano na yari sa bato, 1773. Dito lumipat ang mga mananampalataya ng Cagsawa matapos masira ang kanilang simbahan sa pagsabog ng Mayon, 1814. Inialay sa patronato ni Nuestra Señora de la Porteria, 1854. Ginamit na himpilan ng mga Hapones at nasira noong Ikalawang Digmaang Pandaigdig, 1945. Muling ipinaayos, 1971–1973. Halimbawa ng istilong Baroque ayon sa kahusayan ng mga manggagawang Filipino noong panahon ng mga Espanyol.

Date Unveiled: October 16, 2008",Luzon,1,0,0,0,0,0,0,HIGH,"Which of the following was built in 1772 and is known for its unique blend of Baroque and Oriental architectural styles, overlooking the Mayon Volcano in the Philippines?",The site was built in 1772 and features a blend of Baroque and Oriental architectural styles while overlooking the Mayon Volcano.
TP00133,Parish Church of Saint John the Baptist of Camalig,Parish Church of Saint John the Baptist of Camalig,RELIGIOUS_BUILDING,"Saint John the Baptist Church, Camalig Church; Simbahan ng San Juan Bautista ng Camalig; Palatandaan ng Simbahan ng Camalig; Simbahan ng Camalig Marker; Church of St. John the Baptist; Simbahan ng Camalig; San Juan Bautista",Region V,Camalig,Albay,"Important Cultural Property, National Museum; Historical Marker, NHCP; Registered Property, Province of Albay; Registered Property, Municipality of Camalig, Albay","The Church of St. John the Baptist was constructed in 1848 of large massive boulders and stone blocks worked on of human labor by procuring the services of hundreds of stone-cutters who worked on a daily-basis under the supervision of Spanish-engineers. The church was reconstructed from 1878 to 1983 to include changes to the interior to cope with the proposed Filipinization of the Church, in consonance with the Neo catechumenal rite of the liturgy of the Eucharist and baptism. The Church has produced, in its exemplary Franciscan mission, saintly and pious missionaries as well as scholars, who included historical personages such as Fray Francisco de la Parilla canonized as Saint by Pope Pious IX, Fray Francisco de la Trinidad as writer/infirmarian and Fray Pedro de Avila for their outstanding Franciscan homilies. The church survived the wars, weathered and braved Mayon volcano's major eruption, strong earthquake, and typhoon, sans the original roof, old tiles, communion rails and transfers of some of church elements, with its physical structure consisting of thick walls and buttresses and original windows still extant and is relatively intact.

Declared as an Important Cultural Property by virtue of National Museum Declaration No. 17-2016.

Marker Text:

Simbahan ng Camalig

Itinayo ng mga Fransiskano ang unang simbahan yari sa kahoy at nipa sa patronato ni San Juan Bautista, 1579–1580. Itinayo ng mga bilanggo ang pangalawang simbahan yari sa bato, 1605. Nasira nang pumutok ang Bulkang Mayon, 1766 at 1814. Muling ipinatayo nina Padre Francisco Latoba at Padre Manuel Brihuega, 1837. Ipinagawa ang harapan ng simbahan, kampanaryo at Escuela Catolica ni Padre Miguel Barcela, 1845. Pinamunuan ng mga Fransiskano sa mahigit na apat na dantaon, 1579–1983.

Date Unveiled: December 15, 2014",Luzon,0,0,0,1,0,0,0,HIGH,"Which of the following was constructed in 1848 using large boulders and stone blocks, and has a history of surviving major natural disasters in the Philippines?",The site was constructed in 1848 and has survived major natural disasters.
TP00134,Parish Church of Saint John the Baptist of Tabaco,Parish Church of Saint John the Baptist of Tabaco,RELIGIOUS_BUILDING,Simbahan nin Tabaco; Tabaco Church; San Juan Bautista Church; Simbahan ng San Juan Bautista ng Tabaco; Palatandaan ng Simbahan ng Tabaco; Church of Tabaco Marker; Church of Tabaco; San Juan Bautista,Region V,Tabaco City,Albay,"National Cultural Treasure, National Museum (by virtue of Museum Declaration 2-2001); National Historical Landmark, NHCP; Registered Property, Province of Albay","The church is built out of dark volcanic soil and stones found in the area. One unusual characteristic of the church is the presence of mason's marks on stones used for the construction of the church building, a rare feature in the Philippines. Its unusual floor plan contains compartments for which there is currently no explanation. It is known for its beautiful and bell tower embedded with rococo designs.

It is declared as a National Cultural Treasure by virtue of Museum Declaration No. 2-2001, ""Declaration of Colonial Churches as National Churches Treasure.""
_____
Marker Text:

Church of Tabaco

Founded by the Franciscans in 1587. Formerly a visita of Cagsawa, it was separated in 1616 and became an independent parish in 1664. This church with a beautiful and unique tower clock was built under the patronage of San Juan Bautista. In 1750 its administration was handed over to the secular priests. 

By virtue of P.D. 260, August 1, 1973 as amended by P.D. 1505, June 11, 1978, this church is declared as a National Historical Landmark.",Luzon,1,0,0,0,0,1,0,HIGH,Which of the following was founded by the Franciscans in 1587 and became an independent parish in 1664?,The site was founded by the Franciscans in 1587 and became an independent parish in 1664.
TP00135,Barit Bridge,Barit Bridge,BRIDGE,Tulay Barit,Region V,Iriga City,Camarines Sur,"Important Cultural Property, National Museum",,Luzon,0,0,0,1,0,0,0,HIGH,,
TP00136,National Arts Center of the Philippine High School for the Arts,National Arts Center of the Philippine High School for the Arts,INSTITUTIONAL_BUILDING,Sentro ng Sining Pambansa ng Mataas na Paaralan Para sa Sining ng Pilipinas; Philippine High School for the Arts; PHSA,Region IV-A; NCR,Los Baños,Laguna,"Important Cultural Property, National Museum; Work of National Artist for Architecture Leandro V. Locsin","MD No. 5-2020 (June 27, 2019)",Luzon,0,0,0,1,1,0,0,HIGH,,
TP00137,Parish Church of San Luis Gonzaga of San Luis,Parish Church of San Luis Gonzaga of San Luis,RELIGIOUS_BUILDING,The Church Complex of San Luis Gonzaga; Simbahan ng San Luis Gonzaga ng San Luis,Region III,San Luis,Pampanga,"Important Cultural Property, National Museum","MD No. 15-2020 (June 27, 2019)",Luzon,0,0,0,1,0,0,0,HIGH,,
TP00138,Santuario de las Almas,Santuario de las Almas,RELIGIOUS_BUILDING,Santuario de las Almas,Region IV-A,Tayabas City,Quezon,"National Cultural Treasure, National Museum",MD-NO.1-2018 (3 of 6),Luzon,1,0,0,0,0,0,0,HIGH,,
TP00139,The Capilla Mortuario,The Capilla Mortuario,RELIGIOUS_BUILDING,Kamposanto,Region IV-A,Tayabas City,Quezon,"National Cultural Treasure, National Museum",MD-NO.1-2018 (5 of 6),Luzon,1,0,0,0,0,0,0,HIGH,,
TP00140,The Cementerio de los Indios,The Cementerio de los Indios,RELIGIOUS_BUILDING,Sementeryo ng mga Indio; Cementerio de los Indios; Cementerio de los Indios (translated),Region IV-A,Tayabas City,Quezon,"National Cultural Treasure, National Museum",MD-NO.1-2018 (6 of 6),Luzon,1,0,0,0,0,0,0,HIGH,,
TP00141,Parish Church of Nuestra Señora de Salvacion of Tiwi,Parish Church of Nuestra Señora de Salvacion of Tiwi,RELIGIOUS_BUILDING,The Church Complex of Nuestra Señora de Salvacion; Simbahan ng Nuestra Señora de Salvacion ng Tiwi; Nuestra Señora de Salvacion; Tiwi Church,Region V,Tiwi,Albay,"Important Cultural Property, National Museum",MD NO. 1-2018 (3 of 4),Luzon,0,0,0,1,0,0,0,HIGH,,
TP00142,Spanish Colonial-Era Bridge,Spanish Colonial-Era Bridge,BRIDGE,Tulay Noong Panahon ng Kastila; Spanish Era Bridge; Spanish Colonial Bridge,Region IV-A,Sampaloc,Quezon,"Important Cultural Property, National Museum","The Spanish Colonial Bridge, a single-arched brige was built in Sitio Kakati, Barangay Bataan, Sampaloc, Quezon in 1888. It was built mainly of stone masonry adopting the arched construction to span the stream crossed by the road networks linking Sampaloc to the neighboring municipalities of Lucban, Quezon and Luisiana, Laguna. The Spanish government built these kinds of structures to ease communications and implement their missions.

The Spamish Arch or Stone Arch was built in 1888 through possibly forced labor. Sampaloc males aged 18 to 60 years old were forced to work in the construction of the arch for 40 days in a year. Those who defied the order received 25 whacks with rattan stick or slap in the face and kick as penalty from the Cabeza del Barrio.

It is believed that in 1899, three boxes full of silver coins (one thousand peso coins each) of the Republic was transported through this arch led by General Ignacio Pawa and his troops from Camarines.

The bridge is a testament to indigenous engineering and construction styles which pave the way for development, ideally without harmful consequences to the natural environment.
 
Declared as a National Cultural Treasure by virtue of National Museum Declaration No. 1-2018",Luzon,0,0,0,1,0,0,0,HIGH,"Which of the following was constructed in 1888 to facilitate communication between Sampaloc and neighboring municipalities, and involved forced labor from local males?","The structure was built in 1888 to aid communication between Sampaloc and nearby municipalities, utilizing forced labor."
TP00143,Grotto of Our Lady of Lourdes,Grotto of Our Lady of Lourdes,MISC,Groto ng Birhen ng Lourdes,CAR,Baguio City,Highly Urbanized City,"Important Cultural Property, National Museum",MD No. 1-2018 (Dec 5 2018),Luzon,0,0,0,1,0,0,0,HIGH,,
TP00144,Dampol Bridge,Dampol Bridge,BRIDGE,Dampol Bridge; Old Abanatan Bridge; Puente Dampol,Region II,Dupax del Sur,Nueva Vizcaya,"National Cultural Treasure, National Museum (by virtue of Museum Declaration No. 9-2015); Cultural Treasure of the Province of Nueva Vizcaya (Resolution No. 2019-3156); Registered Property, Province of Nueva Vizcaya","The Dampol Bridge was built in 1818 (Spanish Colonial Period) under the leadership of Fray Francisco. This bridge is the oldest in Northern Luzon and was declared as a National Cultural Treasure on December 23, 2015. Dampol Bridge is a single span bridge made of brick. The semi-circular arch has a width of 9.75 meters and an opening 4.24 meter high. The arch is supported by wide retaining walls, splayed at a distance of 1.30 meters. Above the arch, whose spandrel measures 1.65 meters tall, is the road deck measuring 4.00 meters wide at the center and 6.80 meters at the approaches, and 14.35 meters long. 

Dampol Bridge is protected at the edge by low parapet walls also made of bricks. The most interesting feature of Puente Dampol is found in the underbelly of the arch. In it, traces of plaster, imprinted with sawali matting can be seen. The unusual thing with this find is knowing how early builders constructed and plastered walls of structures, using woven bamboo mats or sawali to hold on and set wet plaster.

At present the old bridge is still useful but is limited to pedestrians and light vehicles. ",Luzon,1,0,0,0,0,0,0,HIGH,Which of the following was built in 1818 under the leadership of Fray Francisco and is recognized as the oldest bridge in Northern Luzon?,The site was built in 1818 and is the oldest bridge in Northern Luzon.
TP00145,Historic District of Vigan House of Father Jose Burgos,Historic District of Vigan: House of Father Jose Burgos,OLD_HOUSE,Birthplace of Father Burgos; Father Burgos Museum; Padre Burgos House,Region I,Vigan City,Ilocos Sur,"National Cultural Treasure, National Museum; Historical Marker, NHCP; Registered Property, City of Vigan, Ilocos Sur","House of Father Burgos:

This museum is the ancestral house and birthplace of priest patriot Fr. Jose Burgos. Known as Padre Burdos House, it is one of the notable historic structures of Vigan, the capital of the Province of Ilocos Sur. It is a two-story structure located near the Provincial Capitol and close to St, Paul's Metropolitan Cathedral. It was renovated by the Filipinas Foundation, Inc. and inaugurated on May 3, 1975. In January 1989, a contract of lease was executed by the Ilocos Sur Historical and Cultural Foundation, Inc. leasing the memorabilia for 50 years and turning over administration to the National Museum..

Declared a National Cultural Treasure by virtue of National Museum Declaration No. 8-2014, which amended the name and scope of declaration under Presidential Decree No. 756 (July 30, 1975).

---

Marker Text: Birthplace of Father Burgos

At this place, town of Vigan, capital of Ilocus Sur, Jose Apolonio Burgos, priest and martyr was born February 9, 1837. His parents were Jose Burgos, an Army Lieutenant, and Dna. Florencia Garcia. Father Burgos graduated from the University of Santo Tomas and held very hight positions in the Cathedral of Manila, Throughout his ecclesiastical career he was a stauch advocate of the uplift of the secular clergy. He was executed in Bagumbayan field February 17, 1872 together with Rev. Mariano Gomes and Rev. Father Jacinto Zamora for supposed implication in the military revolt in Cavite, January 20, 1872.",Luzon,1,0,0,0,0,0,0,HIGH,Which of the following was the birthplace of a priest and patriot who was executed in 1872 for his supposed involvement in a military revolt?,The site must be the birthplace of a priest and patriot executed in 1872 for alleged involvement in a military revolt.
TP00146,Historic District of Vigan House of Leona Florentino,Historic District of Vigan: House of Leona Florentino,OLD_HOUSE,Leona Florentino; Café Leona; House of Leona Florentino,Region I,Vigan City,Ilocos Sur,"National Cultural Treasure, National Museum; Historical Marker, NHCP; Registered Property, City of Vigan, Ilocos Sur","House of Leona Florentino:

The ancestral house is now a tourism site of the province. It houses the Provincial Tourism Office of Ilocos Sur and Cafe Leona, which is a favorite culinary destination for tourists. The cafe has novelty food items in its menu, like the pinakbet pizza, which fuses Ilocano and Italian flavors and cooking. Visitors are also advised to try the local basi wine.

Declared a National Cultural Treasure by virtue of National Museum Declaration No. 8-2014, which amended the name and scope of declaration under Presidential Decree No. 756 (July 30, 1975).
---

Marker Text: Leona Florentino

Foremost Ilocano poetess, subtle satirist, and playwright. Born in Vigan, Ilocos Sur, 19 April 1849. Daughter of Marcelino Florentino and Isabel Florentino and mother of the late Isabelo de los Reyes. Distant cousin of Rizal. A poet at the age of ten, her works in Spanish and Ilocano were later exhibited in the ""Exposicion General de Filipinas"", Madrid, 1887. and in the ""Exposition Internationale"", Paris, 1889. Her name with a list of some of her works appeared in the ""Bibliotheque Internationale des Oeuvres des Femmes"" edited by Madame Andzia Wolkska, 1889. Died 4 October 1884.",Luzon,1,0,0,0,0,0,0,HIGH,Which of the following was declared a National Cultural Treasure and now serves as a tourism site housing the Provincial Tourism Office of Ilocos Sur?,The site must be declared a National Cultural Treasure and serve as a tourism site with the Provincial Tourism Office of Ilocos Sur.
TP00147,Watchtower-Belfry of the Church of San Agustin,Watchtower-Belfry of the Church of San Agustin / Bantay Watchtower/Bell Tower,MILITARY_STRUCTURE,(Bantay) Bell Tower; Belfry; Daan nga Pagkampanaan; Bantay Watchtower,Region I,Bantay,Ilocos Sur,"National Cultural Treasure, National Museum; Registered Property, Municipality of Bantay, Ilocos Sur","Built in 1590, the Watchtower-Belfry served as a watchtower for invading enemies during World War I and II. The belltower was a monumental witness to various atrocities, uprisings and staged revolts.

Declared a National Cultural Treasure by virtue of National Museum Declaration No. 2-2015.",Luzon,1,0,0,0,0,0,0,HIGH,Which of the following served as a defensive structure against invading forces during both World War I and II and was built in 1590?,The site was built in 1590 and served as a defensive structure during World War I and II.
TP00149,Watchtower of Atimonan,Watchtower of Atimonan,MILITARY_STRUCTURE,Iskong Bantay; Watchtowers of Quezon: Watchtower of Atimonan,Region IV-A,Atimonan,Quezon,"National Cultural Treasure, National Museum",Declared a National Cultural Treasure by virtue of National Museum Declaration No. 54-2020.,Luzon,1,0,0,0,0,0,0,HIGH,,
TP00150,San Lorenzo Ruiz Steps,"Hagdan-Hagdan, also known as the San Lorenzo Ruiz Steps, and their settings relative to the Pansipit River and other intrinsic natural surroundings",MISC,"Hagdan-Hagdan, also known as the San Lorenzo Ruiz Steps, and their settings relative to the Pansipit River and other intrinsic natural surroundings; Hagdan-Hagdan",Region IV-A,Taal,Batangas,"National Cultural Treasure, National Museum; National Historical Landmark, NHCP","Declared a National Cultural Treasure by virtue of National Museum Declaration No. 32-2020 and National Historical Landmark by virtue of National Historical Commission of the Philippines Resolution No. 12, s. 2024.",Luzon,1,0,0,0,0,1,0,HIGH,,
TP00151,Bridge of Santa Maria,Bridge of Santa Maria,BRIDGE,Cabagan-Santa Maria Bridge,Region I,Santa Maria,Ilocos Sur,"National Cultural Treasure, National Museum","On the road northward to Narvacan, it is an intrinsic part of the declaration of National Cultural Treasure pertaining to the Nuestra Senora de la Asuncion Parish Church Complex. Declared a National Cultural Treasure by virtue of National Museum Declaration No. 35-2020.",Luzon,1,0,0,0,0,0,0,HIGH,,
TP00152,Cuenca House,Cuenca House,OLD_HOUSE,Cuenca Ancestral House; Bahay na Tisa,Region IV-A,Bacoor City,Cavite,"Important Cultural Property, National Museum; Registered Property, City of Bacoor, Cavite","On August 1, 1898, the ACTA (“Act Declaring Independence for the Republic of the Philippines”) written by Apolinario Mabini was ratified in Bahay na Tisa. The house is considered as “The First Malacañang of the Philippine Republic” wherein the Bacoor Assembly was held under the leadership of General Emilio Aguinaldo as participated by revolutionary leaders from Manila, Cavite, Bulacan, Pampanga, Nueva Ecija, Bataan, Laguna, Batangas, Morong, Tarlac, Mindoro, Tayabas, La Union, Infanta, and Zambales. The house is owned by Juan Cuenca and Candida Chaves, one of the prominent families of Bacoor since the Spanish regime.

The structure is inspired by colonial architecture under Spanish rule and incorporates many key design elements like stucco and terracotta roof tiles. The house underwent several renovations through the years due to age and constant development.

Declared as an Important Cultural Property by virtue of National Museum Declaration No. 43-2020.",Luzon,0,0,0,1,0,0,0,HIGH,"Which of the following was the site where the Act Declaring Independence for the Republic of the Philippines was ratified on August 1, 1898, and served as the First Malacañang of the Philippine Republic?","The site was where the Act Declaring Independence for the Republic of the Philippines was ratified on August 1, 1898, and served as the First Malacañang of the Philippine Republic."
TP00153,Ma-ao Sugar Central,Ma-ao Sugar Central,CULTURAL_LANDSCAPE,Asukarera ng Ma-ao; Ma-ao Sugar Central; Ma-ao Sugar (refinery) Central,Region VI,Bago City,Negros Occidental,"Important Cultural Property, National Museum; Registered Property, Province of Negros Occidental","Juan Araneta went on to establish the Ma-ao Sugar (refinery) Central in his hometown of Bago City. Industrialist Jorge Araneta would later expand it, and later the barangay where the Central stood was named after him. Jorge was also a close friend of commonwealth Philippine President Manuel Quezon. 
 
 The barangay where it is located was formerly known as Barangay Ma-ao Central but was later changed to Barangay Don Jorge Araneta in honor of one of the illustrious sons of Bago City who was born and grew to be a respected figure in the barangay and the entire City. He spearheaded the economic boom of sugar industry through his exemplary management of the Ma-ao Sugar Central.
 
 Source: http://www.bagocity.gov.ph/about-bago-city/barangays/don-jorge-araneta/
 https://en.wikipedia.org/wiki/Araneta_family",Visayas,0,0,0,1,0,0,0,HIGH,"Which of the following was founded by Juan Araneta in Bago City and later expanded by Jorge Araneta, after whom its barangay was renamed?","The site must have been founded by Juan Araneta in Bago City and expanded by Jorge Araneta, after whom its barangay was renamed."
TP00154,Generoso Villanueva Art Deco Ancestral House,Generoso Villanueva Art Deco Ancestral House,OLD_HOUSE,Daku Balay; Bahay Ansestral na Art Deco ni Generoso Villanueva,Region VI,Bacolod City,Highly Urbanized City,"Important Cultural Property, National Museum; Registered Property, Province of Negros Occidental","The home of Generoso M. Villanueva, a prominent sugar planter, and his wife Paz took three years to build from 1933-1936. It was the first art deco structure to be built in Bacolod City. Designed solely by the owner and built by Cebu engineer Salvador Cinco, the three-story, poured-concrete steel reinforced building with graceful curved balconies, parapets, and porthole steel-cased windows looks like the Titanic on land. It was known among the locals as the Boat House. Among family, though, it was simply called Daku Balay (the big house).
 
 One family story about Daku Balay was the family patriarch built it to fulfill a vow he had made to someday build the tallest house in the city so he could look down on the house of a business and political rival. The majestic rise of the 5,000-square-meter Daku Balay, with a five-level roof deck of over 600sm was the tallest building in the city until 1959 when the Philippine National Bank was built. It was the first building on Negros Island to have an elevator, manufactured by Inclinator, Philadelphia, USA.
 
 During World War II, Bacolod City was occupied by the Japanese forces on May 21, 1942. Lieutenant General Takeshi Kawano Kono, the Japanese commanding officer of the 77th Infantry Brigade, 102nd Division, seized the home of Don Generoso Villanueva—which served as the ""seat of power” and being the tallest building in the city served as the watchtower of the city.
 
 Source: https://en.wikipedia.org/wiki/Daku_Balay",Visayas,0,0,0,1,0,0,0,HIGH,Which of the following was the tallest building in Bacolod City until 1959 and served as a watchtower during World War II?,The site was the tallest building in Bacolod City until 1959 and served as a watchtower during World War II.
TP00155,Don Efigenio Lizares and Doña Enrica Alunan Ancestral House,Don Efigenio Lizares and Doña Enrica Alunan Ancestral House,OLD_HOUSE,Balay ni Tana Dicang; Bahay Ansestral nina Don Efigenio Lizares at Doña Enrica Alunan,Region VI,Talisay City,Negros Occidental,"Important Cultural Property, National Museum; Registered Property, Province of Negros Occidental","Balay ni Tana Dicang stands majestically in the heart of Talisay, Negros Occidental. Otherwise known as the bahay na bato it was built in ca. 1883 in a 6,000 square meter property. Owing to the diligence of the descendants of Don Efigenio Lizares and Doña Enrica Alunan, its original structure and authentic and antique furniture, ornaments and accessories, including the China porcelain and indigenous items in the kitchen are well-preserved to this day.
 
 It has 18 rooms, most of which are bedrooms, the biggest being the formal living room and dining rooms. One or two of which were permanently assigned to their regular guests like the late Presidents Manuel L. Quezon and Sergio Osmeña, who had made the Lizares home the presidential abode in that part of Negros. One can almost imagine two late Philippine presidents actually sleeping and dining in the house, and perhaps how the policies in the sugar industry, at the time, were crafted. 
 
 Source: http://www.thepinoyexplorer.com/2011/06/living-in-style-at-balay-ni-tana-dicang.html",Visayas,0,0,0,1,0,0,0,HIGH,Which of the following was built around 1883 and served as a presidential abode for two Philippine presidents in Negros Occidental?,The site was built around 1883 and served as a presidential abode for two Philippine presidents.
TP00156,Avanceña House (Camiña Balay na Bato),Avanceña House (Camiña Balay na Bato),OLD_HOUSE,Camiña Balay nga Bato; Balay Avanceña; Bahay Avanceña (Camiña Balay na Bato),Region VI,Iloilo City,Highly Urbanized City,"Important Cultural Property, National Museum; Registered Property, Iloilo City",,Visayas,0,0,0,1,0,0,0,HIGH,,
TP00157,Iloilo Provincial Jail,Iloilo Provincial Jail,CIVIC_BUILDING,National Museum Western Visayas Regional Museum; Bilangguang Panlalawigan ng Iloilo,Region VI,Iloilo City,Highly Urbanized City,"Important Cultural Property, National Museum; Registered Property, Iloilo City",,Visayas,0,0,0,1,0,0,0,HIGH,,
TP00158,Negros Occidental Museum Building,Negros Occidental Museum Building,CIVIC_BUILDING,Negros Occidental Museum Building; Negros Museum; Gusali ng Museo ng Negros Occidental,Region VI,Bacolod City,Highly Urbanized City,"Important Cultural Property, National Museum",,Visayas,0,0,0,1,0,0,0,HIGH,,
TP00159,San Joaquin Roman Catholic Cemetery Chapel,San Joaquin Roman Catholic Cemetery Chapel,RELIGIOUS_BUILDING,Camposanto sang San Joaquin; Kamposanto ng Sementeryong Katoliko ng San Joaquin; San Joaquin Cemetry; San Joaquin Cemetery,Region VI,San Joaquin,Iloilo,"National Cultural Treasure, National Museum","The San Joaquin Cemetery is located along the main highway in San Jaoquin Town. The construction of San Joaquin Cemetery was commenced by Fray Mariano Vamba, the last Augustinian parish priest of the town in 1892. A statue of Jesus with his arms outstretched stands on top of a baroque style gate, and on each side of Christ, two columns with angelic figures are poised as guards. In addition, sculpted heads of two cherubs and a skull representing death marks the entrance of the cemetery. Twenty stone steps after entering the gate and you will be greeted by the Baroque designed mortuary chapel standing on the center.",Visayas,1,0,0,0,0,0,0,HIGH,"Which of the following was constructed in 1892 by Fray Mariano Vamba, the last Augustinian parish priest of the town, and features a Baroque designed mortuary chapel?","The site was constructed in 1892 by Fray Mariano Vamba, the last Augustinian parish priest of the town."
TP00160,Chapel of Saint Joseph the Worker of Victorias,Chapel of Saint Joseph the Worker of Victorias,RELIGIOUS_BUILDING,Kapilya ni San Jose Obrero; Chapel of the Angry Christ; Kapilya ni San Jose Obrero ng Victorias; St. Joseph the Worker Chapel; Angry Christ Church,Region VI,Victorias City,Negros Occidental,"Important Cultural Property, National Museum; Registered Property, Province of Negros Occidental","The St. Joseph the Worker Chapel, commonly known as the Angry Christ Church, in Victorias, Philippines, is a Roman Catholic chapel located inside the Victorias Milling Company residential complex, in Victorias, Negros Occidental, Philippines. It considered the first example of modern sacral architecture in the Philippines. It is dedicated to St. Joseph the Worker.
The church was designed by the Czech architect Antonín Raymond, himself already recognized as the founder of modern architecture in Japan. The church was declared Important Cultural Property of the Philippines in December 2015. 
The church is also known for its modern altar painting of so-called ""Angry Christ"" painted in vivid colors by Alfonso Ossorio, Filipino-American abstract expressionist artist.
Source: https://en.wikipedia.org/wiki/St._Joseph_the_Worker_Chapel,_Victorias",Visayas,0,0,0,1,0,0,0,HIGH,Which of the following was designed by Czech architect Antonín Raymond and is recognized as the first example of modern sacral architecture in the Philippines?,The site was designed by Antonín Raymond and is the first example of modern sacral architecture in the Philippines.
TP00161,"Old Provincial Capitol of Iloilo, known as Casa Real, with the Arroyo Fountain","Old Provincial Capitol of Iloilo, known as Casa Real, with the Arroyo Fountain",CIVIC_BUILDING,Anay Kapitolyo sang Iloilo; Casa Real; Casa Gubernador; Lumang Gusaling Kapitolyo ng Iloilo; Old Capitol Building of Iloilo; Old Provincial Capitol of Iloilo,Region VI,Iloilo City,Highly Urbanized City,"Marked Structure, NHCP; Important Cultural Property, National Museum","Marker Text:

Old Capitol Building of Iloilo

Dating Casa Real na yari sa kahoy at bato noong panahon ng mga Espanyol. Naging kapitolyo nang itinatag ang Pamahalaang Sibil ng lalawigan ng Iloilo, 11 Abril 1901. Martin T. Delgado, Rebolusyonaryo, Unang Gobernador, 1901–1904. Ginamit ng mga pwersang Hapones noong Ikalawang Digmaang Pandaigdig, 1942–1945. Isinaayos ang ilang bahagi ng gusali, mga taong 1960’s. Muling ipinaayos matapos masunog ang gusali, 4 Nobyembre 1998. Naging sentro sa pagtataguyod ng lalawigan ng Iloilo, 1901–2001.

Year Unveiled: 2010

_____

Declared as an Important Cultural Property by the National Museum of the Philippines through Museum Declaration No. 45-2020.",Visayas,0,0,0,1,0,0,0,HIGH,"Which of the following served as the provincial capital when the Civil Government of the province was established on April 11, 1901?","The site served as the provincial capital when the Civil Government of the province was established on April 11, 1901."
TP00162,Old Jaro Municipal Hall,Old Jaro Municipal Hall,CIVIC_BUILDING,National Museum Satellite Regional Office; Lumang Munisipyo ng Jaro,Region VI,Iloilo City,Highly Urbanized City,"Important Cultural Property, National Museum; Registered Property, Iloilo City","It is a declared Important Cultural Property by virtue of MD-21-2016 (December 16, 2016).",Visayas,0,0,0,1,0,0,0,HIGH,,
TP00163,Don Mariano Lacson Mansion,Don Mariano Lacson Mansion,HISTORIC_BUILDING,The Ruins; Mansyon ni Don Mariano Lacson; Don Mariano Lacson Mansion,Region VI,Talisay City,Negros Occidental,"Important Cultural Property, National Museum; Registered Property, Province of Negros Occidental","Construction of the Don Mariano Lacson Mansion went in earnest. Mariano entrusted the design and building specifications to a local engineer, Luis Puentevella, and asked one of his sons to supervise the construction and make certain that the A-grade mixture of concrete was precisely poured. It was finished to perfection, upon which the Don told his children the mansion was theirs to live in for as long as they are unmarried. The family cherished in the new mansion the loving memory of Maria. And life went on beautifully for them all from then on…
 
 The two-story mansion was of Italianate architecture as evidenced by its neo-Romanesque columns all around. Since the engineer was a Filipino, it is believed the design came from that of Maria’s ancestral mansion which was given by her father to Mariano as sample. The imprimatur of Maria’s father, a ship captain, is now clear from the shell-inspired décor all around the top edges of the mansion – the same ones that identified the homes of ship captains in New England at the time.
 
 Source: http://theruins.com.ph/our-story/",Visayas,0,0,0,1,0,0,0,HIGH,Which of the following was constructed under the supervision of a son of its owner and features Italianate architecture with neo-Romanesque columns?,The site was constructed under the supervision of a son of its owner and features Italianate architecture with neo-Romanesque columns.
TP00164,Lizares-Gamboa Mansion (Angelicum School),Lizares-Gamboa Mansion (Angelicum School),OLD_HOUSE,Balay Lizares-Gamboa; Mansyong Lizares-Gamboa; Angelicum School,Region VI,Iloilo City,Highly Urbanized City,"Important Cultural Property, National Museum",,Visayas,0,0,0,1,0,0,0,HIGH,,
TP00165,Muscovado Sugar Mills,Muscovado Sugar Mills,HISTORIC_BUILDING,Mga Azukarera sang Maskobado; Hacienda Canman-Og Muscovado Mill; Smokestack; Simborio; Muscovado Mills; Mga Asukarera ng Muscovado,Region VI,La Carlota City,Negros Occidental,"Important Cultural Property, National Museum; Marked Structure, NHCP; Registered Property, Province of Negros Occidental","Built in the late 1800’s, this is formerly owned by the Gurrea family and later on it was purchased by the Locsin Family. A&W Smith and Company from Glasgow 1885 were the source of the extractor of sugar cane and brick markers from Banuyao Factory. It also used to be the Ca-ua chamber, where the muscovado sugar was process.  

Source: Mr. Raymond Bayot Alunan",Visayas,0,0,0,1,0,0,0,HIGH,Which of the following was built in the late 1800s and was formerly owned by the Gurrea family before being purchased by the Locsin family?,The site was built in the late 1800s and was formerly owned by the Gurrea family before being purchased by the Locsin family.
TP00166,Parish Church of Santa Barbara and Convent,Parish Church of Santa Barbara and Convent,RELIGIOUS_BUILDING,Simbahan kag Kumbento sang Santa Barbara; Santa Barbara Church; Simbahan at Kumbento ng Santa Barbara; Church and Convent of Santa Barbara,Region VI,Santa Barbara,Iloilo,"National Cultural Treasure, National Museum; National Historical Landmark, NHCP","The Church, of Baroque-Renaissance style, is together with the convento or rectory and other elements of the complex one of the best preserved examples of Spanish colonial church architecture in the province, and is emblematic of the unique, outstanding, and intact quality and historical, cultural and artistic significance of the Augustinian churches of the Western Visayas dating from that period.

The historic Church and Convent of Santa Barbara were constructed in 1849 under Fr. Francis Aguerria, OSA; continued by Fr. Mateo Rodriguez from 1855 to 1873; and, finally finished in 1878 by Fr. Calixto Fernandez. The church shows distinct Baroque-Renaissance architecture of Spanish colonial vintage making it one of the unique concrete examples of the style in Panay. The Church and Convent of Santa Barbara are historically located in the town of Santa Barbara where the ""first cry of the Revolution of 1896"" was first heard in Panay.

Declared as a National Cultural Treasure by virtue of National Museum Declaration No. 10-2013, and a National Historical Landmark by virtue of National Historical Institute Resolution No. 1, s. 1990

Marker Text:

Simbahan at Kumbento ng Santa Barbara

Ipinatayo sa pangangasiwa ni Padre Francisco Aguerria, OSA, sa patronato ni Santa Barbara Virgen y Martir 1849; ipinagpatuloy ni Padre Mateo Rodriguez, 1855–1873; natapos sa pamumuno ni Padre Calixto Fernandez, 1878. Ginamit bilang himpilan ng “Ejercito Libertador” na pinamunuan ni Hen. Martin Teofilo Delgado nang itinatag ang Pamahalaang Rebolusyonaryo sa Visayas, 17 Nobyembre 1898. Ipinahayag na Pambansang Palatandaang Pangkasaysayan sa bisa ng NHI Resolusyon Blg. 1, 6 Hulyo 1990.

Year Unveiled: 2012",Visayas,1,0,0,0,0,1,0,HIGH,Which of the following was constructed in 1849 under the supervision of Fr. Francis Aguerria and is located in the town where the first cry of the Revolution of 1896 was heard in Panay?,The site was constructed in 1849 under the supervision of Fr. Francis Aguerria and is located in the town where the first cry of the Revolution of 1896 was heard in Panay.
TP00167,"Parish Church of San Joaquin, Iloilo","Parish Church of San Joaquin, Iloilo",RELIGIOUS_BUILDING,"Simbahan sang San Joaquin; Simbahan ng San Joaquin, Iloilo; Palatandaan ng Makasaysayang Simbahan ng San Joaquin; Makasaysayang Simbahan ng San Joaquin Marker; Makasaysayang Simbahan ng San Joaquin",Region VI,San Joaquin,Iloilo,"National Cultural Treasure, National Museum; National Historical Landmark, NHCP","Marker Text:

Makasaysayang Simbahan ng San Joaquin

Sa bisa ng pagpapatibay ng Pambansang Suriang Pangkasaysayan noong Setyembre 22, 1977 na binigyan ng karapatan ng Kautusan ng Pangulo ng Pilipinas bilang 260, Agosto 1, 1973 na sinusugan ng Kautusan ng Pangulo bilang 375, Enero 14, 1974, ang simbahang ito ay ipinahayag na Pambansang Palatandaang Makasaysayan.

Year Unveiled: 1980
_____
The main church in town, a Roman Catholic parish was constructed in 1859 and completed in 1869 by Spanish friar Tomas Santaren, of the Augustinian Order. The church is unique among those in the Philippines for its large pediment featuring a military scene, the Spanish victory over the Moors in the Battle of Tetuan. The National Historical Institute listed the church as a National Cultural Treasure.",Visayas,1,0,0,0,0,1,0,HIGH,"Which of the following was declared a National Historical Landmark in the Philippines on September 22, 1977, and features a large pediment depicting a military scene from the Battle of Tetuan?","The site was declared a National Historical Landmark in the Philippines on September 22, 1977, and features a large pediment depicting a military scene from the Battle of Tetuan."
TP00168,Parish Church of Santa Monica of Pan-ay,Parish Church of Santa Monica of Pan-ay,RELIGIOUS_BUILDING,Simbahan sang Santa Monica sa Pan-ay; Pan-ay Church; Simbahan ng Santa Monica ng Pan-ay; Palatandaan ng Simbahan ng Pan-ay; Church of Pan-ay Marker; Church of Santa Monica; Church of Pan-ay; Santa Monica; Pan-ay,Region VI,Panay,Capiz,"National Cultural Treasure, National Museum; National Historical Landmark, NHCP","RESOLUTION NO. 3, S. 1997

DECLARING THE CHURCH OF SANTA MONICA IN PAN-AY, CAPIZ A NATIONAL HISTORICAL LANDMARK

WHEREAS, the Constitution of the Philippines provides that “The State shall promote and popularize the nation's historical and cultural heritage and resources"";
WHEREAS, Presidential Decree No. 260, dated August 1, 1973, specifically vested the National Historical Institute, a cultural agency attached to the Department of Education Culture and Sports, and an institution affiliated to the National Commission for Culture and the Arts, with the authority and duty to conserve and protect the historical and cultural heritage of the country;
WHEREAS, Pan-ay, originally called Bamban, was established as a town with Santa Monica as its patron saint in 1572 by the Augustinians, and became the capital of the province of Capiz for two centuries; 
WHEREAS, the first church of Pan-ay, which was made of light materials, was constructed in 1774 by Fr. Miguel Murgia, but was heavily damaged by typhoon in 1875;
WHEREAS, the present church, measuring 70 meters long, 25 meters wide and 18 meters high, was built under the direction of Fr. Jose Beloso in 1884;
WHEREAS, Fr. Jose Beloso commissioned Don Juan Reina to cast a bell from seventy sacks of coins donated by the townspeople for the church's five-story bell tower in 1878;
WHEREAS, this bell, the biggest in the country, measures seven feet in diameter, five feet in height and weighs 10,400 kilograms;
WHEREAS, the coral stone church is a fine example of Philippine colonial Baroque architecture with Neo-Classic influences;
NOW, THEREFORE, the National Historical Institute, by virtue of the power vested in it by Presidential Decree No. 260, dated August 1. 1973, as amended by Presidential Decree No. 1505, dated June 11, 1978, hereby declares the Church of Santa Monica in Pan-ay, Capiz as a National Historical Landmark.

Approved: October 15, 1997
_____
Marker Text:

Church of Pan-ay

Pan-ay, originally called Bamban, was established in 1572. The first church, constructed in 1774 by Fr. Miguel Murguia, was heavily damaged by typhoon in 1875. The present church was constructed in 1884 under the direction of Fr. Jose Beloso who commissioned Don Juan Reina to cast a bell for the church from seventy sacks of coins donated by the townspeople. This bell, the biggest in the Philippines, measures seven feet in diameter, five feet in height, and weighs 10,400 kilograms.
By virtue of NHI Board Resolution No. 3, S. 1997, this church is declared a National Historical Landmark.

Date Unveiled: December 6, 1997",Visayas,1,0,0,0,0,1,0,HIGH,Which of the following was declared a National Historical Landmark in 1997 and features a bell that is the largest in the Philippines?,The site must be declared a National Historical Landmark in 1997 and have the largest bell in the Philippines.
TP00169,Santo Tomas de Villanueva Church Complex,Santo Tomas de Villanueva Church Complex,RELIGIOUS_BUILDING,Simbahan nga Barok sa Pilipinas - Simbahan sang Miag-ao; Baroque Churches of the Philippines; Miagao Church; Miag-ao Church; Simbahan ng Santo Tomas de Villanueva ng Miagao; Palatandaan ng Simbahan ng Miagao; Parish Church of Santo Tomas de Villanueva of Miagao; Miagao Church Marker; Simbahan ng Miag-ao,Region VI,Miagao,Iloilo,"UNESCO World Heritage Site; National Cultural Treasure, National Museum; National Historical Landmark, NHCP; Local Cultural Property, Municipality of Miagao (per Municipal Resolution No. 2012-051; Executive Order 2012-28); Registered Property, Municipality of Miagao","The Church of Santo Tomas de Villanueva in Miag-ao, Iloilo was inscribed as a World Heritage Site, belonging to the ""Baroque Churches of the Philippines"" in 1993 by the United Nations Educational Scientific and Cultural Organization (UNESCO). It is declared as a National Cultural Treasure by virtue of National Museum Declaration No. 5-2014, including within its scope the following:
1. The core zone of the UNESCO World Heritage Site pertaining to the Church and associated church complex;
2. The liturgical objects and all moveable artifacts and other items associated with the heritage significance of the church;
3. The cemetery or camposanto, to the southeast of the church in Barangay Baybay Norte;
4. The watchtower or kota to the southeast of the church in Barangay Baybay Norte; and
5. The old bridge, known as the Taytay Boni, to the east of the church on the Miag-ao-Guimbal Road.

Marker Texts:

Miagao Church

Construction of this church began in 1787 while Fray Francisco M. Gonzales, O.S.A. was Parish Priest of this town and Domingo Libo-on was Gobernadorcillo. The Church was completed in 1797. It served as fortress against Muslim raiders. In 1898, during the Revolution, the Church was destroyed. Subsequently rebuilt, it was damaged by file in 1910. It was badly damaged by earthquake in 1948. Restoration work began in 1960 and completed in 1962, during the term of office of Most Rev. Dr. Jose Ma. Cuenco, D.D. Metropolitan Archbishop of Jaro, of Msgr. Fernando S. Javillo, O.P., Parish Priest of this town and Dioscoro Mueda, Municipal Mayor.

Date Unveiled: February 16, 1963

___

Simbahan ng Miag-ao

Sa bisa ng Kautusan ng Pangulo Bilang 260, Agosto 1,1973 na sinusugan ng Kautusan Bilang 375, Enero 14, 1974, ito ay ipinahayag na Pambansang Palatandaang Makasaysayan.

Date Unveiled: April 14, 1977",Visayas,1,1,0,0,0,1,0,HIGH,Which of the following was completed in 1797 and served as a fortress against Muslim raiders in the Philippines?,The site was completed in 1797 and served as a fortress against Muslim raiders.
TP00170,Chocolate Hills Natural Monument,Chocolate Hills Natural Monument (2006),CULTURAL_LANDSCAPE,Chocolate Hills; Bantayog Pangkalikasan ng Chocolate Hills,Region VII,Carmen; Batuan; Sagbayan,Bohol,Tentative List of UNESCO World Heritage Sites,"Chocolate Hills and its immediate environs are relatively flat to rolling topography with elevation ranges from 100 m to 500 m above sea level. It has been declared the country's 3rd National Geological Monument on June 18, 1988 in recognition of its scientific value and geomorphic uniqueness.
Similar to the formations found in Java, the conical and almost symmetrical and same-sized hills known as the ""Chocolate Hills"", are more aesthetically extensive. These were the uplift of coral deposits and the result of the action of rainwater and erosion. The hills are located throughout the towns of Carmen, Batuan and Sagbayan and consist of about 1,776 mounds of the same general shape. During the dry season when precipitation in inadequate, the grass-covered hills turn chocolate brown, hence the name in reference to a branded confection. (Source: http://whc.unesco.org/)",Visayas,0,0,1,0,0,0,0,HIGH,"Which of the following was declared the country's 3rd National Geological Monument on June 18, 1988, in recognition of its scientific value and geomorphic uniqueness?","The site must have been declared the country's 3rd National Geological Monument on June 18, 1988."
TP00171,Carcel de Cebu,Carcel de Cebu (Karsel sa Sugbo),CIVIC_BUILDING,Karsel sa Sugbo; Museo sa Sugbo; Cebu Provincial Detention and Rehabilitation Center; Karsel sa Sebu; Kompleks ng Lumang Bilangguang Panlalawigan ng Cebu; Complex of the Old Provincial Jail of Cebu; Carcel de Cebu; Museo sa Lalawigan sa Sugbo,Region VII,Cebu City,Highly Urbanized City,"Important Cultural Property, National Museum; Marked Structure, NHCP","Declared as an Important Cultural Property by virtue of National Museum Declaration No. 10-2020

Marker Texts:

Carcel de Cebu

Ipinatayo ang mga gusali yari sa korales ayon sa disenyo ni Domingo Escondrillas bilang Bilangguan ng Distrito ng Visayas, 1870. Naging Cebu Provincial Jail noong panahon ng mga Amerikano at dinagdagan ang ilang gusali ng ikalawang palapag. Ginamit ang mga gusali sa harap bilang Cebu City Jail, 1946–1976. Naging Cebu Provincial Detention and Rehabilitation Center mula 1976 hanggang paglipat nito sa mas malawak na bilangguan sa Barangay Kalunasan, Cebu City, 2004. Pinasinayaan bilang Museo Sugbo, ang Museo ng Lalawigan ng Cebu, 2008.

Marker Text (Cebuano):

Karsel sa Sugbo

Gitukod ang mga edipisyong binuhat sa mga batong gasang subay sa mugna ni Domingo de Esconrillas isip Bilangguan sa Distrito sa Kabisayaan, 1870. Nahimong Cebu Provincial Jail sa panahon sa mga Amerikano ug gipun-an ang ubang edipisyo og ikaduhang andana. Gigamit pod ang atubangang bahin isip Cebu City Jail, 1946–1976. Nahimong Cebu Provincial Detention and Rehabilitation Center gikan sa tuig 1976 hangtod sa pagbalhin niini ngadto sa mas hamugaway nga bilangguan sa Barangay Kalunasan, Cebu City, 2004. Gisubhan isip Museo Sugbo, Ang Museo sa Lalawigan sa Sugbo, 2008.

Date Unveiled: August 13, 2009",Visayas,0,0,0,1,0,0,0,HIGH,Which of the following was declared an Important Cultural Property by the National Museum in 2020 and served as a provincial jail during the American period?,The site was declared an Important Cultural Property by the National Museum in 2020 and served as a provincial jail during the American period.
TP00172,Parish Church of San Nicolas de Tolentino of Dimiao Complex and Ermita Ruins,Parish Church of San Nicolas de Tolentino of Dimiao Complex and Ermita Ruins,RELIGIOUS_BUILDING,Simbahan sa San Nicolas Tolentino ug Ermita Ruins; Dimiao Church; Kompleks ng Simbahan ng San Nicolas de Tolentino ng Dimiao at Mga Guho ng Ermita,Region VII,Dimiao,Bohol,"National Cultural Treasure, National Museum","The San Nicolas de Tolentino Church Complex and Ermita Ruins in Bohol, popularly known as Dimiao Church, was declared a National Cultural Treasure by the National Museum on Friday, July 30, 2011. Built in the latter half of the 19th century, the Church houses several neo-classical retablos and a 19th century pipe organ. Surrounding the church is an “Ermita” or hermitage where an ancient walled cemetery is found. Excavations undertaken by the National Museum in the 1990’s discovered a burial site with skeletons buried facing east, and human teeth remains showing a tooth-filing tradition. The Church is considered to have outstanding historical, aesthetic, social and architectural significance. 

Source: National Museum of the Philippines",Visayas,1,0,0,0,0,0,0,HIGH,"Which of the following was declared a National Cultural Treasure by the National Museum on July 30, 2011, and features a hermitage with an ancient walled cemetery?","The site was declared a National Cultural Treasure by the National Museum on July 30, 2011, and has a hermitage with an ancient walled cemetery."
TP00173,Parish Church of Santo Niño of Valencia Complex and Convent,Parish Church of Santo Niño of Valencia Complex and Convent,RELIGIOUS_BUILDING,Simbahan sang Santo Nino sa Valencia Bohol; Valencia Church; Simbahan ng Valencia; Kompleks ng Simbahan ng Santo Niño ng Valencia at Kumbento,Region VII,Valencia,Bohol,"Important Cultural Property, National Museum",,Visayas,0,0,0,1,0,0,0,HIGH,,
TP00174,Old Presidencia Building of Dumaguete,Old Presidencia Building of Dumaguete,CIVIC_BUILDING,Dumaguete City Hall; The Presidencia; Lumang Bahay Pamahalaan ng Dumaguete; Dumaguete Presidencia; Old Presidencia; municipal edifice,Region VII,Dumaguete City,Negros Oriental,"Important Cultural Property, National Museum; Registered Property, Dumaguete City, Negros Oriental","The Old Presidencia is a two-storey building, built at the onset of the American Occupation in 1937 by one thf Philippines' leading architect, Juan M. Arellano. It was restored, added on with extensions to continuously service the municipal office and accommodate even officers of its board members during the Commonwealth Period. Bearing the original Filipino-American colonial building, this municipal edifice has retained much of the influence and characters of the Spanish and American colonizers of a two-storey building of stone walls, and wooden second storey and capiz shell windows, typical of the old government structures and city escapes that showcases Eastern Visayan culture in buildings and structures of the period.

Completed in 1937, this Spanish-American-Filipino Municipal hall followed the style of architecture that was first developed in the 1910 and early 1920s by William Parsons, the first supervising architect of the Bureau of Public Works and continued by his American successors. The structure is typified with ornamental tower and lantern with roods of Spanish tiles from Spanish colonial revival architecture styles in California and neighboring states of the United States, and the direct use and adaption of Spanish-Filipino colonial architectural styles common to the Bahay na Bato, as manifested in the overhanging second floor of voladas of wood in their wooden bracks, as well as with sliding wooden windows paneled with capiz shells. With the ground floor windows of different sized, their ornate iron-grills, and the second floor terrace protrudring from over tower, the over-all effect, upraised on an expansive ground floor terrace as if on a low pedestal, is an enchanting architectural harmony that is almost completely unique.

The Old Presidencia Building is considered as among the best of the American colonial type of edifices and central political seat for the east Visayan people providing inspiration for many generations throughout the archipelago.

Declared as an Important Cultural Property by virtue of National Museum of the Philippines Declaration No. 29-2017.",Visayas,0,0,0,1,0,0,0,HIGH,Which of the following was completed in 1937 and is recognized as an Important Cultural Property in the Philippines?,The site was completed in 1937 and is declared as an Important Cultural Property.
TP00175,Bohol Watchtowers Punta Santa Cruz Watchtower,Bohol Watchtowers: Punta Santa Cruz Watchtower,MILITARY_STRUCTURE,Bohol Watchtowers; Mga Bantayan ng Bohol: Punta Santa Cruz Watchtower; Punta Santa Cruz Watchtower,Region VII,Maribojoc,Bohol,"National Cultural Treasure, National Museum","The Punta Santa Cruz Watchtower in Maribojoc, a triangular-shaped tower which was built as a lookout against marauding pirates in 1796, offers an excellent view of the Bohol Channel and the island of Cebu. The Punta Santa Cruz Watchtower is one of the first stone structures built in Bohol; it looks like an abridged pyramid and with inscriptions over the entrance, Castillo de Nuestro Senor San Vicente y Nuestro Senor Santa Cruz, and Spanish Coat of Arms, on the walls highlighted with reddish earth tint. The triangular plan of Punta Santa Cruz Watchtower topped by hexagonal tower all made of cut coral stones makes it a unique example of Spanish military architecture and serves as a testament to the ingenuity of its builders.

These stone structures played a significant role in the history of Bohol as part of colonial military defense system against Moro raiders during the Spanish Period; these watchtowers endured and survived the wars fought in Bohol during the Philippine-American War and the Second World War.

Declared as a National Cultural Treasure by virtue of National Museum Declaration No. 11-2011",Visayas,1,0,0,0,0,0,0,HIGH,"Which of the following was built in 1796 as a lookout against marauding pirates and is located in Maribojoc, Bohol?","The site was built in 1796 as a lookout against marauding pirates and is located in Maribojoc, Bohol."
TP00176,Parish Church of the Santa Cruz of Maribojoc,Parish Church of the Santa Cruz of Maribojoc,RELIGIOUS_BUILDING,Simbahan sa Santa Cruz sa Maribojoc; Simbahan sa Balaan nga Krus sa Maribojoc; Maribojoc Church; Simbahan ng Maribojoc; Simbahan ng Banal na Krus ng Maribojoc; Palatandaan ng Simbahan ng Maribojoc; Parish Church of the Holy Cross; Simbahan ng Maribojoc Marker; Parroquia de la Santa Cruz; Parish Church of the Holy Cross in Maribojoc,Region VII,Maribojoc,Bohol,"National Cultural Treasure, National Museum; Marked Structure, NHCP","Parroquia de la Santa Cruz traces its beginnings through the efforts of Jesuit missionaries, especially the Austrian Jesuit missionary, Jose Sanchez (1616-1692); its clergy, 1898 to the present; the evangelization of Maribojoc thus represents the work of different religious orders and the secular clergy, and of different nations. The location in front of a deep gully provides it a natural fortification is a defensive device not usually seen in Philippine Architecture. The construction of churches on this site spans more than two centuries, with the present church built from 1852 to 1872 replacing an earlier one built about 1798-1816.

The exterior walls exhibit traces of a reddish tint over decorative features such as window frames and bas-reliefs of images, a rare glimpse of Spanish colonial period coloring techniques. The tall arched windows of the church piercing the thick coral-stone walls give ample interior light, demonstrating an innovative adaption to the tropical environment. The components of the church are aesthetically significant for their craftsmanship, mode, technical excellence, exquisiteness, expression of skill and quality for design and execution.

The composition of said retablos is a mixture of Neogothic, Mudejar, and other styles, incorporating local motifs such as a woman in baro't saya. The ceiling, commissioned in the 1920s by Most Reverend Juan Gorordo, the first Filipino bishop of Cebu, was painted by Ray Francia, one of the most important painters of Cebu in the 1920s-1930s. The huge clock acquired from the Altonaga company in Manila installed on the church belfry on 15 October 1893, is one of the rare extant examples of that clock company.

In this church lie the remains of three (3) Augustinian Recollect friars, namely Frs. Bartolome de Sta. Ana, Mauro de San Agustin, and Manuel Plaza, who supervised the church construction. Under the authority of the Bishop of Tagbilaran, the Parish established a museum in November 1995 to house its extensive and highly significant collection of historic religious art and memorabilia. The complex of the Parish Church of the Holy Cross in Maribojoc, Bohol, with its church, retablos and other interior furnishings, bell-tower, convent, museum, exterior stairway at the back, and side plazas, has one of the highest levels of authenticity in Bohol, and indeed in the country. 

This priceless church heritage is historically significant for its association with religious and political events, and objects of daily life used by the ordinary people which are the foundation of the Filipino culture. Its buildings, spaces, and layout represent one of the highest points in 19th century church site development in the country.

Declared as a National Cultural Treasure by virtue of National Museum Declaration No. 2-2010

Marker Text:

Simbahan ng Maribojoc

Itinatag ng mga Paring Heswita bilang misyon at parokya sa patronato ng Santa Cruz, 1767. Pinangasiwaan ng mga Paring Recoletos, 21 Oktubre  1768. Sinimulang ipatayo ni Padre Manuel Plaza, O.A.R. Ang kasalukuyang simbahan na yari sa korales at bato, 1852. Natapos sa pamumuno ni Padre Fernando Rubio, O.A.R. 1872. Natapos ang kumbento at kampanaryo na may orasan sa ilalim ni Padre Lucas Martinez, O.A.R. 1877-1898. Nagsilbing kanlungan ng mga mananampalatayang taga-loon noong Digmaanag Pilipino-Amerikano, 1901. Ipininta ni Ray Francia ang mga dibuho sa kisame ng simbahan, Dekada 1930. Natapos ang pagsasaayos sa mga retablo na pinangunahan ni Padre Quiterio Sarigumba at ng Comite de Obras, 7 Enero 1934. Nailigtas nang sunugin ang bayan ng Maribojoc noong Ikalawang Digmaang Pandaigdig. Itinanghal bilang Dambana ni San Vicente Ferrer ng Diyosesis ng Tagbilaran, 2005. Ipinahayag bilang Pambansang Yamang Pangkalinangan, 2010. Nagiba ng lindol, 15 Oktubre 2013. Isinaayos ng Pambansang Museo ng Pilipinas, 2021.

Marker Date: December 12, 2021",Visayas,1,0,0,0,0,0,0,HIGH,"Which of the following was established in 1767 by Jesuit missionaries and has undergone significant construction and restoration efforts, including a church completed in 1872?",The site was established in 1767 by Jesuit missionaries and has a church completed in 1872.
TP00177,Shrine-Parish of the Assumption of the Blessed Virgin Mary Complex,Shrine-Parish of the Assumption of the Blessed Virgin Mary Complex,RELIGIOUS_BUILDING,Kompleks sa Simbahan sa Birhen sa Asuncion ug mga gamit liturgical sa sulod kini; Simbahan ng Dauis; Simbahan ng Birhen ng Asunsyon ng Dauis; Palatandaan ng Kompleks ng Simbahan ng Dimiao; Parish Church of Our Lady of the Assumption of Dauis; Dauis Church Complex Marker; Dauis Church; Dauis Church Complex,Region VII,Dauis,Bohol,"National Cultural Treasure, National Museum; National Historical Landmark, NHCP","Historically, the Augustinian Recollect missionary Fray Julio Saldaña de Santo Domingo, parish priest of Dauis from 1861 to 1878, commenced building the fifth and present church in the Gothic style. This ecclesiastical edifice was consecrated in liturgical rites by Bishop Juan Gorordo of Cebu on 23 August 1923.

Architecturally, the present Dauis Church is one of the more sophisticated and complex structures of its kind in Bohol. Constructed in the gothic style, Saldaña's masterpiece is the subject of a harmonious interlocking of different artistic types and historical periods. The tower and the lower half of the church fabric are the remnants of the gothic plan, while its painted ceiling exhibits the illusion of a renaissance artesonado or coffered ceiling. Also, the folky baroque transept retablos which feature 18th- century twisted columns have niches above which are planned according to neoclassic lines. The Grecian temple-façade that was added by Fr. Natalio del Mar in the 1920's and completed by Boholano secular priest Fr. Quiterio Sarigumba in 1926 exhibits an ornamental neoclassic design.

Aesthetically, the church possesses a unique style of ceiling painting and follows a distinct iconographic programme. While other Bohol churches prefer religious scenes as subjects on ceiling paintings, Dauis Church opted for the coffered ceiling, and the paintings only become representational in the areas covered in the transept, cupola, and sanctuary where scenes in the life of the Blessed Virgin Mary and Jesus are featured.

Militarily, the entire cultural property has a squat hexagonal tower built as a lookout against moro piratical raiders from Mindanao, built sometimes in 1774 during the term of the Augustinian Recollect missionary Fray Santiago del Corazon del Jesus. The plaza fronting the apse of the church is bordered by a low wall surmised to be part of the fortification erected by the Jesuits. Fronting the sea at the back of the casa parroquial is a bulwark-like structure that adds to the fortification of the site.

Archaeologically, the church complex has a great potential for archaeological/scientific research significance because of the presence of ruins that might shed light on the early historic period of Bohol province.

Religiously and socially, the church has been the venue of local and foreign pilgrims seeking divine favours from God through the intercession of the Blessed Virgin Mary. By oral tradition, a well sprang out at the foot of the sanctuary while the populace was inside the safety of the church during one of the intermittent pirate raids. While the fresh water from the well is said to be miraculous, personal testimonies abound as to its efficacy. This brought in pilgrims to Dauis Church that on 15 August 2004. Most Rev. Leopoldo S. Tumulak, then Bishop of Tagbilaran, declared it a diocesan shrine, fittingly on the day commemorating the Solemnity of the Bodily Assumption of the Blessed Virgin Mary, and on the year marking the 150th anniversary of the proclamation of the dogma of the Immaculate Conception of the Blessed Virgin Mary.

The parish church complex and diocesan shrine dedicated to the Assumption of the Blessed Virgin Mary has all the elements of an ideal church plan: bell tower, a patio or plaza, a casa parroquial. fortifications, bulwarks, morada, and a watchtower - all these are perfectly set on a strip of land on the shore of Panglao Island opposite Tagbilaran, on virtually a seascape overlooking the mainland to its northeast, the verdant Mayacabaç Hill to its southwest, and ancient trees and archaeological site to its east section, providing a resonant rhythm of built structures and open spaces.

Declared as a National Cultural Treasure by virtue of National Museum Declaration No. 12-2011 and a National Historical Landmark by virtue of National Historical Institute Resolution No. 3, s. 2009

Marker Texts:

Dauis Church Complex

Binubuo ng simbahan, kumbento, bantayan at kampanaryo na pawang yari sa korales. Itinatag ng mga paring Heswita bilang visita ng Baclayon ay naging parokya sa patronato ng Nuestra Señora de Asuncion, 1697. Ipinatayo ni Padre Joseph Nepomuceno, S.J. ang kumbento na naging opisyal na tirahan ng mga Heswita mula sa Loboc, 1753-1768. Isinailalim sa mga paring Recoletos, 1768. Ipinatayo ni Padre Santiago del Corazon de Jesus, O.A.R., and kampanaryo, 1774. Pinatibay ang bakuran bilang depensa sa pagsalakay ng mga piratang Moro, 1885. Inumpisahang ipatayo ni Padre Julio Saldaña, O.A.R. ang kasalukuyang simbahan, 1863-1879. Tinapos ni Padre Natalio del Mar na may pintadong obra ni Ray Francia at Canuto Avila, 1919-1923. Pinasinayaan ni Monsignor Juan Gorordo ng Cebu, 23 Agosto 1923. Naging kanlungan ng mga madre ng Holy Spirit ng Tagbilaran ang kumbento noong Ikalawang Digmaang Pandaigdig. Itinalaga bilang Shrine of Our Lady of Assumption, 15 Agosto 2004. Halimbawa ng arkitekturang Neo-Gothic at Neo-Classic. Ipinahayag bilang Pambansang Palatandaang Pangkasaysayan, 2009.

Year Unveiled: 2009

---

Simbahan ng Dauis

Itinatag ng mga paring Heswita bilang Visita ng Baclayon; naging Parokya sa Patronato ng Nuestra Señora de Asuncion, 1697. Ipinamahal sa mga paring Recoletos, 1768. Inumpisahang ipatayo ni Padre Julio Saldaña, O.A.R. ang kasalukuyang simbahan, 1863–1879. Ipinagpatuloy ni Padre Natalio del Mar, 1919–1923. Isinagawa ni Ray Francia at Canuto Avila ang mga pintadong obra sa loob ng simbahan. Pinasinayaan ni Monsignor Juan Gorordo ng Cebu, 23 Agosto 1923. Itinalaga bilang Shrine of Our Lady of Assumption, 15 Agosto 2004. Halimbawa ng arkitekturang Neo-gothic at Neo-classic. Ipinahayag bilang Pambansang Palatandaang Pangkasaysayan, 2009.

Date: 16 May 2009",Visayas,1,0,0,0,0,1,0,HIGH,"Which of the following was consecrated on August 23, 1923, and is known for its unique blend of Gothic and Neoclassic architectural styles?","The site was consecrated on August 23, 1923, and features a combination of Gothic and Neoclassic architectural styles."
TP00178,Nuestra Señora de La Luz Parish Church Complex,Nuestra Señora de La Luz Parish Church Complex,RELIGIOUS_BUILDING,Parish Church of Nuestra Señora de La Luz of Loon; Loon Church; Palatandaang Pangkasaysayan ng Simbahan ng Loon; Simbahan ng Loon; Nuestra Sefiora de la Luz; Our Lady of Light; Nuestra Señora de la Luz Church,Region VII,Loon,Bohol,"National Cultural Treasure, National Museum; National Historical Landmark, NHCP","The Jesuit mission in Loon commenced when its parish advocated to Nuestra Sefiora de la Luz, Our Lady of Light, was established on 22 Jur:re 1753. At Napo, traditionally considered the original town site, the Jesuits began with the construction of a provisional church complex utilizing indigenous building technologies, i.e., bamboo and palm nipa thatch, light material, and wood. With the departure of the Jesuits in 1768, the Augustinian Recollects took over the administration of the parish on 2l October 1768, with Fray Manuel Bravo de la Purisima Concepci6n as its first Augustinian Recollect Parish priest, and immediately proceeded to protect the Loon Catholic settlement from the frequent Moro pirate raids by purchasing cannons, falconets, harquebuses, gunpowder, and other arms in 1771, and subsequently installed a cannon on nearby Cabilao island.

Loon Parish was the curacy of the Spanish Augustinian Recollect Joaquin Encabo de la Virgen de Sopetran, Loon Parish priest from 1769 to 1770, who was appointed Bishop of Cebu in 1802 by Pope Pius VII (1800-1823), the only Augustinian Recollect bishop of the Cebu Diocese in history. Due to the frequency of the Moro pirate raids on the Loon Catholic settlement at Napo, the decision was made by the Augustinian Recollects to move the church complex to its present site, and proceeded to build in 1780 a provisional church and convento with tabique walls on a low stone base and surrounded the complex with fortifications and watchtowers. 

Another church was built in 1815 that was destroyed by the fire of 1850, and another was erected in 1853. ln-between these years, the Spanish Augustinian Recollect Pedro Polo de la Virgen del Carmen, Loon Parish priest, enlarged the convento in 1844 by constructing a new one, following the arquitectura mestiza style which is being used at present as a parochial school. The Spanish Augustinian Recollect Antonio Yus de la Concepci6n, Loon Parish priest from 1 847 to 1850, erected the Loon town building also called a tribunal del pueblo or casa real across the Moto-Napo stairway, and also constructed the broad and measured grand flight of 212 cut coral stone stairs linking Napo and Moto now known locally as Inang-angan. In 1855, the Spanish Augustinian Recollect Jose Garcia de la Virgen de los Remedios, Loon Parish priest from I854 to 1888, built the present coral stone church, considered today as the glory of Recollect architecture on the island and in the region. The construction project of the said present church was drawn according to plan by Domingo de Escondrillas, Director of Public Works in Cebu, the completion of which would result in one of the largest, grandest, and finest churches in the Visayas.

For its size, the Nuestra Senora de la Luz Parish Church, has only two sloping buttresses, one on each side of the transept, a sign of sophisticated engineering. The facade, exhibiting baroque characteristics and flanked by twin bell towers, is both magnificent and exquisite and is presented in a dramatic way because of its detailed sensually undulating lines of the cornices and surfaces grandly presiding over the ample plaza in front of it. The image on the fagade is that of Nuestra Senora del Cetro (Our Lady of the Scepter) and is listed as the Patroness of Loon by the Augustinian Recollect historian Fray Patricio Marcellan, in 1879; and in fact, one of the bells in the tower is dedicated to Nuestra Senora del Cetro. 

The narthex of the parish church is separated from the rest of the nave by its subtly concave pilasters that speak volume about the sophistication of this architecture. The nave of the parish church is the widest in Bohol, and not only its ceiling but its walls as well were formerly covered with paintings of garlands and medallions done by a local artist, while the ceilings were painted by Ray Francia in the 1920s and 1930s. All three retablos in the transept and sanctuary are neoclassic in style and are occupied by 19th century images of Recollect and Augustinian saints whose devotions were propagated by the friars of both the Augustinian and Augustinian Recollect religious orders. The central baldaquin-retablo flanked by four bas-reliefs featuring scenes in the life of the Blessed Virgin Mary forms an artistic whole with the wall behind and the half dome above it, with the latter being ""netted"" with a kind of lacework applied on the ceiling. The present pipe organ at the choir loft is directly related in terms of construction and type to those in Baclayon, Loboc, and Loay, and was commissioned in Manila in the first half of the l9th century. The Augustinian Recollect friars also erected the morada or the hexagonal mortuary chapel across the church, the circular old cemetery, and the two escuelas for boys and girls in the 18th and 19th centuries that survive to this day. In 1894, the Spanish Augustinian Recollect Felix Guillen de San Jose replaced the tile (teja) roof of the church to galvanized iron. Two structures on the right side of the parish church, an unutilized old Lourdes grotto and a mid-1980 rectory, were properly transferred to another locations in order to emphasize and highlight the aesthetic, architectural, social, and religious significance inherent in the church fabric.

The Nuestra Senora de la Luz Parish Complex has the elements of an ideal church plan: twin bell towers, a wall-enclosed patio or plaza, a casa parroquial, fortifications, bulwarks, morada, and a circular old cemetery, all these are perfectly set amidst a landscape of verdant mountain range to the east and the seascape to the west providing a resonant rhythm of built structures and open spaces. The Nuestra Senora de la Luz Church, its plaza, adjunct structures, movable ecclesiastical artifacts and archival materials, and the entire complex, enjoy an exceptionally high level of authenticity and integrity that the entire cultural and artistic assemblage obtains an outstanding national value.

Declared as National Cultural Treasure by virtue of National Musuem of the Philippines Declaration No. 5-2010, and a National Historical Landmark by virtue of National Historical Commission of the Philippines Resolution No. 4, s. 2010.

Replacement Marker:

Simbahan ng Loon

Unang itinatag sa Napo ng mga Heswita sa ilalim ng patronato ni Santa Maria, Nuestra Señora de la Luz, 22 Hunyo 1753. Pinangasiwaan ng mga Rekoleto, 21 Oktubre 1768. Dulot ng pananalakay ng mga pirata, inilipat dito sa Moto ang simbahang gawa sa bato. Pinalibutan ng muog at mga kanyon, kalagitnaan ng 1770. Nasunog ang simbahan, maliban ang harapan, 1850 at 1853. Muling ipinatayo sa batong korales at isinaayos ang harapan ng dating gusali ayon sa disenyo ni Domingo de Escondrillas, direktor ng Pampublikong Gawain sa Cebu, 1855-1864. Ginamit bilang garison ng pwersang Amerikano sa kanilang kampanya laban sa mga kawal na Pilipino, 1901. Ipininta ni Ray Francia ang mga larawan sa mga kisame ng simbahan, 1938. Ipinahayag bilang Pambansang Palatandaang Pangkasaysayan at Pambansang Yamang Pangkalinangan, 2010. Nagiba ng lindol, 15 Oktubre 2013. Isinaayos ng Pambansang Museo ng Pilipinas, 2021.

Marker date: September 07, 2021

---

Previous Marker Text:

Simbahan ng Loon

Itinatag ng mga Heswita, 1753. Inilipat sa pamamahala ng mga Augustinian Recollects, 1768. Nasunog ang unang simbahan maliban ang harapan, 1850’s. Kasama ang harapan ng dating gusali, muling ipinatayo ayon sa disenyo ni Domingo Escondrillas, 1855–1864. Ginamit ng mga pwersang Amerikano bilang garison sa kanilang kampanya laban sa mga Filipinong gerilya, 1901. Isinagawa ni Ray Francia, Cebuanong pintor, ang mga pintadong obra sa loob ng simbahan, 1938. Pangunahing patron ang Nuestra Señora de la Luz o Birhen sa Kasilak at pangalawang patron si St. Joseph the Worker. Ipinahayag bilang Pambansang Palatandaang Pangkasaysayan, 2010.

Year Unveiled: 2010",Visayas,1,0,0,0,0,1,0,HIGH,"Which of the following was established on June 22, 1753, and later became a significant site for the Augustinian Recollects in response to pirate raids?","The site was established on June 22, 1753, and became significant for the Augustinian Recollects due to pirate raids."
TP00179,Parish Church of Nuestra Señora del Patrocinio de Maria of Boljoon,Parish Church of Nuestra Señora del Patrocinio de Maria of Boljoon,RELIGIOUS_BUILDING,Baroque Churches of the Philippines (extension); Simbahan sa Patrocinio de Maria sa Boljo-on; Boljoon Church; Simbahan ng Birhen ng Patrocinio ng Maria ng Boljoon; Simbahan ng Boljoon Marker; Simbahan ng Boljoon; Nuestra Señora de Patrocinio,Region VII,Boljoon,Cebu,"Tentative List of UNESCO World Heritage Sites; National Cultural Treasure, National Museum; National Historical Landmark, NHCP","The Parish Church was built 18th - early 19th century, under the Augustinians. Its decorations are related artistically to those of nearby Argao, Dalaguete, and Samboan; however, Boljoon church has arguably the most developed and unique style. The pierced woodwork on the choir screen and pulpit are among the best in the country. The same goes for the gold-leafing and polychromy on the retablos that have amazingly withstood the salty air wafting in from just a few meters away. The complex includes remains of fortified walls, a cemetery, and a blockhouse. The convento roof still retains the original tiles.

The Church of Boljoon, dedicated to Our Lady of Patrocinio, was built in 1783 by Fr. Ambrosio Otero, OSA. Church construction was continued by Fr. Manuel Cordero, OSA in 1794, completed by Fr. Julian Bermejo in the nineteenth century, and restored by the last Augustinian parish priest of the town, Fr. Leandro Moran, OSA, during his term from 1920 to 1948. The church of Boljoon Is one of the oldest Augustinian churches in Cebu next to the Church of Santo Niño in Cebu City. The church of Boljoon with Its distinct Filipino Baroque style is reflective of the aesthetic sense and values of its friar builders and the artistry and ingenuity of Filipinos of yesteryears.

Declared as a National Cultural Treasure by virtue of National Museum Declaration No. 2-2001, and a National Historical Landmark by virtue of National Historical Institute Resolution No. 1, s. 1999.

Marker Text:

Simbahan ng Boljoon

Itinatag bilang bisita ng Carcar ng mga Agustino noong 1599. Naging isang nagsasariling parokya sa pagtatangkilik ng Nuestra Señora de Patrocinio, 1690. Inilipat sa pamamahala ng mga Heswita, 1737; ibinalik sa mga Agustino, 1747. Natupok ng apoy ang unang simbahang gawa ng mga Agustino, 1782; ipinatayo ang kasalukuyang simbahan ni Padre Ambrosio Otero, OSA, 1783; ipinagpatuloy ni Padre Manuel Cordero, OSA, 1794; ganap na natapos sa panahon ng panunungkulan ni Padre Leandro Moran, OSA, 1920–1948. Napasailalim sa pamamahala ng mga sekular noong mga sumunod na taon.

Ipinahayag na isang Pambansang Palatandaang Makasaysayan ng Pambansang Suriang Pangkasaysayan, Disyembre 15, 1999 sa bisa ng Kautusan ng Pangulo Bilang 260, Agosto 1, 1973 na sinusugan ng mga Kautusan ng Pangulo Bilang 375, Enero 14, 1974 at Bilang 1505, Hulyo 11, 1978.

Date Unveiled: June 25, 2000",Visayas,1,0,1,0,0,1,0,HIGH,"Which of the following was built in 1783 by Fr. Ambrosio Otero, OSA, and is recognized for its distinct Filipino Baroque style?","The site was built in 1783 by Fr. Ambrosio Otero, OSA, and is known for its distinct Filipino Baroque style."
TP00180,Parish Church of the Holy Trinity of Loay,Parish Church of the Holy Trinity of Loay,RELIGIOUS_BUILDING,Simbahan sa Loay; Loay Church; Palatandaang Pangkasaysayan ng Simbahan ng Santisima Trinidad ng Loay; Catholic Church of Loay; Church of the Most Holy Trinity; Simbahan ng Santisima Trinidad ng Loay; Holy Trinity Parish Church,Region VII,Loay,Bohol,"National Cultural Treasure, National Museum; National Historical Landmark, NHCP","Loay, a town located along the bar of Loboc River in Bohol, originally referred to as the new village of Santisima Trinidad, constructed the church of the same name, otherwise known as the Holy Trinity Parish Church, in 1822. The church, located on a strategic hilltop, is a central part of one of the most intact coastal town complexes in the country, comprising the old municipal tribunal, two 19th century school buildings, the ancestral house of the Clarin family, and a watchtower of coral stone and brick tile near the coast of Villalimpia. The church, with its structure and style, as well as its interior featuring an exquisite early 19th century pulpit and retablos, an impressive pipe organ installed in 1841, and extensive ceiling murals painted by Ray Francia, is emblematic of the unique, outstanding and intact quality and historical, cultural and artistic significance of the churches of Bohol in that period. The church reflects the culture and tradition of the town of Loay, being built and fabricated with materials abundant in the municipality and serving as a sanctuary for the community in exerclsing thelr faith.

Declared as a National Cultural Treasure by virtue of National Museum of the Philippines Declaration No. 7-2013, and National Historical Landmark by virtue of National Historical Institute Resolution No. 8, s. 2003.

Marker Text:

Simbahan ng Santisima Trinidad ng Loay

Itinatag ang Loay bilang Barrio Santisima Trinidad sa ilalim ng Parokya ng San Pedro Apostol ng Loboc noong ika-18 dantaon. Naging parokya sa pangangasiwa ng mga misyonerong Rekoletos, 1799. Itinayo ang simbahan, 1822; ang kumbento, 1838; ang kampanaryo, 1865. Naglingkod dito si Padre Leon Inchausti, martir ng digmaang sibil sa Espanya (1936–1939) na kinanonisa bilang santo noong 1999. Mahalagang halimbawa ng arkitekturang Pilipino-Espanyol. Inihayag na Pambansang Palatandaang Makasaysayan, 18 Agosto 2003.

Marked date: 2004",Visayas,1,0,0,0,0,1,0,HIGH,Which of the following was constructed in 1822 and serves as a central part of one of the most intact coastal town complexes in the Philippines?,The site was constructed in 1822 and is a central part of a coastal town complex.
TP00181,Immaculada Concepcion de la Virgin Maria Parish Church Complex,Immaculada Concepcion de la Virgin Maria Parish Church Complex,RELIGIOUS_BUILDING,Parish Church of Immaculate Conception of the Virgin Mary of Baclayon; Ang Simbahan sa Baclayon; Baclayon Church; Simbahan ng Kalinis-linisang Paglilihi ng Birheng Maria ng Baclayon; Palatandaang Pangkasaysayan ng Simbahan ng Baclayon; Simbahan ng Baclayon; Immaculada Concepcion de la Virgen Maria Parish Complex,Region VII,Baclayon,Bohol,"National Cultural Treasure, National Museum; National Historical Landmark, NHCP","Although the island was classified as an encomienda as early as 1571 by the Spanish conquistador Miguel Lopez de Legaspi, Baclayon became the first center of Catholic settlement in Bohol with its church as the cabecera only upon the arrival of two Jesuit missionaries, Juan de Torres and Gabriel Sanchez, in Baclayon on 77 November 1596, who both immediately began the systematic evangelization of the Boholanos. When the Baclayon Catholic settlement became a parish in 1717 and advocated to the Immaculada Concepcion de la Virgen Maria, the Jesuit doctrineros replaced an earlier chapel made of light materials and in its stead erected the present cruciform coral stone church de arquitectura nestiza in 1727, considered today as the best preserved Jesuit stone church in the country. When the Jesuits departed in 1768, they left behind the church, an extension of the epistle transept which served as the beginning of the casa parroquial,the base of a tower, a fort, and a smaller fortification used as a residence nearer the sea, all of cut coral stone.

When the Augustinian Recollects took over, they completed the watchtower in 1777, built the katain ca. 1840, annexed an octagonal baptistery to the gospel transept in ca. 1850, constructed the mortuary chapel in 1859, extended into a full-scale casa parroquial in 1872 the living quarters which were began by the Jesuits, added the classical-style portico-facade in 1875, and replaced the decrepit tile (teja) roof of the church and casa parroquial with galvanized iron in 1893. The central and two side ratablos with their fusion of eastern and western influences are among the best examples of Philippine baroque, and highlighted with wooden images of saints purchased by the parish in the 19th century. The baroque pipe organ, restored in 2008, was installed on the church choir loft in 1824, the first to be installed on the island, during the term of the Spanish Augustinian Recollect Fray Diego Cera, Prior Vocal of Baclayon, and celebrated builder of the bamboo pipe organ of Las Pifias Parish Church.

The Immaculada Concepcion de la Virgen Maria Parish Church in Baclayon possesses four (4) remaining cantorales, which are large-format choir book-parchments made of cow and carabao hide locally produced in 1826, hand-printed in the Kirial de esta Yglesia Baclayon ano 1826, the nationally recognized Misa Baclayana mass setting that was completed in 1827 by Fray Juan de San Nicolas, Baclayon Parish priest from 1819 to 1823. The Baclayon Parish has preserved the five (5) oil paintings on Kedondong semi-hardwood of the so-called ""Unknown Bohol Masters"" of the Bohol School of Painting, which said paintings were commissioned in 1859 by Fray Antonio Ubeda de la Santisima Trinidad, Baclayon Parish priest from 1856 to 1859, and are today considered as masterpieces of Philippine art due to their outstanding workmanship, subtle techniques, and complex devices of expressions. In 1969, then Baclayon Parish priest Fr. Bernardino E. Fuertes assembled all the movable heritage of the parish into a collection that is now housed in the church museum which contains highly important cultural materials of significant esteem to the nation.

The Immaculada Concepcihn de la Virgen Maria Parish Complex has the elements of an ideal church plan: bell tower, a wall-enclosed patio or plaza, a casa parroquial, fortifications, bastion, and escuelas parallel to the church, all these are perfectly set amidst a landscape of verdant mountain range to the north and the seascape to the south providing a resonant rhyhm of built structures and open spaces.

Declared as a National Cultural Treasure by virtue of National Museum Declaration No. 6-2010, and a National Historical Landmark by virtue of National Historical Institute Resolution No. 3, s. 1994.

Marker Text:

Simbahan ng Baclayon

Sa pook na ito pormal na itinayo nina Padre Juan de Torres at Padre Gabriel Sanchez, mga paring Heswita, ang unang misyon ng Kristiyanismo sa Bohol, Nobyembre 17, 1596. Ang unang simbahan na yari sa kahoy ay parangal sa Birheng Immaculada Concepcion. Naging ganap na parokya, 1717. Ipinatayo ang kasalukuyang simbahan yari sa korales, 1727. Pinamahalaan ng mga Agustinong Recolectos, 1768. Idinagdag ang pilak na tabernakulo sa pangunahing dambana, 1810; ginawa ang binyagan at sakristiya, 1852. Nagsagawa ng mga ilang pagbabago at pagsasaayos ngunit ang orihinal na arkitekturang Neo-Klasiko sa paggamit ng arkong Romano at templo ay napanatili hanggang sa kasalukuyan.

Sa bisa ng kautusan ng Pangulo bilang 260, Agosto 1, 1973 na sinusugan ng mga kautusan bilang 375, Enero 14, 1974 at bilang 1505, Hunyo 11, 1978, ang simbahang ito ay ipinahayag na Pambansang Palatandaang Makasaysayan noong Hulyo 27, 1994.

Marker date: 1995",Visayas,1,0,0,0,0,1,0,HIGH,Which of the following was established as the first center of Catholic settlement in Bohol in 1596 by Jesuit missionaries?,The site was established as the first center of Catholic settlement in Bohol in 1596 by Jesuit missionaries.
TP00182,"Parish Church of San Agustin and Complex, the Plaza, the Old Panglao Municipio, the Escuelas de Ninos y Ninas, the Archway and Mortuary Chapel of the 19th Century Cemetery","Parish Church of San Agustin and Complex, the Plaza, the Old Panglao Municipio, the Escuelas de Ninos y Ninas, the Archway and Mortuary Chapel of the 19th Century Cemetery",RELIGIOUS_BUILDING,"Simbahan sa San Agustin, ug complex, plaza, Daan nga Munisipyo sa Panglao; Panglao Church; Simbahan ng Panglao; Simbahan ng San Agustin at Kompleks, Plaza, Lumang Munisipyo ng Panglao, Mga Paaralan ng Kabataang Lalaki at Babae, Daang Arko at Kamposanto ng Sementeryo ng 19-daantaon; San Agustin Church; St. Augustine Church; Iglesia de San Agustin",Region VII,Panglao,Bohol,"Important Cultural Property, National Museum","The church is noteworthy because of its twin antique confessionals carved with grape and dove patterns. The church is also known for its ceiling murals depicting the sacraments. The church complex, together with the convento, watchtower, plaza, old municipioand the Escuela de Niños y Niñas, were declared Important Cultural Properties by the National Museum and the National Historical Commission of the Philippines. (Source: http://www.panglaotourism.com/heritage-sites/st-augustine-church/)",Visayas,0,0,0,1,0,0,0,HIGH,"Which of the following was recognized as an Important Cultural Property by the National Museum and the National Historical Commission of the Philippines, featuring twin antique confessionals and ceiling murals of the sacraments?",The site must be recognized as an Important Cultural Property by the National Museum and the National Historical Commission of the Philippines.
TP00183,Parish of Saint Augustine of Hippo of Bacong,Parish of Saint Augustine of Hippo of Bacong,RELIGIOUS_BUILDING,Simbahan sa San Agustin sa Bacong; Bacong Church; Simbahan ng San Agustin ng Hippo ng Bacong; St. Augustine of Hippo Church; Parish of Saint Augustine of Hippo of Bacong,Region VII,Bacong,Negros Oriental,"National Cultural Treasure, National Museum","St. Augustine of Hippo Church was built near the sea. It was constructed by the Augustinian Recollects in 1865. The church's main attraction is the altar and the pipe organ, created in Spain. It also features religious items which are being displayed. Its bell tower, the tallest in the province served as look out for the enemies. The church is now listed as National Cultural Treasure.",Visayas,1,0,0,0,0,0,0,HIGH,Which of the following was constructed by the Augustinian Recollects in 1865 and features the tallest bell tower in its province?,The site was built by the Augustinian Recollects in 1865 and has the tallest bell tower in its province.
TP00184,St. Isidore the Farmer Church,St. Isidore the Farmer Church,RELIGIOUS_BUILDING,Parish Church of San Isidro Labrador of Lazi; Simbahan sa Lazi; Lazi Church; Palatandaang Pangkasaysayan ng Simbahan ng Lazi; Lazi Church and Convent Historical Landmark; Simbahan ng Lazi; San Isidro Labrador,Region VII,Lazi,Siquijor,"Tentative List of UNESCO World Heritage Site; National Cultural Treasure, National Museum; National Historical Landmark, NHCP","The church complex was built by the Augustinian Recollects in the latter half of the 19th century. The church has two pulpits, the original retablos, and wood floors with herringbone pattern. The church walls are approximately a meter thick, The walls are reinforced with log post which are embedded in the wall. The façade is veneered with coral stone, while the rest is made of fill. The pediments of the church are made of wood panels. Across the church is a large convent, which was used for rest and recreation of the Friars. It is a U-shape structure, with stonewalls at the first level, and wood studs and panels at the second floor. The convent has width of about 50 meters and a depth of about 50 meters. Most of the partitions of the convent have been removed, but the design elements are seen in most parts of the structure. (UNESCO Tentative List of World Heritage Sites).

Declared as a National Cultural Treasure by virtue of National Museum of the Philippines Declaration No. 2-2001, and a National Historical Landmark by virtue of Presidential Decree No. 260. It is also in the Tentative List of UNESCO World Heritage Sites under the Baroque Churches of the Philippines (Extension).

Marker Text:

Simbahan ng Lazi

Ang parokyang ito ay itinatag ng mga paring Agustino Rekoleto sa ilalim ng patronato ni San Isidro Labrador noong 1857. Ang simbahan at kumbento ay ipinatayo sa pangangasiwa ng P. Toribio Sanchez, O.A.R. Yari sa mga batong-dagat at matitigas na kahoy, ang simbahan ay tinapos ng mga Pilipinong artesano nong 1884 at ang kampanaryo pagkalipas ng isang taon. Ang maluwang na kumbento ay sinimulan noong 1887 at binasbasan noong 1891. May sukat na 42 sa 38 metro, ang kumbentong ito ay isa sa pinakamalaki sa Pilipinas.
Sa bisa ng Kautusan ng Pangulo Bilang 260, 1 Agosto 1973, na sinusugan ng mga Kautusan Bilang 375, 14 Enero 1974, at Bilang 1505, 11 Hunyo 1978, ang simbahan at kumbento ay ipinahayag na mga Pambansang Palatandaang Makasaysayan.

Marker date: May 19, 1984",Visayas,1,0,1,0,0,1,0,HIGH,Which of the following was established in 1857 by the Augustinian Recollects and features a large U-shaped convent completed in 1891?,The site was established in 1857 by the Augustinian Recollects and has a U-shaped convent completed in 1891.
TP00185,Parish Church of San Pedro and San Pablo of Loboc,Parish Church of San Pedro and San Pablo of Loboc,RELIGIOUS_BUILDING,Simbahan sa San Pedro ug San Pablo sa Loboc; Loboc Church; Palatandaang Pangkasaysayan ng Simbahan ng San Pedro Apostol; Church of San Pedro Apostol Historical Landmark; Church of San Pedro Apostol; San Pedro Apostol,Region VII,Loboc,Bohol,"Tentative List of UNESCO World Heritage Sites; National Cultural Treasure, National Museum; National Historical Landmark, NHCP","In May 1597, Fr. Juan de Torres, S.J. established the mission in Loboc, which in 1602, was canonically established into a parish and advocated to San Pedro Apostol. The present church, built on foundations of the early church which was destroyed by fire, was started in 1670 and completed in 1734. The convento annexed to the Church in an unusual three-storey structure and was the central residence of the Jesuit missions and later the Recollect missions in Bohol, In 1768, upon expulsion of the Jesuit, Loboc was ceded to the Recollects, who built the octagonal bell tower seperate from the main church structure. Sometime in 1858, Fray Aquilino Bon, O.A.R. built the portico in front of the church facade and the octagonal mortuary chapel at the gospel flank of the church. Loboc Church is a heritage church of Bohol province, a combination of Jesuit and Recollect architectural concepts and of native craftsmanship.

The present church was first erected by the Jesuit Missionaries in the 18th century, then later taken over by the Augustinian Recollects who had there share of construction. The church complex is near the river and is composed of; the church structure, a three storey convent, a bell tower situated about 50 meters away from the front and a mortuary chapel at the complex's left side. The Jesuits designed the church with an intricately designed façade (though unfinished), every window has cherub designs under the opening. The Augustinian Recollects added a portico façade, buttresses, the bell tower and the mortuary chapel. The interior has; 18th and 19th centuries retablos, ceiling of the church is painted by indigenous artisans in the 1920's, a 19th century pipe organ (restored in 2001). In the 19th century, the roof of the church is made of clay roof tiles. The walls are made of coral stone. The convent is L-shaped with three floors, and is located at the rear end of the church. The third floor of the convent is connected to the church. The convent shows different periods of construction. The main hall of the convent, located at the second floor, has a Victorian interior, the walls have paintings, the ceiling is made of fabricated tin panels. The third level of the convent is used as a museum of church artifacts. Numerous areas of the convent are dilapidated due to its non-use. Also found at the rear of the convent, resembling a pool. (Tentative List of UNESCO World Heritage Sites).

Declared as a National Cultural Treasure by virtue of National Museum Declaration No. 2-2001, and a National Historical Landmark by virtue of National Historical Institute Resolution No. 7, s. 1998. It is also in the Tentative List of UNESCO World Heritage Sites under the Baroque Churches of the Philippines (Extension).

Marker Text:

Church of San Pedro Apostol

In May 1597, Fr. Juan de Torres, S.J., established the mission of Loboc, which was canonically established as a parish dedicated to San Pedro Apostol[.] In 1602, the present church, built on foundations of the early church which was destroyed by the fire, was started in 1670 and completed in 1734. The convent annexed to the church in a three-storey structure, was the central residence of the Jesuit Missions. In 1768, the Recollects were assigned the former missions in Bohol; they built the octagonal bell tower separate from the main church structure. Sometime in 1858, Fray Aquilino Bon, O.A.R., built the portico in front of the church façade and the octagional mortuary chapel at the gospel flank of the church.

Marker date: 1999",Visayas,1,0,1,0,0,1,0,HIGH,Which of the following was canonically established as a parish in 1602 and features a three-storey convent that served as the residence for Jesuit and Recollect missions in Bohol?,The site was canonically established as a parish in 1602 and has a three-storey convent associated with Jesuit and Recollect missions.
TP00186,Parish Church of Santa Monica of Albuquerque,Parish Church of Santa Monica of Albuquerque,RELIGIOUS_BUILDING,Simbahan sa Santa Monica sa Alburquerque; Albuquerque Church; Simbahan ng Santa Monica ng Albuquerque; Palatandaan ng Simbahan ng Albuquerque; Simbahan ng Albuquerque Marker; Simbahan ng Alburquerque; Santa Monica Parish,Region VII,Alburquerque,Bohol,"Important Cultural Property, National Museum; Marked Structure, NHCP","The Santa Monica Parish was formerly part of the municipality of Baclayon. The church was built during the jurisdiction of the Jesuit priest, Fr. Pedro de la Incarnacio and established in 1869. By 1932, Fr. Ray Francia put up the first ceiling with paintings inside the structure, the original of which is now found in the museum. Presently, newly painted ceiling is a replica. The church follows the Baroque-style of Europe with Moorish accent of North Africa. The columns inside the church were brought from Mindanao to Albuquerque and the sculpture of its patron saint, Santa Monica, was made of cement and ivory which was said to be carried by 20 people to reach its current place. 

-

Marker Text:

Simbahan ng Alburquerque

Nagsimula bilang bisita ng Baclayon sa ilalim ng patronato ni Santa Monica. Unang ipinatayo yari sa kahoy at kawayan sa kanlurang bahagi ng liwasan, 1842. Isang matibay at malawak na simbahan ang ipinatayo sa silangang bahagi, 1856. Humiwalay ang kinatatayuan sa bayan ng Baclayon at tinawag na Alburquerque, 1861. Pormal na pinasinayaan bilang parokya, 1869, at sumailalim sa pamamahala ng mga Rekoleto hanggang 1898. Sinimulan ni Padre Manuel Muro ang pagpapatayo ng simbahang bato, 1885. Ipinagawa ang itaas na bahagi ng pader at tore, dekada, 1920. Ipininta ni Ray Francia ang mga larawan sa kisame ng simbahan, 1932. Ang lagusang may nakahanay na mga arko ang nagdurugtong sa simbahan at kumbento na bukod-tangi sa Bohol.

Year Unveiled: 2014
Simbahan ng Alburquerque

Nagsimula bilang bisita ng Baclayon sa ilalim ng patronato ni Santa Monica. Unang ipinatayo yari sa kahoy at kawayan sa kanlurang bahagi ng liwasan, 1842. Isang matibay at malawak na simbahan ang ipinatayo sa silangang bahagi, 1856. Humiwalay ang kinatatayuan sa bayan ng Baclayon at tinawag na Alburquerque, 1861. Pormal na pinasinayaan bilang parokya, 1869, at sumailalim sa pamamahala ng mga Rekoleto hanggang 1898. Sinimulan ni Padre Manuel Muro ang pagpapatayo ng simbahang bato, 1885. Ipinagawa ang itaas na bahagi ng pader at tore, dekada, 1920. Ipininta ni Ray Francia ang mga larawan sa kisame ng simbahan, 1932. Ang lagusang may nakahanay na mga arko ang nagdurugtong sa simbahan at kumbento na bukod-tangi sa Bohol.

Year Unveiled: 2014",Visayas,0,0,0,1,0,0,0,HIGH,Which of the following was formally established as a parish in 1869 and is known for its Baroque-style architecture with Moorish accents?,The site was formally established as a parish in 1869.
TP00187,Parish Church of Santo Niño of Cortes,Parish Church of Santo Niño of Cortes,RELIGIOUS_BUILDING,Simbahan sa Santo Niño sa Cortes; Cortes Church; Simbahan ng Santo Niño ng Cortes; Santo Niño; Parish Church of Santo Niño; church of Santo Niño,Region VII,Cortes,Bohol,"National Cultural Treasure, National Museum","The church and convent erected by the Augustinian Fathers under the Rev. Andres Urdaneta in 156. The second church was likewise destroyed by fire in March of 1628. But rebuilt soon after (1628-1629) under the administration of the historian Rev. Juan de Medina, O.S.A. The present massive church was designed and constructed during the priorship of Rev. Juan Albarran O.S.A., (1735-1737). The Santo Niño venerated in this church since the time of Legaspi, is the center of intense devotion and religious pilgrimages throughout the Visayas.",Visayas,1,0,0,0,0,0,0,HIGH,,
TP00188,Parish Church of Immaculate Conception of Guiuan,Parish Church of Immaculate Conception of Guiuan,RELIGIOUS_BUILDING,Guiuan Church; Simbahan ng Guiuan; Simbahan Hit Guiuan; Simbahan ng Kalinis-linisan Paglilihi ng Guiuan; Immaculate Conception Parish Church,Region VIII,Guiuan,Eastern Samar,"Tentative List of UNESCO World Heritage Sites; National Cultural Treasure, National Museum; Historical Marker, NHCP; Registered Property, Municipality of Guiuan, Eastern Samar","Guiuan Church was founded by the Jesuits in 1595. It was handed over to the Augustinians upon instructions from the Spanish colonial Government due to the Jesuits Suppression in 1768. It was then transferred to the Franciscans in 1795 but due to lack of Priests, Father Miguel Perez, the first Franciscan priest of Guiuan was only assigned in 1804 ovated by adding a transept and baptistery during the term of Father Manuel Valverde and Pedro Monasterio in 1844. A bell tower on top fort was was built in 1854. Another convent was built by Father Arsenio Figueroa in 1872. The Church was refurbished in 1935 and the sanctuary was renovated in 1987. On November 8, 2013, the Church along with other buildings and structures in Guiuan was severely damaged due to typhoon Haiyan. While the roof was destroyed and the façade was damaged, the Church’s stone walls remain unscathed , as do the floors and the crypts.

Guiuan Church is nestled a fort. It is well known for its extensive shell ornamentation in its interiors. Studies revealed that at least mosaics of 106 species of shells  and corals accenting cornices and pilasters were used. It has three elaborately carved doors, the main door on the entrance has exquisite carvings of the Twelve Apostles while one of  the side doors has carved representations of angels. There two transepts on the sides which gives a cross formation of the church. A belfry tower is located on the left side, and a statue of a known local Priest Msgr. Donato Guimbaolibot is also seen at the back of the Belfry. There is a baptistry inside the Church where babies are being baptized. The Church’s façade is ornamented with rectilinear and arch fenestration, rows of dentil, Corinthian columns and intricately sculpted pilasters. It’s posts that bound the façade end with pointed peaks and they bear reliefs of foliage. The entrance is flanked by recessed niches of holy figures and above it is a rectangular relief. Meanwhile, the pediment has a stone sculpture of holy figure and contains rows of leaf-like ornamentation along its edges. At its apex are inscriptions that read “1595”, “1925” and “1964”. It is topped with a cross. The bell tower is massive and quadrangular. It is found in the gospel flank, connected to the church through a low-rise, slant wall, and is topped with pyramidal roof.

Declared as a National Cultural Treasure by virtue of National Museum Declaration No. 2-2001.

Marker Text:

Simbahan ng Guiuan

Unang itinatag ng mga paring heswita sa patronato ng La Purisima Concepcion noong unang bahagi ng ika-17 dantaon. Ipinatayo ang simbahang yari sa bato, 1718. Inilipat sa pamamahala ng mga Paring Agustino matapos paalisin ang mga Heswita, 1768. Inilipat sa pamamahala ng mga Pransiskano, 1795–1804. Muling isinaayos ng magkapatid na Padre Pedro at Manuel Monasterio de Valverde, OFM. Nilagyan ng bubong na tisa at tinayuan ng bagong kampanaryo, 1844–1864. Pinagawan ng bagong kumbento ni Padre Arsenio Figueroa, OFM, 1872. Muling isinaayos, 1935 at 1987. Ipinahayag na Pambansang Yamang Pangkalinangan ng Pambansang Museo, 31 Hulyo 2001. Nasira ng Bagyong “Yolanda”, 8 Nobyembre 2013. Isinaayos ng Pambansang Museo 2016–2019. Pinasinayaan, 8 Disyembre 2019.

Date: March 18, 2021",Visayas,1,0,1,0,0,0,0,HIGH,Which of the following was founded by the Jesuits in 1595 and later transferred to the Augustinians in 1768?,The site was founded by the Jesuits in 1595 and later transferred to the Augustinians in 1768.
TP00189,Parish Church of Saint Ignatius of Loyola of Capul,Parish Church of Saint Ignatius of Loyola of Capul,RELIGIOUS_BUILDING,Simbahan han San Ignacio Loyola; Fuerza de Capul; St. Ignatius of Loyola Parish; Simbahan ng Capul; Capul Church; Simbahan ng San Ignacio ng Loyola ng Capul; Palatandaan ng Simbahan ng Capul; Simbahan ng Capul Marker,Region VIII,Capul,Northern Samar,"National Cultural Treasure, National Museum; Marked Structure, NHCP; Registered Property, Province of Northern Samar","Marker Text:

Simbahan ng Capul

Itinatag ng mga Paring Heswita bilang Misyon, 1596. Ipinatayo yari sa nipa at kahoy ang unang simbahan sa patronato ni San Ignacio de Loyola; muling ipinatayo kasabay ang kuta na yari sa bato bilang tanggulan laban sa mga mandirigmang Moro ca. 1600. Isinailalim sa pamamahala ng mga paring Pransiskano, 1768. Ipinaayos ni Padre Mariano Valero ang simbahan at ipinatayo ang kampanaryo, 1781. Itinalaga ng obispo ng Cebu bilang parokya, 8 Nobyembre 1864. Isinagawa ang lagusan ng kuta sa kanang bahagi ng simbahan, 1898. Pangunahing halimbawa ng simbahang tanggulan noong panahon ng mga Espanyol.

Date Unveiled: August 5, 2011",Visayas,1,0,0,0,0,0,0,HIGH,"Which of the following was established as a mission in 1596 and later became a parish church on November 8, 1864?","The site was established as a mission in 1596 and became a parish church on November 8, 1864."
TP00190,Rocha House,Rocha House,OLD_HOUSE,Bahay Rocha; Casa Rocha,Region VII,Tagbiliran City,Bohol,"Important Cultural Property, National Museum","MD No. 2-2020 (June 27, 2019)",Visayas,0,0,0,1,0,0,0,HIGH,,
TP00191,Yap House,Yap House,OLD_HOUSE,Bahay Yap,Region VII,Carcar City,Cebu,"Registered Property, City of Carcar, Cebu",,Visayas,0,0,0,0,0,0,0,LOW,,
TP00192,Gotiaoco Building,Gotiaoco Building,HISTORIC_BUILDING,Sugbu Chinese Heritage Museum; Gusaling Gotiaoco,Region VII,Cebu City,Highly Urbanized City,"Important Cultural Property, National Museum",Declared as an Important Cultural Property by virtue of National Museum Declaration No. 11-2020,Visayas,0,0,0,1,0,0,0,HIGH,,
TP00193,Plaza Independencia with its Intrinsic Setting Relative to its Immediate Surrounding,Plaza Independencia with its Intrinsic Setting Relative to its Immediate Surrounding,CULTURAL_LANDSCAPE,Liwasang Independencia; Plaza Independencia,Region VII,Cebu City,Highly Urbanized City,"National Cultural Treasure, National Museum",Declared as a National Cultural Treasure by virtue of National Museum Declaration No. 12-2020,Visayas,1,0,0,0,0,0,0,HIGH,,
TP00194,Old Provincial Capitol of Antique,Old Provincial Capitol of Antique,CIVIC_BUILDING,Lumang Kapitolyong Panlalawigan ng ANtique,Region VI,San Jose de Buenavista,Antique,"Important Cultural Property, National Museum","MD No. 18-2020 (June 27, 2019)",Visayas,0,0,0,1,0,0,0,HIGH,,
TP00195,Compania Maritima Building,Compania Maritima Building,HISTORIC_BUILDING,Gusaling Compania Maritima,Region VII,Cebu City,Highly Urbanized City,"Important Cultural Property, National Museum","MD No. 27-2020 (June 27, 2019)",Visayas,0,0,0,1,0,0,0,HIGH,,
TP00196,Cathedral of San Jose Obrero of Tagbilaran,Cathedral of San Jose Obrero of Tagbilaran,RELIGIOUS_BUILDING,Cathedral Complex of San Jose Obrero; Katedral ng Tagbilaran; Tagbilaran Cathedral; Katedral ng San Jose Obrero ng Tagbilaran,Region VII,Tagbiliran City,Bohol,"Important Cultural Property, National Museum","MD No. 30-2020 (June 27, 2019)",Visayas,0,0,0,1,0,0,0,HIGH,,
TP00197,Plaza Rizal,Plaza Rizal,CULTURAL_LANDSCAPE,Liwasang Rizal,Region VII,Tagbiliran City,Bohol,"Important Cultural Property, National Museum","MD No. 31-2020 (June 27, 2019)",Visayas,0,0,0,1,0,0,0,HIGH,,
TP00198,Bohol Watchtowers Panglao Watchtower,Bohol Watchtowers: Panglao Watchtower,MILITARY_STRUCTURE,Bohol Watchtowers; Mga Bantayan ng Bohol: Panglao Watchtower; Panglao Watchtower,Region VII,Panglao,Bohol,"National Cultural Treasure, National Museum","The Panglao Watchtower, erected in the church complex of San Agustin Parish in 1851 and composed of five stories with eight sides and a pitched roof cover, is considered the tallest of its kind in the Philippines.

These stone structures played a significant role in the history of Bohol as part of colonial military defense system against Moro raiders during the Spanish Period; these watchtowers endured and survived the wars fought in Bohol during the Philippine-American War and the Second World War.

Declared as a National Cultural Treasure by virtue of National Museum Declaration No. 11-2011",Visayas,1,0,0,0,0,0,0,HIGH,Which of the following was built in 1851 as part of a colonial military defense system in Bohol against Moro raiders?,The structure was erected in 1851 and served as a military defense against Moro raiders in Bohol.
TP00199,Bohol Watchtowers Dauis Watchtower,Bohol Watchtowers: Dauis Watchtower,MILITARY_STRUCTURE,Bohol Watchtowers; Mga Bantayan ng Bohol: Dauis Watchtower; Dauis Watchtower,Region VII,Dauis,Bohol,"National Cultural Treasure, National Museum","The Dauis Watchtower, built near the Parish Church of Our Lady of the Assumption Parish, is a hexagonal tower with inscriptions of Emblem of the Augustinian Order and Ano 1779 above the entrance.

These stone structures played a significant role in the history of Bohol as part of colonial military defense system against Moro raiders during the Spanish Period; these watchtowers endured and survived the wars fought in Bohol during the Philippine-American War and the Second World War.

Declared as a National Cultural Treasure by virtue of National Museum Declaration No. 11-2011",Visayas,1,0,0,0,0,0,0,HIGH,Which of the following was built in 1779 as part of a colonial military defense system against Moro raiders in Bohol?,The site was built in 1779 and served as a military defense structure against Moro raiders.
TP00200,Bohol Watchtowers Balilihan Watchtower,Bohol Watchtowers: Balilihan Watchtower,MILITARY_STRUCTURE,Bohol Watchtowers; Mga Bantayan ng Bohol: Balilihan Watchtower; Balilihan Watchtower,Region VII,Balilihan,Bohol,"National Cultural Treasure, National Museum","The Balilihan Watchtower portrays a work of art in the form of scroll decorations and floral designs at the arched opening, as well as the carved corbels supporting the wide overhands of the hip roof, and the remaining sheathes of cut corals which used to cover the whole tower walls..

These stone structures played a significant role in the history of Bohol as part of colonial military defense system against Moro raiders during the Spanish Period; these watchtowers endured and survived the wars fought in Bohol during the Philippine-American War and the Second World War.

Declared as a National Cultural Treasure by virtue of National Museum Declaration No. 11-2011",Visayas,1,0,0,0,0,0,0,HIGH,Which of the following was part of a colonial military defense system against Moro raiders during the Spanish Period and has been declared a National Cultural Treasure?,The site must have played a role in the colonial military defense system against Moro raiders during the Spanish Period and be declared a National Cultural Treasure.
TP00201,Fort Pilar,Fort Pilar,MILITARY_STRUCTURE,Fuerza Pilar; Fort Pilar; Real Fuerza de Nuestra Señora del Pilar de Zaragoza; Tanggulang Pilar; Real Fuerza de Nuestra Señora del Pilar de Zaragosa,Region IX,Zamboanga City,Highly Urbanized City,"National Cultural Treasure, National Museum; Marked Structure, NHCP; Registered Property, Zamboanga City","During the Spanish period, the Jesuits suggested the establishment of a permanent fortification in Samboangan (now Zamboanga). The site in Cagang-cagang (now Rio Hondo) was chosen location for the fortification named Real Fuerza de San Jose. The actual construction was in June 23, 1635 using the design prepared by Melchor de Vera (Spoehr 1973). It became one of the first stone constructions and only post with coastguard galleys in Mindanao at the time (Blair & Robertson 1906). After its abandonment in 1662, it was reconstructed in 1719 by Juan Ciscara who implemented the enlargement of the 3 smaller bastions (Diaz-Trechuelo 1959). Years after, it underwent several renovations and one of the most significant addition was the Our Lady of Pillar Shrine shown in Murillo’s Map of 1734. The fort was then renamed to Real Fuerza de Nuestra Señora del Pilar de Zaragosa by order of Gov. Bustamante (Blair & Robertson 1906). It was simply called Fort Pilar during the American period.

Restoration works began in the 1980s and was reused as galleries to house the important collections in the Western Mindanao region. The site of the shrine was also developed and enclosed to provide ease and tranquil place for worship of the devotees of Our Lady of Pillar and a scenic destination tour for the visitors of the city. The latest rehabilitation work of the fort began in 2012 in conformity to the Republic Act No. 10066 or the National Cultural Heritage Act of 2009. At present, the edifices underwent continuous maintenance and repair works to prepare the galleries for exhibition.

Declared a National Cultural Treasure by virtue of Presidential Proclamation No. 260.

---

Marker Text:

Fort Pilar

Founded as southern outpost of Spanish domain under the supervision of Melchor de Vera, 1635; Attacked by the Dutch, 1646; Deserted when troops were concentrated in Manila to drive away Chinese pirates, 1663; Reconstructed by the Society of Jesus, 1666; Rebuilt the management of Juan Sicarra, 1719; Stormed by Dalasi, King Bulig, with 3,000 moros, 1720; Cannonaded by the British, 1798; Witnessed the mutiny of seventy prisoners, 1872; Abandoned by the Spaniards, 1898; Occupied by the Americans under General J.C. Bates 1899; Seized by the Japanese, 1942; Taken over by the Republic of the Philippines, July 1946.

Year Unveiled: 1949",Mindanao,1,0,0,0,0,0,0,HIGH,"Which of the following was constructed in 1635 as a fortification in Mindanao and later underwent significant renovations, including the addition of a shrine dedicated to Our Lady of Pillar?","The site was constructed in 1635 as a fortification in Mindanao and underwent significant renovations, including the addition of a shrine dedicated to Our Lady of Pillar."
TP00202,Relief Map of Mindanao,Relief Map of Mindanao,CULTURAL_LANDSCAPE,Relief Map sa Mindanao; Relief Map ng Mindanao; Relief Map of Mindanao,Region IX,Dapitan City,zamboanga del Norte,"National Cultural Treasure, National Museum","Relief Map of Mindanao – While in exile in Dapitan in 1892, Dr. Jose Rizal, National Hero, designed the plaza of Dapitan with the assistance of Fr. Francisco Paula de Sanchez. The original plaza had a kiosk with five radiating romenades aand lights fueled by coconut oil encased in glass. In the plaza and in front of the church of St. Joseph, Dr. Jose Rizal and Fr. Sanchez with the help of alumni and then current students of the Parochial School of Dapitan built a relief map of Mindanao.  
 
Declared a National Cultural Treasure in June 20, 2005.",Mindanao,1,0,0,0,0,0,0,HIGH,Which of the following was designed by Dr. Jose Rizal while in exile in Dapitan in 1892?,The site was designed by Dr. Jose Rizal during his exile in Dapitan in 1892.
TP00203,Parish Church of Immaculate Conception of Jasaan,Parish Church of Immaculate Conception of Jasaan,RELIGIOUS_BUILDING,Immaculate Conception Parish Church; Jasaan Church; Simbahan ng Jasaan; Simbahan sa Inmaculada Concepcion sa Jasaan; Simbahan ng Kalinis-linisang Paglilihi ng Jasaan; Immaculate Conception Church; Iglesia de Nuestra Señora de la Inmaculada Concepción de María; Immaculate Conception Church of Jasaan; Nuestra Señora de la Inmaculada Concepcion de Jasaan,Region X,Jasaan,Misamis Oriental,"National Cultural Treasure, National Museum; Registered Property, Province of Misamis Oriental","Immaculate Conception Parish Church (Jasaan)
The Immaculate Conception Church (Spanish: Iglesia de Nuestra Señora de la Immaculada Concepción de María) is a Baroque church located in Poblacion, Upper Jasaan in Misamis Oriental, Philippines. It was declared by the National Museum as a National Cultural Treasure in Northern Mindanao due to its artistic design and cultural values.

History
The first church of Jasaan was built out of lime from 1723 to 1830 under the supervision of Fr. Ramos Cabas, parish priest in sitio Kabitaugan in barangay Aplaya. The first church is currently a ruins and a ""cotta"" or fortification is visible on the low hill near the highway. In 1859, Jasaan became the base for evangelical activities among the Manobos in Bukidnon. From Jasaan, missionaries fanned out to areas in Bukidnon now known as Malitbog, Siloo, San Luis, Linabo and Sumilao. In 1887, Father Juan Herras, a Jesuit, began the construction of the present Immaculate Conception Church. Father Gregorio Parache, S.J., was the parish priest of Jasaan at that time. It aims to mimic the famous San Ignacio Church of Intramuros in Manila.

_____
The church of Jasaan falls under Barn Style Baroque with originally a tri-partite partition. It spans 150 ft long and 60 ft wide. The brick wall on all sides about 20 ft high and almost 4 ft thick.The portal area leads to two semi-arched openings to the choir loft area. Vertical articulation is rendered through the shallow piers which divide the areas into three. It is further squeezed to the narrow central portion of the facade. The church is flanked by square towers to a level above the apex of the pediment. Significant church portions includes the original brick paving, neo-Gothic retablo, and ceiling woodwork (reminiscent of basket weave).
The original facade of the church has been modified after a series of renovations. The original altar of the church has been moved backward to allow a larger area for the faithful inside the church building. The original sacristy has been moved to the side.
The church has two bell towers containing 4 bells in totality. The oldest of the four bells is dated 1807 while the largest is cast ""Nuestra Señora de la Inmaculada Concepcion de Jasaan Año 1854."" The old church bells of the Immaculate Conception Church of Jasaan (four of them, excluding the one that was transferred to San Agustin Cathedral at Cagayan de Oro) bore these inscriptions around its outer rim: ""Para El Pueblo de Jasaan 1860"".
Due to its cultural and historical value, the National Museum declared the Immaculate Conception Parish Church a National Cultural Treasure on July 31, 2001.",Mindanao,1,0,0,0,0,0,0,HIGH,Which of the following was declared a National Cultural Treasure by the National Museum in 2001 due to its artistic design and cultural values?,The site must have been declared a National Cultural Treasure by the National Museum in 2001.
TP00204,Parish Church of Saint John the Baptist of Jimenez,Parish Church of Saint John the Baptist of Jimenez,RELIGIOUS_BUILDING,Simbahan sa San Juan Bautista sa Jimenez; Iglesia Parroquial de San Juan Bautista; Jimenez Church; Simbahan ng San Juan Bautista ng Jimenez,Region X,Jimenez,Misamis Occidental,"National Cultural Treasure, National Museum; Registered Property, Municipality of Jimenez, Misamis Occidental","The church is predominantly Baroque in architecture with features reminiscent of the Renaissance style. The church façade, contrary to other Roman Catholic churches of the same era, is devoid of a pediment. It features a portico with three semicircular arched entrances lined on top with a parapet. The rectangular mass of the portico is crowned by three pedimented saints’ niches. Behind the façade is the nave wall with its simple, gabled roof and windows. To the left of the church stands the rectangular, three-tiered bell tower topped with finials, a domed roof and a lantern. The clock mechanism is still intact.",Mindanao,1,0,0,0,0,0,0,HIGH,Which of the following was constructed with a predominantly Baroque architectural style and features a bell tower topped with a domed roof and lantern?,The site must be a church that has a predominantly Baroque architectural style and includes a bell tower with a domed roof and lantern.
TP00205,Parish Church of San Salvador del Mundo of Caraga,Parish Church of San Salvador del Mundo of Caraga,RELIGIOUS_BUILDING,Simbahan sa Caraga; Caraga Church; Simbahan ng San Salvador del Mundo ng Caraga; Palatandaan ng Simbahan ng Caraga; Simbahan ng Caraga,Region XI,Caraga,Davao Oriental,"Important Cultural Property, National Museum; Marked Structure, NHCP","Marker Text:

Simbahan ng Caraga

Ipinatayo ni Padre Pablo Pastells, S.J. kaagapay si Padre Juan Terricabras, S.J. Yari sa kahoy, korales at bato, 1877. Natapos ang simbahan at naging parokya sa patronato ni San Juan Savador Del Mundo,1884. Nagsilbing sentro ng misyon ng mga Heswita sa pagtatag ng mga pueblo at pagpalaganap ng ebanghelyo sa silangang bahagi ng Mindanao noong panahon ng mga Espanyol. Ipinamahala sa mga pari ng Foreign Mission of Quebec, 1939; Maryknoll Missioners, 1961; Diyosesis ng Tagum,1978; at Diyosesis ng Mati, 1984.

Year Unveiled: 2012",Mindanao,0,0,0,1,0,0,0,HIGH,Which of the following was established in 1884 as a parish dedicated to a patron saint and served as a center for Jesuit missions in eastern Mindanao during the Spanish colonial period?,The site was established as a parish in 1884 and served as a center for Jesuit missions in eastern Mindanao.
TP00206,Archaeological Sites in Camiguin Island Sunken Cemetery,Archaeological Sites in Camiguin Island: Sunken Cemetery,MISC,Sunken Cemetery; Mga Pook Arkeolohiko sa Pulong Camiguin: Lumubog na Sementeryo; The Sunken Cemetery; Camiguin Archaeological Sites,Region X,Catarman,Camiguin,"National Cultural Treasure, National Museum","Land and underwater archaeological exploration and excavation conducted by the National Museum in Camiguin had revealed a number of old structures and site ruins that provide evidence of a concept of town planning during the early phase of colonial period in the Philippines. These heritage structures are the remains of a town that was destroyed by eruption of Mt. Vulcan on May 13, 1871. In this catastrophic event, the entire town of Bonbon in Catarman was wiped out, and caused the sinking of a parcel of land where a cemetery is located.

The Sunken Cemetery is a site of geological and zoological significance. The remains of the graveyard is now filled with corals and other marine invertebrates and the place is commemorated by a huge cross erected in 1982.

The Camiguin Archaeological Sites are significant cultural and historical assemblage of historic structures in Mindanao. The sites interpret major phases of early history of the region and represent the diverse cultures that have shaped the history of Camiguin and Northen Mindanao.

Declared as a National Cultural Treasure by virtue of National Museum Declaration No. 1-2017",Mindanao,1,0,0,0,0,0,0,HIGH,"Which of the following is a graveyard that sank during the eruption of Mt. Vulcan on May 13, 1871, and is now marked by a large cross erected in 1982?","The site must be the graveyard that sank during the May 13, 1871 eruption of Mt. Vulcan and is marked by a cross erected in 1982."
TP00207,Aloran Municipal Plaza,Aloran Municipal Plaza,CULTURAL_LANDSCAPE,Liwasang Bayan ng Aloran; Palatandaan ni Jose F. Ozamiz; Jose F. Ozamiz Marker,Region X,Aloran,Misamis Occidental,"Marked Structure, NHCP","Marker Text:

Jose F. Ozamiz
(1898–1944)

Isinilang sa Banisilon, Aloran, Misamis Occidental, 5 Mayo 1898. Nagtapos ng abogasya sa Unibersidad ng Pilipinas, 1921. Gobernador ng Misamis Occidental, 1929-1931; kinatawan sa Lehislatura ng Pilipinas, 1931-1935; Kombensyon Konstitusyonal, 1934-1935; Pambansang Asambleya, 1935-1938. Naihalal muli sa asambleya ngunit tumanggi sa posisyon upang umanib sa kilusang gerilya at hukbong Amerikano sa Australia noong Ikalawang Digmaang Pandaigdig. Dinakip ng mga Hapon at ipiniit sa Fort Santiago at Bilibid. Dinala sa Manila Chinese Cemetery kung saan siya at ang iba pang kasama ay pinugutan ng ulo at itinapon ang kanilang mga bangkay sa isang hukay lamang sa loob ng sementeryo, 30 Agosto 1944. Natagpuan ang mga labi, 1946. Inilipat ang mga labi at binigyan ng marangal na libing sa Cementerio del Norte sa Maynila, 9 Marso 1947.

Year Unveiled: 2014",Mindanao,0,0,0,0,0,0,0,LOW,Which of the following was the site where a prominent political figure was executed and later reinterred with honors in 1947?,The site is associated with the execution and reinterment of a political figure in 1947.
TP00208,Bangko Sentral ng Pilipinas Davao,Bangko Sentral ng Pilipinas,CIVIC_BUILDING,Bangko Sentral ng Pilipinas; BSP Davao; BSP,Region XI,Davao City,Highly Urbanized City,"Registered Property, Davao City",This building constructed in 1980 using molave wood for panelling and utilizing a Manobo-inspired motif as its design used to be the site of the Provincial Court and Jailhouse.,Mindanao,0,0,0,0,0,0,0,LOW,Which of the following was constructed in 1980 using molave wood for panelling and features a design inspired by the Manobo culture?,The building was constructed in 1980 using molave wood for panelling and features a design inspired by the Manobo culture.
TP00209,Bank of the Philippine Islands Zamboanga,Bank of the Philippine Islands Zamboanga,HISTORIC_BUILDING,BPI; Bangko ng Kapuluang Pilipinas Zamboanga; Bank of the Philippine Islands,Region IX,Zamboanga City,Highly Urbanized City,"Marked Structure, NHCP; Registered Property, Zamboanga City","Marker Text:

Bank of the Philippine Islands Zamboanga

Ang bahay na ito ay nagsilbing unang gusali ng sangay ng BPI sa Zamboanga, 1912, na dating pagmamay-ari ni Don Francisco Barrios. Naging opisyal na tahanan ni Hen. John Pershing, gobernador militar ng Lalawigan ng Moro, 1909–1913. Inilunsad ang ikalawang palapang bilang BPI Museum Zamboanga, 2012.

Year Unveiled: 2012",Mindanao,0,0,0,0,0,0,0,LOW,"Which of the following was the official residence of General John Pershing, the military governor of the Moro Province from 1909 to 1913, and later became a museum in 2012?",The site served as the official residence of General John Pershing and became a museum in 2012.
TP00210,Cagayan de Oro City Hall,Cagayan de Oro City Hall Grounds,CIVIC_BUILDING,Cagayan de Oro City Hall Grounds; Kinalalagyan ng Bulwagang Panlungsod ng Cagayan de Oro; Palatandaan ng Pagtataas ng Watawat ng Pilipinas sa Cagayan de Misamis (10 Enero 1899); Pagtataas ng Watawat ng Pilipinas sa Cagayan de Misamis (10 Enero 1899); Cagayan de Oro,Region X,Cagayan de Oro City,Highly Urbanized City,"Marked Structure, NHCP","Marker Text:

Pagtataas ng Watawat ng Pilipinas sa Cagayan de Misamis
10 Enero 1899

Itinaas ang watawat ng Pilipinas sa Casa Real ng Cagayan de Misamis (ngayo’y Cagayan de Oro) bilang sagisag ng pagkilala sa Pamahalaang Rebolusyonaryo, 10 Enero 1899. Tinawag ni Gobernador Jose Roa y Casas ng lalawigan ng Misamis ang pagdiriwang na yaon bilang “La Fiesta Nacional” sa kanyang liham kay Hen. Aguinaldo, 26 Enero 1899. Tanda ito ng masiglang pagdiriwang ng mamamayan sa kalayaan ng Pilipinas.

Date Unveiled: January 13, 2015",Mindanao,0,0,0,0,0,0,0,LOW,"Which of the following was the site where the Philippine flag was raised on January 10, 1899, as a symbol of recognition for the Revolutionary Government?","The site must be where the Philippine flag was raised on January 10, 1899."
TP00211,Casa Real (Dapitan),Casa Real (Dapitan),CIVIC_BUILDING,Casa Real; Ang Casa Real; Dapitan Rizal Shrine; Rizal Dapitan Shrine,Region IX,Dapitan City,Zamboanga Del Norte,"Marked Structure, NHCP","Marker Texts:

Ang Casa Real

Ito ang pook na kinatatayuan ng Casa Real, ang opisyal na tahanan at gusaling pampangasiwaan ng gobernador pulitiko-militar ng purok. Dito nanahanan si Jose Rizal bilang tapon mula noong 17 Hulyo 1892 hangang Marso 1893 nang ilipat siya sa Talisay, na ngayo’y Dapitan Rizal Shrine.
_____
Casa Real

This is the site of the Casa Real, official residence and administration building of the politico-military governor of the district. Here, Jose Rizal lived as an exile from July 17, 1892 to March, 1893 when he was transferred to Talisay, now the Rizal Dapitan Shrine.

Year Unveiled: 1989",Mindanao,0,0,0,0,0,0,0,LOW,"Which of the following was the official residence and administration building where Jose Rizal lived in exile from July 17, 1892, to March 1893?",The site served as the official residence and administration building for the politico-military governor of the district and was where Jose Rizal lived in exile during the specified dates.
TP00212,Davao City Hall,Davao City Hall,CIVIC_BUILDING,Balay Dakbayan sa Dabaw; Bulwagang Panlungsod ng Davao; gusaling munisipal ng Davao; City Hall building of Davao City,Region XI,Davao City,Highly Urbanized City,"Marked Structure, NHCP; Registered Property, Davao City","Marker Text:

Davao City Hall

Ipinatayo bilang gusaling munisipal ng Davao, 1926. Nilagdaan ni Pangulong Manuel L. Quezon ang Commonwealth Act No. 51 na bumuo sa Karta ng Lungsod ng Davao, 16 Oktubre 1936. Pinasinayaan ni Kalihim Elpidio Quirino ang Karta sa harapan ng gusali, 1 Marso 1937. Nasira nong panahon ng digmaan, 1945. Muling ipinatayo ayon sa orihinal na disenyo, 1947. Sentro ng pamahalaan sa pagtaguyod ng Davao bilang pangunahing lungsod sa silangang bahagi ng Mindanao noong panahon ng mga Amerikano.

Year Unveiled: 2012
_____
The City Hall building of Davao City constructed in 1926 as a municipal building was destroyed in 1945 during the Liberation Period. After the Liberation of Davao, the government authorities started restoration works and the building was fully completed in 1947. ",Mindanao,0,0,0,0,0,0,0,LOW,Which of the following was constructed in 1926 as a municipal building and was restored after being destroyed during World War II?,The site was constructed in 1926 as a municipal building and was restored after being destroyed during World War II.
TP00213,Dipolog City Hall,Dipolog City Hall,CIVIC_BUILDING,,Region IX,Dipolog City,Zamboanga del Norte,"Registered Property, City of Dipolog, Zamboanga del Norte","Rebuilt into a concrete edifice in 1950, this hall has an area of 1,576 square meters. It is patterned after that of the municipal hall of Maribojoc, Bohol and constructed with the technical advice of an Engineer-Architect Priest, curate of Dipolog, Rev. Fr. Francisco Garcia, S.J.

This hall plays an important role of the Dipolognons’ struggle for independence. The story goes that in 1834, Dipolog was organized into a civil government by the Spanish Provincial government of Misamis, under whose jurisdiction it then belonged, with the appointment of a ""Captain"" as town executive. Then on March 4, 1904, Dipolog was reverted into a barrio of Dapitan to the dismay of its residents. In 1912, the Governor of the then Department of Mindanao and Sulu, John J. Pershing, granted the petition seeking to reorganize Dipolog into a municipality again under the condition that a municipal building should be constructed within six (6) months, after which, an inauguration would be done. The town people immediately gathered their resources and completed the building in little more than three (3) months. At long last on July 1, 1913, Dipolog was inaugurated as a municipality with Hon. Pascual Martinez as its first Municipal Mayor appointed by Gen John J. Pershing, Governor General of Mindanao.",Mindanao,0,0,0,0,0,0,0,LOW,Which of the following was constructed in 1913 after the residents of a town gathered resources to meet a government condition for reorganization into a municipality?,The site was constructed in 1913 as a condition for reorganization into a municipality.
TP00214,Macabalan Wharf,Macabalan Wharf,MISC,Dungguan sa Macabalan; Pantalang Macabalan,Region X,Cagayan De Oro City,Highly Urbanized City,"Marked Structure, NHCP; Registered Property, Cagayan de Oro City","Marker Text:

Macabalan Wharf

Ipinatayo ng mga Espanyol sa Cagayan de Misamis ika-labinsiyam na siglo. Nagsilbing daungan ng mga sasakyang pandagat mula Maynila, Cebu, Maribojoc, Iloilo, at Romblon. Naging kutang tanggulan ng mga Cagayanon upang pigilan ang pagsakop ng mga Amerikano sa Cagayan de Misamis, Enero-Marso 1900. Nasakop ng mga Amerikano, 25 Abril 1900. Dito dumaong sina Hen. Douglas MacArthur at pamilya mula Corregidor, 13 Marso 1942, tumungo sa Del Monte Airfield, Bukidnon at lumipad patungong Australya, 17 Marso 1942.

Date Unveiled: March 13, 2008",Mindanao,0,0,0,0,0,0,0,LOW,Which of the following was a significant port used by Spanish ships in the 19th century and served as a stronghold for the Cagayanons during the American occupation in 1900?,The site was a port established by the Spanish in the 19th century and served as a stronghold during the American occupation in 1900.
TP00215,Plaza Divisoria,The Divisoria,CULTURAL_LANDSCAPE,The Divisoria; Plaza Divisoria; Ang Divisoria,Region X,Cagayan de Oro City,Highly Urbanized City,"Registered Property, Cagayan de Oro City",,Mindanao,0,0,0,0,0,0,0,LOW,,
TP00216,Plaza Pershing,Plaza Pershing,CULTURAL_LANDSCAPE,Liwasang Pershing; Plaza Pershing,Region IX,Zamboanga City,Highly Urbanized City,"Registered Property, Zamboanga City","Plaza Pershing is a valuable city heritage situated at the heart of the Central Business District. It was established during the expansion of the town under the Spanish regime and was named as “Plaza de Don Juan de Salcedo” (Navarro 1987) after the last known Spanish conquistador of the 16th century (Morga 2004).

Two years after the end of Pershing’s governorship in 1915 during the American period, the plaza was renamed to “Plaza Pershing”, as a historic reminder and gratitude of the people to his notable services to the City of Zamboanga (Navarro 1987). Fortunately, the structures were spared from destruction during World War II. The plaza’s former glory was then revived through the City Strategic Development program of 2011 where beautification, improvement and rehabilitation was initiated.",Mindanao,0,0,0,0,0,0,0,LOW,Which of the following was renamed in 1917 to honor a governor known for his notable services to the City of Zamboanga?,The site was renamed in 1917 to honor a governor known for his notable services to the City of Zamboanga.
TP00217,Sarangani Provincial Capitol,Sarangani Capitol Building,CIVIC_BUILDING,Sarangani Capitol Building,Region XII,Alabel,Sarangani,"Registered Property, Province of Sarangani","The Sarangani Capitol Building is the center for local governance of the Province of Sarangani, founded on May 19, 1992 as the 76th province of the Republic of the Philippines. This edifice, together with the gymnasium and cultural centre, sports complex and offices of the National Government Agencies constitutes the Sarangani Capitol Park which is dedicated to the people of Sarangani. This is for their pursuit of a just, humane and a peaceful society in the context of a productive and sustainable environment and a transparent government.",Mindanao,0,0,0,0,0,0,0,LOW,"Which of the following serves as the center for local governance of a province established on May 19, 1992, in the Philippines?","The site must be the center for local governance of the Province of Sarangani, founded on May 19, 1992."
TP00218,Zamboanga City Hall,Zamboanga City Hall,CIVIC_BUILDING,,Region IX,Zamboanga City,Highly Urbanized City,"National Historical Landmark; Registered Property, City of Zamboanga","The Zamboanga City Hall is the chief administrative building of the city and one of the oldest and most beautiful public buildings constructed in the Philippines during the American period.

It was declared a historical property by the National Historical Institute or NHI (now the NHCP) in 1969. The renovations sought the approval and guidance of the Commission on adherence to the Presidential Decree No. 1505. At present, the Local Government Unit of Zamboanga with the initiative of Mayor Maria Isabelle Climaco reevaluates the current status of the building for rehabilitation.",Mindanao,0,0,0,0,0,1,0,LOW,Which of the following was declared a historical property by the National Historical Institute in 1969 and serves as the chief administrative building of a city in the Philippines?,The site was declared a historical property by the National Historical Institute in 1969 and serves as the chief administrative building of a city in the Philippines.
TP00219,Datu Kalun Shrine,Datu Kalun's Shrine,MONUMENT,Dambana ni Datu Kalun; Datu Kalun's Shrine,BARMM,Lamitan City,Basilan,"Registered Property, City of Lamitan, Basilan",,Mindanao,0,0,0,0,0,0,0,LOW,,
TP00220,Mount Capistrano,Mount Capistrano,CULTURAL_LANDSCAPE,Mt. Capistrano,Region X,Malaybalay City,Bukidnon,"Registered Property, Province of Bukidnon","Mount Capistrano was made as the headquarters of a local hero, General Nicholas Capistrano during the Filipino-American War and was made as an evacuation area during the Japanese invasion.",Mindanao,0,0,0,0,0,0,0,LOW,Which of the following served as the headquarters for a local hero during the Filipino-American War and was used as an evacuation area during the Japanese invasion?,The site served as the headquarters for a local hero during the Filipino-American War and was used as an evacuation area during the Japanese invasion.
TP00221,Old Catarman Church Ruins,Old Catarman Church Ruins,MISC,Gui-ob Church; Mga Guho ng Lumang Simbahan; Bonbon Old Catarman Church; Bonbon Church,Region X,Catarman,Camiguin,"Registered Property, Province of Camiguin; Registered Property, Municipality of Catarman, Camiguin","Also known as Gui-ob Church, the Bonbon Old Catarman Church is is one of the oldest structures built during the Spanish time in the province of Camiguin. The belfry, adobe walls, and the convent are remnants of the devastating volcanic eruption of May 1, 1871, which wiped out the illustrious town of old Katadman (Catarman)- established earlier as a spanish pueblo settlement in 1679.
The ruins of Bonbon Church is a relic of Christianity in the island, which was introduced by the Spaniards. It was a representation of the strong faith of the early Camiguingons.",Mindanao,0,0,0,0,0,0,0,LOW,Which of the following was affected by a volcanic eruption in 1871 that led to the destruction of the town of old Katadman in Camiguin?,The site was affected by a volcanic eruption in 1871 that led to the destruction of the town of old Katadman.
TP00222,Parish Church of Saint James of Dapitan,Parish Church of Saint James of Dapitan,RELIGIOUS_BUILDING,Simbahan sa Santiago sa Dapitan; Dapitan Church; Simbahan ng Santiago ng Dapitan; Palatandaan ng Simbahan ng Santiago; Saint James Church Marker; Saint James Church,Region IX,Dapitan City,Zamboanga del Norte,"Marked Structure, NHCP","Marker Texts:

Sa pook na ito ng Simbahan ng San Jaime na ipinagawa ng mga Heswita noong 1871, tumayo si Jose Rizal tuwing Linngo upang makinig ng misa sa buong panahon ng kanyang pagkapatapon sa Dapitan, 1892–1896.
________
On this spot of Saint James Church constructed by the Jesuits in 1871, Jose Rizal stood while hearing mass every Sunday during his exile in Dapitan in 1892–1896.

Year Unveiled: 1989",Mindanao,0,0,0,0,0,0,0,LOW,Which of the following was the site where Jose Rizal attended mass every Sunday during his exile from 1892 to 1896?,The site must be where Jose Rizal attended mass during his exile from 1892 to 1896.
TP00223,Parish Church of San Nicolas of Mambajao,Parish Church of San Nicolas of Mambajao,RELIGIOUS_BUILDING,San Nicolas Church; San Nicolas Parish Church; Simbahan ng San Nicolas ng Mambajao; San Nicolas de Tolentino Parish; Parish Church of San Nicolas; San Nicolas de Tolentino,Region X,Mambajao,Camiguin,"Registered Property, Province of Camiguin","Mambajao was set up as a separate parish in 1855, taking as its patron St. Nicolas de Tolentino. The extent of the parish was from Tupsan to Agoho (Yumbing and Naasag were then part of Agoho).",Mindanao,0,0,0,0,0,0,0,LOW,Which of the following was established as a separate parish in 1855 and is dedicated to a patron saint known for his role in the spiritual guidance of the community?,The site was established as a separate parish in 1855 and is dedicated to a specific patron saint.
TP00224,Parish Church of the Immaculate Conception of Tamontaka,Parish Church of the Immaculate Conception of Tamontaka,RELIGIOUS_BUILDING,Tamontaka Church; Simbahan ng Kalinis-linisang Paglilihi ng Tamontaka; Palatandaan ng Simbhang Inmaculada Concepcion ng Tamontaka; Simbahang Inmaculada Concepcion ng Tamontaka Marker; Simbahan ng Inmaculada Concepcion ng Tamontaka,BARMM; Region XII,Cotabato City,Independent Component City,"National Historical Landmark, NHCP","Marker Text:

Simbahan ng Inmaculada Concepcion ng Tamontaka

Unang ipinatayo ng mga paring Heswita sa pampang ng panlahatan as ilog Tamontaka noong 1872 bilang bahagi ng misyong Tamontaka upang pangalagaan ang kapakanan ng mga kabataan at palaganapin ang ebanghelyo sa rehiyon ng Cotabato. Ipinatayo ang paaralan para sa mga kabataang lalaki sa pangangasiwa ng mga Heswita at paaralan para sa mga kabataang babae sa pangangalaga ng mga Beata ng San Ignacio (ngayo'y Religious of the Virgin Mary o RVM). Inilipat sa kasalukuyang kinatatayuan nito, 1879, at naging sentro ng misyong Heswita. Nilisan ng mga paring Heswita, 1899, at inilagay sa pangangalaga ng mga Heswita ng Zamboanga. Pinangasiwaan ng mga paring Oblates of Mary Immaculate at naging bahagi ng kanilang misyon sa Cotabato, 1939. Nasira ng lindol, 17 Agosto 1976. Muling itinayo, 1978. Nasunog, 11 Mayo 1994, at isinaayos nang taon ding iyon. Ipinahayag ang pook na Pambansang Palatandaang Makasaysayan, 19 Hulyo 2004.",Mindanao,0,0,0,0,0,1,0,LOW,Which of the following was established in 1872 as part of a mission to care for youth and promote the gospel in the Cotabato region?,The site was established in 1872 as part of a mission to care for youth and promote the gospel in the Cotabato region.
TP00226,Saint Augustine Metropolitan Cathedral and Garden,Saint Augustine Metropolitan Cathedral and Garden,RELIGIOUS_BUILDING,Saint Augustine Metropolitan Cathedral; Kalakhang Katedral at Hardin ng San Agustin,Region X,Cagayan De Oro City,Highly Urbanized City,"Registered Property, Cagayan de Oro City",,Mindanao,0,0,0,0,0,0,0,LOW,,
TP00227,San Pedro Cathedral,San Pedro Cathedral,RELIGIOUS_BUILDING,Katedral ng San Pedro; Davao Cathedral; San Pedro Cathedral,Region XI,Davao City,Highly Urbanized City,"Registered Property, Davao City","Considered to be one of the oldest churches in Mindanao, the San Pedro Cathedral was first built utilizing nipa and bamboo in 1848.  It was then rebuilt in wood in mid-1900s and remodeled in concrete in 1964.  The present design of the cathedral evokes the image of a fishing boat with the roofline inspired by the prow of a vinta gliding on water, carrying a cross at its helm. The old altar is preserved at the right wing of the cathedral.",Mindanao,0,0,0,0,0,0,0,LOW,Which of the following was first constructed using nipa and bamboo in 1848 and later remodeled in concrete in 1964?,The site was first built utilizing nipa and bamboo in 1848 and remodeled in concrete in 1964.
TP00228,Santa Isabel Cathedral,Santa Isabel Cathedral,RELIGIOUS_BUILDING,Sta. Isabel Cathedral,Region IX,Isabela City,Highly Urbanized City,"Registered Property, City of Isabela, Basilan","The Jesuit father Francisco Ceballos, SJ built a wooden chapel near the mouth of the Aguada River in 1862. Through the years, it developed into a church that proved resilient in the face of trials and tribulations. It transferred location until it settled as a Cathedral that stands tall today. While it is notable landmark of Basilan Province and of Isabela City, the Cathedral is, more importantly, a place that welcomes the faithful for reflection and discernments as well for community prayer.
 
 The Cathedral’s contemporary architectural style has an ‘isabeline silhoutte’ with an ultra-modernist belfry designed by Bro. Antonio Daufi, CMF. Engr. Ben Capao of Cebu is believed to have served as the Cathedral’s chief engineer.",Mindanao,0,0,0,0,0,0,0,LOW,Which of the following was established in 1862 by a Jesuit father near the mouth of the Aguada River and has evolved into a prominent Cathedral in Basilan Province?,The site was established in 1862 by a Jesuit father near the mouth of the Aguada River and has evolved into a prominent Cathedral in Basilan Province.
TP00229,Sheik Karimul Makhdum Mosque,Sheik Karimul Makhdum Mosque Historical Landmark,RELIGIOUS_BUILDING,Masjid Sheik Karimul Makhdum; Moske ng Sheik Karimul Makhdum; Sheik Makhdum Mosque Historical Landmark; Sheik Makhdum Mosque; kauna-unahang simbahang Muslim,BARMM,Simunul,Tawi-Tawi,"National Historical Landmark, NHCP","Sometime in 1376, seven Arabian scholars led by Sheik Karimol Makhdum arrived at Tubig-Indangan, Simunul, Tawi-tawi to preach the Islam religion to the natives. In the course of their preaching, a mosque was built here in Tubig-Indangan, Simunul, whose original four main posts of black ipil are preserved up to the present time. This mosque built by Sheik Makhdum is considered the oldest mosque in the Philippines.

Declared as National Historical Landmark by virtue of National Historical Institute Resolution No. 4, s. 1998.

Marker Text:

Sheik Makhdum Mosque

Sinasabi ng mga mananalaysay na ang Islam ay pinalakas sa Pilipinas ni Sheik Makhdum, isang misyonerong Arabe, unang lumunsad sa Tubig-Indangan, Simunul sa pulo ng Tawi-Tawi noong 1380. Dito niya ipinatayo ang kauna-unahang simbahang Muslim sa kapuluan ng Pilipinas na hangang sa kasalukuyan ay nakatayo bilang bahagi ng muling ipinagawang “Tahanan ni Allah.” Pinaniniwalaang ang orihinal na simbahan ay nagtagal ng humigit-kumulan sa 500 taon. Ang orihinal na haligi ay yari sa ipil at pinangangalagaan hanggang sa kasalukuyan.

Marker date: November 7, 1980",Mindanao,0,0,0,0,0,1,0,LOW,Which of the following was established in the late 14th century by an Arabian scholar to promote Islam among the natives in the Philippines?,The site was established in the late 14th century by an Arabian scholar to promote Islam among the natives in the Philippines.
TP00230,Talungsangay Mosque,Talungsangay Mosque,RELIGIOUS_BUILDING,Moske de Taluksangay; Moske ng Taluksangay; Taluksangay Mosque,Region IX,Zamboanga City,Highly Urbanized City,"Marked Structure, NHCP; Registered Property, Zamboanga City","Marker Text:

Taluksangay Mosque

Unang Mosque sa Peninsula ng Zamboanga na ipinatayo ni Hadji Abdullah Maas Nuno noong mga taong 1885. Ito ang unang sentrong Islam na kinilala ng ibang bansa tulad ng Turkey, Saudi Arabia, India, Malaysia, Indonesia at Borneo. Itinuturo dito ang mga tuntunin, kautusan at hurisprudensiya ng Islam na nagbunga ng mabilis na paglaganap ng Islam sa Peninsula ng Zamboanga, Basilan at kapuluan ng Sulu.

Year Unveiled: 1992
---
It was Hadji Abdullah Maas Nuño who initiated the construction of the Taluksangay Mosque in 1885. Barangay Taluksangay was the hub of the first Islamic proliferation in the city and located 19 kilometers east of Zamboanga City's center of commerce.

Over the past years, it has undergone expansions and renovations to protect and conserve the integrity of the structure. The beauty of the mosque is truly extraordinary. Its imposing brick-red minarets make it more appealing to passer-by and this beautiful structural masterpiece depicts its rich Islamic culture and also a witness of many historic events in the city. ",Mindanao,0,0,0,0,0,0,0,LOW,Which of the following was established in 1885 by Hadji Abdullah Maas Nuño as the first recognized Islamic center in the Zamboanga Peninsula?,The site was established in 1885 by Hadji Abdullah Maas Nuño as the first recognized Islamic center in the Zamboanga Peninsula.
TP00231,Bagbag Bridge,Bagbag Bridge,BRIDGE,Tulay ng Bagbag,Region III,Calumpit,Bulacan,"Registered Property, Province of Bulacan",Site of the first battle between Filipino and American soldiers during the retreat of Aguinaldo,Luzon,0,0,0,0,0,0,0,LOW,Which of the following was the site of the first conflict between Filipino and American forces during the retreat of a prominent leader?,The site was the location of the first battle between Filipino and American soldiers during a specific historical retreat.
TP00232,Mabini Bridge,Mabini Bridge,BRIDGE,Nagtahan Bridge; Tulay Mabini,NCR,Manila,Metro Manila,"Marked Structure, NHCP","Marker Text:

Inscription for Mabini Bridge

Ang tulay na ito, dating Nagtahan, pinanganlang Tulay Mabini ng Pangulong Ferdinand E. Marcos noong Hulyo 22, 1967 nang ipagdiwang ang ika-103 kaarawan ni Apolinario Mabini.",Metro Manila,0,0,0,0,0,0,0,LOW,"Which of the following was inaugurated on July 22, 1967, to commemorate the 103rd birthday of a prominent Filipino figure?","The site was inaugurated on July 22, 1967, to commemorate the 103rd birthday of a prominent Filipino figure."
TP00233,San Juan Bridge,Tulay ng San Juan,BRIDGE,San Juan River Bridge; San Juan del Monte Bridge; Tulay ng San Juan,NCR,San Juan City,Metro Manila,"Marked Structure, NHCP; Registered Property, City of San Juan","Marker Text:

Tulay ng San Juan

Sa tulay na ito noong 29 Enero 1899, nagtagpo sina Kol. Luciano San Miguel, Filipinong Komandante sa pook na iyon, at Col. John Stotsenburg, Commander, First Nebraska Volunteer Infantry, U.S. Army, upang ilatag ang hangganang sakop ng mga puwersang Filipino at Amerikano pagkaraang sumiklab ang digmaang Filipino-Amerikano sa panulukan ng Sociego at Silencio, Sta. Mesa, Maynila noong 4 Pebrero 1899. Naglabanan ang dalawang puwersa sa tulay na ito, 5 Pebrero 1899.

---
Naging daanan na ito ng mga tao at mga sasakyan na papasok at papalabas ng Lungsod ng San Juan sapagkat ang tulay na ito ang nagdurugtong sa naturang lungsod at sa Lungsod ng Maynila. Mayroong paniniwala na dito narinig ang unang putok ng baril mula sa mga dayuhang Amerikano, na pinabulaanan ng historyador na si Ambeth Ocampo.",Metro Manila,0,0,0,0,0,0,0,LOW,"Which of the following was the site of a significant meeting between Filipino and American commanders on January 29, 1899, during the Philippine-American War?","The site was the location of a meeting between Filipino and American commanders on January 29, 1899."
TP00234,Santa Cruz Bridge,Santa Cruz Bridge,BRIDGE,MacArthur Bridge; Tulay Santa Cruz,NCR,Manila,Metro Manila,"Registered Property, City of Manila","The Santa Cruz Bridge was renamed. It is now called MacArthur Bridge in memory of General Douglas MacArthur. It connects the districts of Ermita and Santa Cruz, Manila.",Metro Manila,0,0,0,0,0,0,0,LOW,Which of the following was renamed to honor a prominent general and connects the districts of Ermita and another area in Manila?,The site was renamed in memory of General Douglas MacArthur and connects Ermita with another district in Manila.
TP00235,Aniano Adasa House,Dr. Jose Rizal's Landing Site Monument,OLD_HOUSE,,Region IX,Dapitan City,Zamboanga del Norte,"Marked Structure, NHCP","Marker Texts:

Dito Lumunsad si Rizal

Sa dalampasigang ito ng Sta. Cruz, lumunsad si Jose Rizal noong ika-7 ng gabi, ika-17 ng Hulyo, 1892 upang simulan ang buhay-tapon sa Dapitan. Kasama ni Kapitan Delgras ang tatlong kawal ng artilyerya ay naglakad sina Rizal sa daang patungo sa Casa Real. Dito siya ipinakilala kay Don Ricardo Carnicero, ang Kastilang Gobernador Militar ng purok.

Year Unveiled: 1989
_____
Site Where Rizal Landed

On this beach of Sta. Cruz, Jose Rizal landed at 7:00 o’clock PM on July 17, 1892 to begin the life an exile in Dapitan. With Captain Delgras and three artillery men, they walked through Sta. Cruz street with a “Farol de Combate” to the Casa Real where he was presented to Don Ricardo Carnicero, Spanish military governor of the district.

Year Unveiled: 1989",Mindanao,0,0,0,0,0,0,0,LOW,"Which of the following stands at the site in Sta. Cruz, Dapitan, where Jose Rizal landed on July 17, 1892, to begin his exile?","The site stands at the place in Sta. Cruz, Dapitan, where Jose Rizal landed on July 17, 1892, to begin his exile."
TP00236,Macapagal-Macaraeg Heritage House,Macapagal-Macaraeg Heritage House,OLD_HOUSE,Balay Macapagal-Macaraeg; Pamanang Bahay ng Macapagal-Macaraeg; Macapagal-Macaraeg Ancestral House,Region X,Iligan City,Highly Urbanized City,"Heritage House, NHCP","The Macapagal-Macaraeg House was built in 1950 and served as the vacation house of President Diosdado Macapagal, his wife Eva Macaraeg, and children Gloria and Diosdado Jr. in Iligan City. The house exemplifies the architecture of the 1950s, not only reflecting the ingenuity and artistry of its builders but also a significant phase in the development of Philippine domestic architecture. The house and the land on which it stands have been donated to the City Government of Iligan and today serves as a museum for the Macapagal-Macaraeg family and as official guesthouse of the Iligan City Government.

Declared as Heritage House by virtue of National Historical Institute Resolution No. 10, s. 2002.

Marker Text:

Macapagal-Macaraeg Ancestral House

Declared a Heritage House by the National Historical Institute,
14 August 2002.

Marker date: 2002",Mindanao,0,0,0,0,0,0,1,LOW,Which of the following served as the vacation house for President Diosdado and his family in Iligan City and was declared a Heritage House in 2002?,The site must have served as the vacation house of President Diosdado and his family and been declared a Heritage House in 2002.
TP00237,Vega Ancestral House,Vega Ancestral House,OLD_HOUSE,Vega’s Ancestral House; Bahay Ansestral ng Vega,Region X,Balingasag,Misamis Oriental,"Registered Property, Province of Misamis Oriental","Vega’s Ancestral House
The Vega Ancestral House is one of the 1st Transition Bahay na Bato inspired houses that has been standing through times and witnessed the different colonial periods of the Philippines in its 200 (estimated) years of existence. Sculpted wooden atlases are perhaps the most interesting feature of this house located in Poblacion, Balingasag, Misamis Oriental. Sculpted wooden atlases or, also known as, ""Oti-ot"" in Visayan language, provides support to the second floor protrusion of the house. This house is one important built structure in the locality that tourists usually come to visit. In fact, notable personalities like Emilio Aguinaldo and Sergio Osmeña had visited this house.

History
In the 1800s, a young merchant from San Nicolas in Cebu by the name of Ignacio Juan Vega settled in Northern Mindanao at a small town, then named Galas, today Balingasag. It was through Vega that the Cebuano devotion to the Sto. Niño was introduced to the townsfolk of Balingasag. Aside from this cultural practice he imparted, he also left behind a heritage house that is considered these days as one of the important landmarks that can be found in Misamis Oriental.",Mindanao,0,0,0,0,0,0,0,LOW,Which of the following was built by a Cebuano merchant in the 1800s and has witnessed various colonial periods in the Philippines?,The site was built by a Cebuano merchant in the 1800s and has witnessed various colonial periods in the Philippines.
TP00238,Del Monte Airstrip,Del Monte Airstrip,MONUMENT,Paliparan ng Del Monte,Region X,Manolo Fortich,Bukidnon,"Local Cultural Property - Local Cultural Heritage, Manolo Fortich",,Mindanao,0,0,0,0,0,0,0,LOW,,
TP00239,Fuerte de la Concepcion y del Triunfo,Fuerte de la Concepcion y del Triunfo Historical Landmark,MILITARY_STRUCTURE,Kuta Ozamis; Palatandaang Pangkasaysayan ng Tanggulang Concepcion at ng Triunfo; The Fort,Region X,Ozamiz City,Misamis Occidental,"National Historical Landmark, NHCP","In 1756, Fr. Josep Ducos, S.J. and Fr. Juan Nepomuceno Paver, S.J. built in Misamis at the western entrance of Panguil Bay a stone fort known as Fuerte de la Concepcion y del Triunfo (the Fort) as defense against Moro raids. The Fort is stellar in plan with four bastions namely the Baluarte de San Fernando, Baluarte de San Josep, Baluarte de Santiago, and Baluarte de San Ignacio. A shrine to Our Lady of the Immaculate Conception, also known as Birhen sa Cotta, was built inside the Fort and to this day is the object of devotion and veneration by the people of Misamis. The Fort became the provincial headquarters of the Philippine Constabulary in Misamis during the American period and the barracks of the Japanese Imperial Forces during the Second World War.

The Fort has withstood the ravafes of time and uniquely stands intact to this day as one of the few surviving Spanish colonial fortresses in Mindanao and in the Philippines. Fuerte de la Concepcion y del Triundo is a living testimony to the artistry, craftsmanship, and ingenuity of its builders and resolute bravery of Filipinos of yesteryears.

Declared  as a National Historical Landmark by virtue of National Historical Institute Resolution No. 4, s. 2002.

Marker Text:

Fuerte de la Concepcion y del Triunfo

Ipinatayong yari sa korales sa hugis parihaba na may apat na balwarte: San Fernando, San Jose, Santiago, ast San Ignacio, 1765. Punong himpilan ng Konstabularya ng Pilipinas noong panahon ng mga Amerikano at mga Hapon. Giniba ng lindol, 1955. Dito idinambana ang Inmaculada Concepcion na kilala rin sa tawag na Santa Mariang Birhen, Virgen sa Cota, na pinagpipitagan at dinadayo ng mga deboto tuwing Hulyo 16. Isinaayos, 2002. Ipinahayag na Pambansang Panandang Pangkasaysayan, 13 Marso 2002.

Marker date: 2002",Mindanao,0,0,0,0,0,1,0,LOW,Which of the following was built in 1756 as a defense against Moro raids and features four bastions named after saints?,The site was built in 1756 as a defense against Moro raids and features four bastions named after saints.
TP00240,Mga Guho ng Tanggulan ng Marorong,Mga Guho ng Tanggulan ng Marorong,MILITARY_STRUCTURE,Mga Guho ng Tanggulan ng Marorong; munting pulo ng Marorong,Region XI,Sarangani,Davao Occidental,"Marked Structure, NHCP","Marker Text:

Mga Guho ng Tanggulan ng Marorong

Ang mga guhong ito ay bahagi ng himpilan ng Destacamento de Balut, isang pangkat ng hukbong Espanyol, sa munting pulo ng Marorong, ngayo'y sakop ng Sarangani, Davao Occidental. Itinayo ang istruktura nang itatag ang Comandancia Politico-Militar de Sarangani upang bantayan ang Dagat Sulawesi mula sa pananalakay ng mga mandirigmang Muslim, 1884. Dito inilipat ang ilan sa mga sundalong Espanyol na nakahimpil sa Kapuluang Marianas. Nilisan ng hukbong Espanyol, Enero 1899.

Date: June 22, 2022",Mindanao,0,0,0,0,0,0,0,LOW,Which of the following was established in 1884 to monitor the Sulawesi Sea against attacks and served as a military outpost for Spanish forces?,The site was established in 1884 as a military outpost to monitor the Sulawesi Sea against attacks.
TP00241,Mga Guho ng Kuta ng Tukuran,Mga Guho ng Kuta ng Tukuran,MILITARY_STRUCTURE,Tukuran Fort; Mga Guho ng Tanggulang Tukuran; Kuta ng Tukuran,Region IX,Tukuran,Zamboanga del Sur,"Marked Structure, NHCP","Marker Text:

Mga Guho ng Kuta ng Tukuran

Kinatatayuan ng pamayanan ni Sultan Untung na nakubkob ng puwersang Espanyol, 1887. Tinayuan ng Kuta ng Alfonso XIII, 1890; natapos, 1891. Pook ng rebelyon laban sa Espanya, Setyembre 1896 at Oktubre 1898, at pook-pinagbitayan sa mga rebeldeng sundalong Pilipino sa Mindanao, Enero 1897. Tinayuan ng pamayanang Muslim matapos iwan ng mga Espanyol, 1899. Naging garison ng hukbong Amerikano, 1900-1912, at ng Philippine Constabulary, 1902-1903. Sentro ng Tukuran-Lintogup Telephone Line ng U.S. SIGNAL Corps, ang pangunahing linya ng komunikasyon sa Mindanao, 1 Enero 1901. Himpilan ng distritong militar, 1912-1918, at distritong munisipal ng Tukuran, 1918-1921. Tuluyang inabandona dulot ng patuloy na pagsalakay ng mga Moro, 1921. Naging Barangay Militar, Tukuran, Zamboanga del Sur.",Mindanao,0,0,0,0,0,0,0,LOW,Which of the following was the site of a rebellion against Spanish forces in September 1896 and served as a military garrison from 1900 to 1912?,The site was involved in a rebellion against Spanish forces in September 1896 and served as a military garrison from 1900 to 1912.
TP00242,Ysalina Bridge,Ysalina Bridge,BRIDGE,Tulay Ysalina,Region X,Cagayan de Oro City,Highly Urbanized City,"Registered Property, Cagayan de Oro City",,Mindanao,0,0,0,0,0,0,0,LOW,,
TP00243,Governor Generoso Bridge,Governor Generoso Bridge,BRIDGE,Tulay ng Governor Generoso,Region XI,Davao City,Highly Urbanized City,"Registered Property, Davao City","Gov. Sebastian T. Generoso initiated the construction of this bridge during his incumbency in 1930.  Also known as the Bankerohan Bridge, it was then made of metal and was blown-up to delay the advancement of the Japanese forces in 1941. In 1951, a new concrete bridge was constructed and after 56 years in 2007, it underwent another re-construction due to the damage brought about by time and was inaugurated in June 2008.",Mindanao,0,0,0,0,0,0,0,LOW,Which of the following was constructed in 1930 and underwent significant reconstruction in 2007 due to damage over time?,The site was constructed in 1930 and underwent significant reconstruction in 2007.
TP00244,Koronadal Roundball,Koronadal Roundball,CULTURAL_LANDSCAPE,Roundball; Koronadal Roundball,Region XII,Koronadal City,South Cotabato,"Registered Property, City of Koronadal, South Cotabato","The Koronadal Roundball is a roundabout in the City of Koronadal. It is located at the intersection of Alunan Avenue and General Santos Drive. It may also refer to the monument of General Paulino Santos situated on its central island.

The roundabout was built between the year 60s and 70s.The then Municipal Government of Marbel built the roundball in honor of General Paulino Santos, who displayed extraordinary courage and leadership when he established six settlements in South Cotabato namely: Koronadal, Banga, Tupi, Tampakan, Polomolok and Buayan during the time of Pres. Manuel L. Quezon. ",Mindanao,0,0,0,0,0,0,0,LOW,Which of the following was constructed in the 1960s and 1970s to honor a military leader who established several settlements in South Cotabato?,The site was constructed in the 1960s and 1970s to honor General Paulino Santos.
TP00245,Aliwagwag Falls,Aliwagwag Falls,CULTURAL_LANDSCAPE,Aliwagwag Falls; Aliwagwag Protected Landscape,Region XI,Cateel,Davao Oriental,"Registered Property, Municipality of Cateel, Davao Oriental","The falls is situated at the boundary of Barangays Aliwagwag and Maglahus. Aliwagwag Falls is part of the Aliwagwag Protected Landscape (APL), housing a large biodiversity of flora and fauna with a total area of ten thousand four hundred ninety-one (10,491) hectares of core zone and four hundred twenty (420.06) hectares of buffer zone. Aliwagwag Protected Landscape is now classified as a National Park and is included in the 94 newly legislated protected areas in the Philippines by Presidential Proclamation 139 s. 2011.",Mindanao,0,0,0,0,0,0,0,LOW,,
TP00246,Kaamulan Park,Kaamulan Park,CULTURAL_LANDSCAPE,Capitol Grounds / Kaamulan Grounds; Capitol Grounds; Kaamulan Grounds,Region X,Malaybalay City,Bukidnon,"Registered Property, Province of Bukidnon; Eco-Cultural Tourist Destination Site (Provincial Ordinance No. 2016-07R (13th SP))","The Kaamulan Park was formerly known as the Provincial Capitol Grounds Park. It was renamed into Kaamulan Park to conform to the world renowned Kaamulan Festival that is being held and celebrated yearly within the grounds of the park. It is also the venue of the annual Foundation Day Celebration of the province and its historic centennial anniversary which was celebrated last September 1, 2014. 

Since its conversion into a park some time in 2012, the area has undergone massive beautification interventions so much so, that the park is now transformed into a tourist destination site. The area of the park has also been expanded through an amendatory ordinance to include the areas fronting the Boy Scout, Girl Scout buildings, Hall of Justice, and the areas within the Kaamulan Open Theater which was known in the 1970’s as the Pines View Park.",Mindanao,0,0,0,0,0,0,0,LOW,Which of the following was renamed to align with a famous annual festival celebrated within its grounds?,The site was renamed to conform to the world-renowned Kaamulan Festival celebrated yearly within its grounds.
TP00247,Pasonanca Park,Pasonanca Park,CULTURAL_LANDSCAPE,Liwasang Pasonanca,Region IX,Zamboanga City,Highly Urbanized City,"Registered Property, Zamboanga City","Sometime in 1912, the park was developed under the governorship of John Joseph Pershing. He conceptualized and initiated the creation of the beautiful park with a public pool supplied by fresh water naturally sourced from the high mountains. The parksman who prepared the original layout of the beautiful park was Mr. Thomas Hanley.

Later years, new facilities were built including the Aviary, Tree House, Boy Scouts Camp, Amphitheatre, Water Tower, the old Zamboanga Convention Center, and the Camp Felicisimo T. Marcos. And recently, new and modern facilities were added. The Jardin Maria Clara Lobregat Complex which was inaugurated in 2009 and is situated within the park includes the Butterfly Garden, Science Park, and the El Museo de Zamboanga.",Mindanao,0,0,0,0,0,0,0,LOW,Which of the following was developed in 1912 under the governance of John Joseph Pershing and features a public pool supplied by fresh mountain water?,The site was developed in 1912 under the governance of John Joseph Pershing and features a public pool supplied by fresh mountain water.
TP00248,Pearl Farm Resort,Pearl Farm Resort,CULTURAL_LANDSCAPE,Resort ng Pearl Farm,Region XI,Samal Island,Davao del Norte,Work of National Artist for Architecture Francisco T. Mañosa,Completed in 1994.,Mindanao,0,0,0,0,1,0,0,LOW,,
TP00249,Gaston Park,Gaston Park,CULTURAL_LANDSCAPE,Liwasang Gaston; Palatandaan ng Labanan sa Cagayan de Misamis; Labanan sa Cagayan de Misamis Marker; Labanan sa Cagayan de Misamis,Region X,Cagayan de Oro City,Highly Urbanized City,"Marked Structure, NHCP; Registered Property, Cagayan de Oro City","Marker Text:

Labanan sa Cagayan de Misamis

Bago magbukang-liwayway noong Abril 7, 1900, ang lakas panghimagsikan ng batalyong Mindanao sa pamumuno ni Heneral Nicolas Capistrano ay nagsagawa ng isang biglaang pagsalakay sa ika-40 rehimiyento na binubuo ng mga boluntaryo ng Estados Unidos sa pamumuno ni Medyor James Case. Sa pagtatanggol sa kanilang minamahal na bansa. Ilang daang magigiting na Pilipinong manghihimagsik ang namatay sa labanang ito.
Ang panandang pangkasaysayang ito ay buong pusong iniaalay ng sambayanang Pilipino sa magigiting na tagapagtanggol ng kalayaan ng Cagayan de Misamis sa paggunita sa ikasandaang taon ng makasaysayang labanang ito.

Date Unveiled: April 7, 2000",Mindanao,0,0,0,0,0,0,0,LOW,"Which of the following commemorates a significant battle that took place on April 7, 1900, involving Filipino revolutionaries and American volunteers?","The site commemorates a battle that occurred on April 7, 1900."
TP00250,Magsaysay Park,Magsaysay Park and Monument,CULTURAL_LANDSCAPE,Magsaysay Park and Monument; Ang Liwasan at Bantayog ni Magsaysay; Magsaysay Park,Region XI,Davao City,Highly Urbanized City,"Registered Property, Davao City","Built in honor of President Ramon Magsaysay, this park features several amenities such as an amphitheatre, children’s playground, a chapel, a skating rink, among others.  In the middle of the park is a 25 meter long tri-pillar obelisk-like concrete tower that contains the life-size statue of President Magsaysay which serves as the main marker of the park.  Also found inside are several offices of the City Government of Davao like the City Tourism Operations Office and the Davao City Investment and Promotions Center, as well as National Government Agencies such as the COMELEC and the Philippine Tourism Authority.  Park-goers could also see a breath-taking view of the Davao Gulf and the Island Garden City of Samal.  ",Mindanao,0,0,0,0,0,0,0,LOW,Which of the following was established to honor a former Philippine president and features a prominent obelisk-like structure with a life-size statue of him?,The site was established to honor President Ramon Magsaysay and features a significant obelisk-like structure with his statue.
TP00251,Pedro C. Dolores Elementary School,Pedro C. Dolores Elementary School,INSTITUTIONAL_BUILDING,Pedro C. Dolores Elementary School,BARMM,Upi,Maguindanao,"Registered Property, Municipality of Upi, Maguindanao","Pedro C. Dolores Elementary School, one of the leading institution in Upi North District is located near the mountain called ""Tudok Mamot"" , a Teduray term which means Mountain of Fragrance. Its operation began in 1946, when the school was first known as Matuber Settlement School. It was later renamed as Nangi Elementary School before being renamed Pedro C. Dolores Elementary School under House Bill No. 8482 in 1962 in honor of the area's donor, Mr. Pedro C. Dolores. He was a pioneer teacher who donated the total land area of 1.6933 hectares for the school.",Mindanao,0,0,0,0,0,0,0,LOW,Which of the following was established in 1946 and later renamed in 1962 in honor of a local donor who contributed land for its operation?,The site was established in 1946 and renamed in 1962 in honor of a local donor who contributed land.
TP00252,Western Mindanao State University,Normal School Building (Western Mindanao State University),INSTITUTIONAL_BUILDING,Gusali ng Paaralang Normal (Pamantasang Bayan ng Kanlurang Mindanao); Gusali ng Zamboanga Normal School Marker; Gusali ng Zamboanga Normal School; Zamboanga Normal College,Region IX,Zamboanga City,Highly Urbanized City,"Historical Marker, NHCP; Registered Property, Zamboanga City","Marker Text:

Gusali ng Zamboanga Normal School

Iipinatayo ng Bureau of Public Works and Highways ang gusaling Gabaldon na yari sa konkreto at yakal batay sa disenyo ni Juan Arellano, 1922. Isa sa mga unang gusali ng Paaralang Normal sa labas ng Maynila; at unang gusali ng Paaralang Normal na itinatag sa Mindanao. Nagsilbing pangunahing institusyong akademiko sa Zamboanga; naging bahagi ng Zamboanga Normal College sa bisa ng Batas Republika bilang 3272, 1961. Itinalaga bilang Zamboanga State College sa bisa ng Batas Republika Bilang 5492, 1969; at naging Pampamahalaang Unibersidad ng Kanlurang Mindanao sa bisa ng Kautusan 1427, 1978.

Marker Date: 30 April 2024",Mindanao,0,0,0,0,0,0,0,LOW,Which of the following was established in 1922 as one of the first normal school buildings outside of Manila and later became a significant academic institution in Zamboanga?,The site was established in 1922 as a normal school building outside of Manila and became a significant academic institution in Zamboanga.
TP00253,Central Mindanao University,Central Mindanao University,INSTITUTIONAL_BUILDING,CMU,Region X,Maramag,Bukidnon,"Registered Property, Municipality of Maramag, Bukidnon","The CMU is a state owned university known for its continuing instruction, research, and extension in the pursuit of truth, excellence, and relevance covering a total land area of 3,080.60 hectares allocating 1,106.40 hectares for livestock and pasture, 416 hectares for upland crops, 462 hectares for campus and residential site, 400 hectares for irrigated rice, 308 hectares for watershed/forest plantation, 154 hectares for fruit and tree crops, and 123.20 hectares for agricultural experimental areas.",Mindanao,0,0,0,0,0,0,0,LOW,"Which of the following is a state-owned university that covers a total land area of 3,080.60 hectares, including designated areas for livestock, crops, and agricultural experiments?","The site is a state-owned university with a total land area of 3,080.60 hectares."
TP00255,Liberation Institute,Liberation Institute,INSTITUTIONAL_BUILDING,Neri-Roa House; Surian ng Kalayaan,Region X,Calamba,Misamis Occidental,Local Cultural Property - Heritage Resources Within the Cultural Heritage Tourism Zone (per Resolution No. 86-s.2013),,Mindanao,0,0,0,0,0,0,0,LOW,,
TP00256,Old Rizal Memorial District Hospital,Old Rizal Memorial District Hospital,HISTORIC_BUILDING,Local and National Government Offices; Rizal Memorial Hospital,Region IX,Dapitan City,Zamboanga del Norte,"Registered Property, City of Dapitan, Zamboanga del Norte","The Rizal Memorial District Hospital’s cornerstone was laid by the American colonial authorities on December 30, 1916, on the 20th anniversary of the martyrdom of the national hero. 

The Rizal Memorial Hospital was only one of two hospitals in Zamboanga del Norte, which did not only cater to the medical needs of the residents of Dapitan, but also those from other towns, including those coming from Dipolog City. The hospital serviced the people from this site for 75 years, when in 1991, it was decided to transfer it to its new site in Barangay Dawo.

As a hospital, the building used to have wards, but due to several renovations what used to be wards for patients are now occupied by various local and national government offices.",Mindanao,0,0,0,0,0,0,0,LOW,"Which of the following was established on December 30, 1916, to commemorate the martyrdom of a national hero and served the medical needs of residents in Dapitan for 75 years?","The site was established on December 30, 1916, to commemorate the martyrdom of a national hero and served the medical needs of residents in Dapitan for 75 years."
TP00257,Prosperity Archway (Davao Chinatown),Prosperity Archway (Davao Chinatown),MISC,Arko ng Kasaganahan (Davao Chinatown),Region XI,Davao City,Highly Urbanized City,"Registered Property, Davao City","Inaugurated and turned-over to the City Government of Davao by the Davao Kaisa Foundation on February 8, 2013.",Mindanao,0,0,0,0,0,0,0,LOW,,
TP00258,Pook na Pinaglibingan ng Labimpitong Pilipinong Martir sa Koronadal,Pook na Pinaglibingan ng Labimpitong Pilipinong Martir sa Koronadal,MONUMENT,Lugar nga Ginlubungan sang Isa ka pulo kag pito nga Martir nga Pilipino sa South Koronadal; Pook na Pinaglibingan ng Labimpitong Pilipinong Martir sa Koronadal; Pook na Pinaglibingan ng Labimpitong Pilipinong Martir; Pook na Pinaglibingan ng Labimpitong Martir,Region XII,Koronadal City,South Cotabato,"Marked Structure, NHCP","Marker Text:

Pook na Pinaglibingan ng Labimpitong Pilipinong Martir sa Koronadal

Sinalakay ng mga sundalo ng USAFFE, 24 Nobyembre 1942, na pinamumunuan ni Lt. Alfredo Garingo, ang mga Hapong nakahimpil sa kamalig ng National Land Settlement Administration. Nasawi ang isa sa mga sundalong Hapon at bilang paghihiganti, pinaslang ng mga Hapon ang mga Pilipino. Dito sila inilibing, 1942.

Year Unveiled: 2013",Mindanao,0,0,0,0,0,0,0,LOW,"Which of the following is the burial place of Filipinos killed by Japanese forces in reprisal for a USAFFE attack on November 24, 1942?","The site must be the burial place of the Filipinos killed by Japanese forces in reprisal for the USAFFE attack of November 24, 1942."
TP00259,Ohta Kyozaburo Monument,Ohta Kyozaburo Monument,MONUMENT,Ohta Kyozaburo Monument; Bantayog ni Ohta Kyozaburo; Palatandaan ni Ohta Kyozaburo (1876-1917); Ohta Kyozaburo (1876-1917) Marker; Ohta Kyozaburo,Region XI,Davao City,Highly Urbanized City,"Marked Structure, NHCP; Registered Property, Davao City","Built in 1926 in honor of Kyozaburo Ohta, who established an abaca industry through the Ohta Development Company in the early 1900s
---
Marker Text:

Ohta Kyozaburo
(1876-1917)

Ipinanganak sa Hyogo, Japan, Pebrero 1876. Nagtatag, Ohta Development Company, ang unang taniman ng abaka ng mga Hapon sa Pilipinas, 3 Mayo 1907. Nagtatag ng iba pang mga kumpanya tulad ng  Mintal Plantation Company, Riverside Plantation Company, Talomo River Plantation Company at Guianga Plantation Company. Tumlong sa paglago ng negosyong Hapones sa Davao. Namatay sa Kyoto, Japan, 31 Oktubre 1917.",Mindanao,0,0,0,0,0,0,0,LOW,Which of the following was established in 1926 to honor an individual who played a significant role in developing the abaca industry in the Philippines?,The site was established in 1926 in honor of a person who contributed to the abaca industry in the Philippines.
TP00260,Sultan Dipatuan Kudarat Monument,Sultan Dipatuan Kudarat Monument,MONUMENT,Bantayog ni Sultan Dipatuan Kudarat; Palatandaan ni Sultan Dipatuan Kudarat c. 1590-1671; Sultan Dipatuan Kudarat c. 1590-1671 Marker,BARMM; Region XII,Cotabato City,Independent Component City,"Marked Structure, NHCP","Marker Text:

Sultan Dipatuan Kudarat
c. 1590–1671

Ikapitong Sultan ng Maguindanao. Kilala sa mga tala ng Espanyol bilang Corralat. Namuno mula 1619 hanggang 1671. Pinagbuklod ang mga pinunong Muslim at nakipagkaisa sa Sultanato ng Sulu. Lumaban sa mga Espanyol, 1635–1645. Naging tanging pinuno ng malawak na bahagi ng Mindanao kabilang ang Davao, Cotabato at Zamboanga. Nilagdaan ang kasunduang pangkapayapaan na nagbunga ng ilang taong katiwasayan sa Mindanao, 1645. Kinilala na walang takot na tagapagtanggol ng pananampalatayang Islam at umuusbong na kalayaan ng Pilipinas. Namatay, 1671.

Date Unveiled: December 19, 2004",Mindanao,0,0,0,0,0,0,0,LOW,"Which of the following was a significant leader in Mindanao from 1619 to 1671, known for uniting Muslim leaders and resisting Spanish colonization?",The candidate must be a site that commemorates a leader in Mindanao who was active from 1619 to 1671 and known for uniting Muslim leaders against the Spanish.
TP00261,General Paulino Santos Monument,General Paulino Santos Monument,MONUMENT,Bantayog ni Heneral Paulino Santos; Palatandaan ni Hen. Paulino Santos (1890-1945); Hen. Paulino Santos (1890-1945) Marker,Region XII,General Santos City,Highly Urbanized City,"Marked Structure, NHCP","Marker Text:

Hen. Paulino Santos
(1890–1945)

Isinilang sa Camiling, Tarlac, noong Hunyo 22, 1890 kina Remigio Santos at Rosa Torres. Nagtapos bilang balidiktoryan sa Akademya Militar ng Pilipinas noong 1914. Itinalaga bilang pangatlong tenyente ng Konstabularya ng Pilipinas.
Bilang komandanteng panlalawigan at gobernador, napaunlad niya ang edukasyon, agrikultura at komunikasyon sa Lanao.
Naging Direktor ng mga Bilangguan; Nagtatag ng Davao Penal Colony at nagsagawa ng madaliang paglilipat ng New Bilibid Prison sa Muntinlupa.
Naging unang puno ng Estado Mayor ng Hukbong Pilipino. Patnugot ng National Land Settlement Adminsitration. Sa kanyang masigasig at mabisang panunungkulan, anim na pamayanan ang itinatag sa South Cotabato.
Namatay sa Kiangan, Mt. Province noong Agosto 29, 1945. Bilang parangal sa kanya, ang bayan ng Buayan (dati’y Dadiangas) at pinangalanang Heneral Santos na pagkaraan ay ginawang lungsod.

Year Unveiled: 1981",Mindanao,0,0,0,0,0,0,0,LOW,Which of the following was named in honor of a military leader who significantly contributed to the development of education and agriculture in Lanao and was established in 1981?,The site was named in honor of a military leader who contributed to the development of education and agriculture in Lanao and was established in 1981.
TP00262,Site Where Rizal Left for Manila,Site Where Rizal Left for Manila,MISC,Pook Kung Saan Lumisan si Rizal Patungong Maynila; Palatandaan ni  Dr. Jose Rizal (1861-1896); Dr. Jose Rizal (1861-1896) Marker,Region IX,Dapitan City,Zamboanga del Norte,"Marked Structure, NHCP","Marker Text:

Dr. Jose Rizal
(1861–1896)

Sa dalampasigang ito noong dapithapon ng Hulyo 31, 1896, ang pambansang bayani ng Pilipinas at dangal ng lahing Malayo ay umalis patungong Maynila kasama ang kanyang pamilya at mga kaibigan, na nagbigay wakas sa mahigit na apat na mabungang taon ng pagkakatapon niya sa Dapitan.

Year Unveiled: 1998",Mindanao,0,0,0,0,0,0,0,LOW,"Which of the following was the site from which the national hero of the Philippines departed with his family and friends on July 31, 1896, ending more than four years of exile?","The site is where the national hero departed on July 31, 1896, ending more than four years of exile."
TP00263,Monument of Peace and Unity,Peace Monument,MONUMENT,Bantayog ng Kapayapaan,Region XI,Davao City,Highly Urbanized City,"Registered Property, Davao City","This monument was unveiled by Mayor Rodrigo R. Duterte and Armed Forces Chief-of-Staff General Emmanuel Bautista on June 12, 2014, during the celebration of the country’s 116th Independence Day.  The monument displays the names of the soldiers, civilians, and communist rebels who died during the clashes between the government troops and rebels in the district. ",Mindanao,0,0,0,0,0,0,0,LOW,"Which of the following was unveiled on June 12, 2014, during the celebration of the Philippines' 116th Independence Day by Mayor Rodrigo R. Duterte?","The site was unveiled on June 12, 2014, during the celebration of the Philippines' 116th Independence Day."
TP00264,Unity Archway (Davao Chinatown),Unity Archway (Davao Chinatown),MISC,Arch of Properity; Arko ng Pagkakaisa (Davao Chinatown); Davao Chinatown; Unity Archway,Region XI,Davao City,Highly Urbanized City,"Registered Property, Davao City",Inaugurated and turned-over to the City Gov’t. of Davao by the Davao Kaisa Foundation on January 2009. This was the former site of the Victory Monument.,Mindanao,0,0,0,0,0,0,0,LOW,Which of the following was inaugurated in January 2009 and is located at the former site of the Victory Monument?,The site was inaugurated in January 2009 and is located at the former site of the Victory Monument.
TP00265,Silay Old Seaport Ruins,Silay Old Seaport Ruins,MISC,Guho ng Lumang Daungan ng Silay,Region VI,Silay City,Negros Occidental,"Registered Property, Province of Negros Occidental","It was built and completed in 1933. Designed by Lucio Bernasconi an Italian architect who is also responsible of tha San Diego Pro-Cathedral of Silay City. Consider to be the 1st operational seaport in Negros, Occidental and was one of the longest wharf in Asia at that time. It is approximately 1.7 km. This abandoned wharf was used by the province of Negros for transport and commodities trading. During the Japanese occupation it was struck by a bomb and until today we can only see its remnants.
 
 Now, the ruins of the old port is part of the historical landmarks that fascinates everyone who sees it. I dont know if the city have any plans to develop the area. Many photographers and enthusiast drop by and took picture of ruins everytime they visit Silay. Silay was one of the featured City in Asia Travel Mag in the past years.
 
 Source: https://philippineadvisor.blogspot.com/2013/08/the-old-port-of-silay-city.html",Visayas,0,0,0,0,0,0,0,LOW,"Which of the following was completed in 1933 and served as a significant transportation hub for Negros, Occidental, before being bombed during the Japanese occupation?","The site was completed in 1933 and served as a transportation hub for Negros, Occidental before being bombed during the Japanese occupation."
TP00266,URC La Carlota,Central Azucarera de la Carlota,HISTORIC_BUILDING,Central Azucarera de la Carlota,Region VI,La Carlota City,Negros Occidental,"Marked Structure, NHCP","The Central Azucarera de La Carlota, considered as the biggest sugar mill tandem in Asia, was constructed by the Elizalde family in 1918.",Visayas,0,0,0,0,0,0,0,LOW,Which of the following was constructed in 1918 and is recognized as the largest sugar mill tandem in Asia?,The site was built in 1918 and is the largest sugar mill tandem in Asia.
TP00267,Capul Lighthouse,Capul Lighthouse Historical Landmark,HISTORIC_BUILDING,Parola han Capul; Palatandaang Pangkasaysayan ng Parola ng Capul; Palatandaan ng Parola ng Capul; Parola ng Capul Marker; Parola ng Capul,Region VIII,Capul,Northern Samar,"National Historical Landmark, NHCP; Historical Marker, NHCP; Registered Property, Province of Northern Samar","The Capul Lighthouse has attained significance in the Philippine maritime history for guiding vessels passing the San Bernardino Strait since the Spanish period until the present. The Capul Lighthouse with a cylindrical shape and interior metal staircase was designed by Guillermo Brockman in 1892, who also designed the Punta de Malabrigo Lighthouse in Lobo, Batangas. The Capul Lighthouse was built under the supervision of Francisco Perez Munos in 1893. The Capul Lighthouse is an outstanding work of architecture of the Spanish period that deserves to be recognized and preserved.

Declared as a National Historical Landmark by virtue of National Historical Commission of the Philippines Resolution No. 12, s. 2013.

Marker Text:

Parola ng Capul

Idinesenyo ni Guillermo Brockman ang parolang pabilog na may pabelyon at makinarya, 1892. Ipinatayo sa pangangasiwa ni Francisco Perez Muñoz, 1893. Natapos ang parola, 1896 at ang pabelyon noong panahon ng mga Amerikano. Giya ng mga sasakyang pandagat sa kipot ng San Bernardino. Ipinahayag bilang Pambansang Palatandaang Pangkasaysayan sa bisa ng Resolusyon Blg. 12 ng Pambansang Komisyong Pangkasaysayan ng Pilipinas, 9 Setyembre 2013.

Marker date: 24 October 2018
",Visayas,0,0,0,0,0,1,0,LOW,Which of the following was built in 1893 to guide vessels through the San Bernardino Strait and was designed by Guillermo Brockman?,The site was built in 1893 to guide vessels through the San Bernardino Strait.
TP00268,Ishiwata Bath House,Ishiwata Bath House,HISTORIC_BUILDING,Palaligoan sang Ishiwata; Paliguan ng Ishiwata; Ishiwata Bath House,Region VI,Murcia,Negros Occidental,"Marked Structure, NHCP","Marker Text:

Ishiwata Bath House

Itinayo bilang bahagi ng Mambukal Resort na may disenyong neo-classical ni Kokichi Paul Ishiwata, 1927. Mula sa Bundok Kanlaon ang tubig dumaloy sa anim na kubol na may paliguan, mga tanging nalalabing orihinal na istraktura.

Date Unveiled: April 29, 2006",Visayas,0,0,0,0,0,0,0,LOW,Which of the following was constructed in 1927 as part of a resort designed in a neo-classical style and features six pavilions with flowing water from Mount Kanlaon?,The site was constructed in 1927 as part of a resort designed in a neo-classical style and features six pavilions with flowing water from Mount Kanlaon.
TP00269,Hoskyn's Building,Hoskyn's Building,HISTORIC_BUILDING,Gusaling Hoskyn,Region VI,Iloilo City,Highly Urbanized City,"Registered Property, Iloilo City",,Visayas,0,0,0,0,0,0,0,LOW,,
TP00270,Guisi Lighthouse,Faro De Punta Luzaran,HISTORIC_BUILDING,Guisi Lighthouse; Parola ng Guisi; Sitio Guisi,Region VI,Nueva Valencia,Guimaras,"Registered Property, Province of Guimaras; Registered Property, Municipality of Nueva Valencia, Guimaras","Guisi Lighthouse is originally known as “The Faro de Punta Luzaran” or Point Luzaran Light Station or Luzaran Lighthouse. Luzaran came from the Spanish word “losa” which means flagstone or paving stone. The place was rich with broad flat stones or flagstones suitable for pavements. It is also rich in flintstones which is a kind of stone that produces light when stroked with steel or other hard stones.

According to the narrative of Segunda Espina, in the early 18th century, there were more than a thousand shipwrecks that happened, recorded, and unrecorded in the deep seas at Luzaran Point because of the failure of the natives to make a light at night. Sailors could not see Luzaran Point at night. The natives were worried that they assigned native guards to strike the flintstones so that they would continuously light the sailors and guide and protect them while they were at sea. These incidents came to the knowledge of the Gobernadorcillo and the King of Spain. Another big shipwreck incident happened again which caused the lives of the families of Spanish soldiers who went to settle down in the place. These incidents resulted in a big loss in the Spanish galleon trading activities. With the aim of protecting the colonization and galleon trade activities, Spanish soldiers and engineers were sent to Luzaran Point via the galleon to construct a lighthouse to permanently guide the seafarers during nighttime.

According to the Nueva Valencia Historical Account, a Spanish galleon with a group of engineers landed at Puyo Wharf which during that time was the landing point of vessels.They went on foot until they reached the place which is now called Sitio Guisi. Lighthouse construction was part of the project to light the maritime coasts of the archipelago when the Philippines was opened to a wider network of international trade.

The lighthouse was completed in 1894. The tower was manufactured in France but assembled in Sitio Guisi. The lighthouse was manned by the people to take charge of the permanent lighting of the tower. They were called “toreros” – from the Spanish word “tore” which means tower, as they are responsible for lighting and overseeing the house tower's operation.

The lighthouse was operated using mercury or “azogue”. According to the story of one of the toreros, when Spanish engineers and soldiers made an ocular inspection at Luzaran Point for the construction of the lighthouse, they discovered stocks of cinnabars which they use to operate the lighthouse.",Visayas,0,0,0,0,0,0,0,LOW,Which of the following was constructed in 1894 to guide seafarers at night due to the high number of shipwrecks in the area?,The site was completed in 1894 specifically to guide seafarers at night due to shipwrecks.
TP00271,Bagacay Point Lighthouse Historical Landmark,Bagacay Point Lighthouse Historical Landmark,HISTORIC_BUILDING,Parola sa Lilo-an; Palatandaang Pangkasaysayan ng Parola ng Punta Bagacay; Parola ng Bagacay Point,Region VII,Liloan,Cebu,"National Historical Landmark, NHCP","The Bagacay Point Lighthouse, standing majestically atop a hill in Barangay Catarman in the municipality of Liloan, Province of Cebu, was built in 1904 by the Americans. The lighthouse was constructed in order to guide ferries, boats, and barges plying the waters surrounding the northeast entrance of Cebu Harbor. The tower, with its powerful light, is regarded as an essentil navigational aid in Liloan, Cebu and is one of the few remaining non-solar lighthouses in the country, traditionally powered by electricity. The white octagonal tower with its architectural style is reflective of the aesthetic sense and ingenuity of its builders.

Declared as National Historical Landmark by virtue of National Historical Institute Resolution No. 7, s. 2004.

Marker Text:

Parola ng Bagacay Point

Itinayo sa lupaing inilaan ni Gobernador Heneral William Howard Taft, 1904. May taas na 72 talampakan at nagbibigay liwanag na umaabot ng may 17 milyang-dagat. Nagsisilbing gabay sa mga sasakyang dagat na naglalayag sa bukana ng hilagang-silangan ng Cebu Harbor. Isa sa mga nalalabing parolang may mahalagang halimbawa ng arkitekturang Amerikano sa bansa. Ipinahayag na Pambansang Palatandaang Makasaysayan, 13 Agosto 2004.

Marker date: 2006",Visayas,0,0,0,0,0,1,0,LOW,Which of the following was built in 1904 to serve as a navigational aid for vessels entering Cebu Harbor?,"The site was constructed in 1904 to guide ferries, boats, and barges in the northeast entrance of Cebu Harbor."
TP00272,El Gran Baluarte,El Gran Baluarte,HISTORIC_BUILDING,Dakong Balay; Baluarte or Kampanaryo; El Gran Baluarte; El Grand Baluarte,Region VII,Boljoon,Cebu,"Registered Property, Municipality of Boljoon, Cebu","El Grand Baluarte is just one of the seven watch towers and the largest one built by Fray Julian Bermejo in 1808. It is the main fortress on the church complex’s fortification during Spanish colonial period. During the height of the Moro raids, the structure served as Fray Bermejo’s command center in his elaborated defense on the Visayas seas in order to prepare his men for the ironic battle and protect the residents from these incursions. The ground level served as store room for the weapons and ammunition and held a prison cell with preserved painted murals by the prisoners. It became fitting headquarters to Fr. Bermejo, the warrior priest who made sure that the South was well-protected, because these towns were subjected to attacks by Moro raiders. Fr. Julian Bermejo set up a series of watch towers to monitor the presence of raiders and give the townspeople enough warning before the attacks. Now the people found a shelter and refuge in this and within the church complex.
 El Gran Baluarte is used as a meeting place, lunch area and a reception hall of ASBOMATU (Asosasyon sa mga Boljo-anong Mamumuo sa Turismo). It is also included in their BYGONE tour package.
 El Gran Baluarte is even used to remind local inhabitants for religious activities such as mass, weddings, baptism and funerals.
 El Gran Baluarte is an example of a blockhouse which is made up of coral stones. This quadrangular structure is the largest extant watch tower in the Philippines built by Fr. Julian Bermejo, OSA in 1808 served as a command center before but now converted into a bell tower because of the four bells hanging on its windows.
 El Gran Baluarte is the largest extant watch tower in Cebu. It is a main fortress on the church complex’s fortification played a crucial role on the defense system of fortresses to deter Moro raids, and protect the residences from these incursions.",Visayas,0,0,0,0,0,0,0,LOW,Which of the following was built in 1808 as the largest watch tower in the Philippines and served as a command center during the Moro raids?,The structure was built in 1808 and served as a command center during the Moro raids.
TP00274,Ker and Co. Building,Ker and Co. Building,HISTORIC_BUILDING,Ker & Co.; Gusaling Ker at Kumpanya; Palatandaan ng Bahay Kalakal ng Ker & Company Ltd.; Bahay Kalakal ng Ker & Company Ltd. Marker; Bahay Kalakal ng Ker & Company Ltd.; Ker & Co. Ltd.,Region VI,Iloilo City,Highly Urbanized City,"Marked Structure, NHCP; Local Cultural Property - Local Heritage or Legacy Buildings, Structures or Sites, Iloilo City","Although Ker and Co. was founded in the 1830s in Manila, the Iloilo branch may have been constructed around the 1850s. Done in the trade mark ""Black and White House"" bungalow style of British colonial architecture, the trade house building is a marriage of Indian Bagala stilt architecture and Tudor Revival elements. Quasi-medieval timbering on the second floor offset the brick mortar of the ground floor level. The building however departs from the tradition by the use of iron beams and pillars instead of brick and mortar. The ground floor houses the office and bank vault. A butler's alley runs around the second floor with louvered full doors in the bedrooms and in the dining and living veranda. The kitchen and staff house connect to the main house through an inclined bridge.
_____
Marker Text:

Bahay Kalakal ng Ker & Company Ltd.

Itinatag ang sangay sa Maynila bilang Ker, MacMicking & Company, 1827. Lumaon ay itinawag na Ker & Co. Ltd. at si William Ker Jr. ang nagsilbing tagapamahala. Nagkaroon ng sangay sa Iloilo na nanguna sa pagtustos ng makinarya para sa mga magsasaka ng tubo, 1862. Nagluluwas ng asukal mula Negros at Iloilo sa pandaigdigang merkado at nag-aangkat ng mga produktong galing Britanya noong ika-19 na siglo.

Date Unveiled: July 24, 2018",Visayas,0,0,0,0,0,0,0,LOW,"Which of the following is a trading house in Iloilo, possibly built around the 1850s, that combines the British colonial ""Black and White House"" style with Indian Bagala stilt architecture?","The site must be the Iloilo trading house, possibly built around the 1850s, combining the British colonial ""Black and White House"" style with Indian Bagala stilt architecture."
TP00275,Victorias Milling Company,Victorias Milling Company,HISTORIC_BUILDING,"Kumpanya ng Victorias Milling; VMC; Victorias Milling Company, Inc.",Region VI,Victorias City,Negros Occidental,"Registered Property, Province of Negros Occidental","Victorias Milling Company, Inc. was founded on May 7, 1919 by Don Miguel Ossorio. Back then, VMC was one of the earliest modern sugar mills in the country. In the succeeding years, VMC expanded its business by establishing an agricultural research department and construction of VMC Dock. It also established a sugar refinery and began producing hydrous alcohol in Manapla. During the Japanese occupation, VMC and another sugar mill Negros Sugar Company (NONSUCO) suffered extensive damages. The latter was the very first sugar mill in the Philippines established by Don Miguel. Ossorio then decided to merge the assets of the two sugar mill with VMC as the surviving entity because it incurred less damages than.
 
 Because of rising overhead costs, falling sugar prices, and increasing competition, VMC came up with an Alternative Rehabilitation Plan (ARP) that was approved by the Securities and Exchange Commission on November 29, 2000. As of 2010, VMC was able to pay its interest payments to date, as well as its principal loan repayments. This meant an annual interest payment of about P307.0 Million and loan principal payment of P365.0 Million to its creditor banks.
 
 Source: http://en.wikipilipinas.org/index.php/Victorias_Milling_Company,_Inc.",Visayas,0,0,0,0,0,0,0,LOW,"Which of the following was founded on May 7, 1919, by Don Miguel Ossorio and became one of the earliest modern sugar mills in the Philippines?","The site was founded on May 7, 1919, by Don Miguel Ossorio and is one of the earliest modern sugar mills in the Philippines."
TP00276,Regent Arcade,Regent Arcade,HISTORIC_BUILDING,Regent; Regent Arcade,Region VI,Iloilo City,Highly Urbanized City,"Local Cultural Property - Local Heritage or Legacy Buildings, Structures or Sites, Iloilo City","The Regent Arcade was built in 1927. It was formerly known as the Palace Theater, one of the three well known theaters in Iloilo in the 1920’s. Classical in character, it’s detailed facade of Corinthian capitals on fluted columns form the portico. The pediment is adorned with symmetrically arranged ornamentation of female figures, putti and floral flourishes.",Visayas,0,0,0,0,0,0,0,LOW,"Which of the following was constructed in 1927 and was originally known as the Palace Theater, featuring a detailed facade with Corinthian capitals?",The site was built in 1927 and was formerly known as the Palace Theater.
TP00277,Colon Street,Colon Street,CULTURAL_LANDSCAPE,Dalan Colon; Daang Colon; Palatandaan ng Daang Colon; Daang Colon Marker,Region VII,Cebu City,Highly Urbanized City,"Marked Structure, NHCP; Registered Property, Cebu City","Marker Texts:

Daang Colon

Ang daang Colon, kilala rin bilang Parian, ang pinakamatandang daan sa Pilipinas. Ipinatayo ng mga Kastila na dumating sa Cebu noong 1565 lulan ng plotang binubuo ng mga sasakyang-dagat na San Pedro, San Pablo at San Juan sa pamumuno ni Miguel Lopez de Legazpi.

Date Unveiled: October 16, 1961
_____
Colon Street

Colon Street, known also as the Parian, is the oldest street in the Philippines. It was built by the Spaniards who arrived at Cebu in 1565 on the fleet composed of the vessels San Pedro, San Pablo and San Juan under the command of Miguel Lopez de Legaspi.

Date Unveiled: October 16, 1961",Visayas,0,0,0,0,0,0,0,LOW,Which of the following was established by the Spaniards in 1565 and is recognized as the oldest street in the Philippines?,The site was established by the Spaniards in 1565 and is the oldest street in the Philippines.
TP00278,Datu Paiburong Statue,Datu Paiburong,MONUMENT,Datu Paiburong,Region VI,Iloilo City,Highly Urbanized City,"Registered Property, Iloilo City",,Visayas,0,0,0,0,0,0,0,LOW,,
TP00279,German Lacson Gaston Heritage House,German Lacson Gaston Heritage House,OLD_HOUSE,German Lacson Gaston Ancestral House; Cris Gaston House; Pamanang Bahay ni German Lacson Gaston,Region VI,Silay City,Negros Occidental,"Heritage House, NHCP; Registered Property, Province of Negros Occidental;Registered Property, Silay City, Negros Occidental","The old German Lacson Gaston resdince in 5de Noviembre Street in Silay City is amidst a well-tended lawn grown to various greens. The house is built of wooden horizontal sidings for the walls, and has a protruding porch and overhead verandah. The porch and verandah are quaintly featured with balustered railings, providing an ornamental touch to these areas. A side entrance is located at the left side wall of the house. It is again designed with a series of concrete steps with balustered railings at the sides. The railings echo those from the front porch.

The first storey is featured with capiz shell windows secured by plain iron grille screens. Vertical and horizontal wooden studs divide the expanse of walls into panels. The second storey is again featured with windows set at regular intervals along the walls of the house. This time, the panels are made up of brown-colored frames with fixed glass panels. Sliding along the headers and sills, the window panels regulate the passage of air into the rooms, the windows with their regular succession in the walls create a harmonious interplay of solid mass and void in the house.

The verandah in the second storey is rendered with decorative metal brackets wrought with circle tendrils. The upper side of the verandah are further made attractive by the wooden calados or woodwork in floral motifs. A continuous media agua or awning shades the upper floor windows. The house is crowned by a roof of corrugated galvanized iron sheets. (Source: http://philhistomarkers.nhcp.gov.ph/?structures=german-lacson-gaston-ancestralhouse)

Marker Text:

German Lacson Gaston Ancestral House

This is a Heritage House pursuant to Board Resolution No. 3 dated April 6, 1993 of the National Historical Institute of the Republic of the Philippines.

Marker Date: 05 November 2015",Visayas,0,0,0,0,0,0,1,LOW,Which of the following was declared a Heritage House by the National Historical Institute of the Republic of the Philippines in 1993 and is located on 5 de Noviembre Street in Silay City?,The site must be recognized as a Heritage House by the National Historical Institute of the Republic of the Philippines since 1993 and located on 5 de Noviembre Street in Silay City.
TP00280,Rosendo Mejica Historical Landmark,Rosendo Mejica Historical Landmark,OLD_HOUSE,Balay ni Rosendo Mejica; Palatandaang Pangkasaysayan ng Rosendo Mejica,Region VI,Iloilo City,Highly Urbanized City,"National Historical Landmark, NHCP","Marker Text:

Rosendo Mejica (1873–1956)

Isinilang sa pook na ito ng Molo, Lungsod ng Iloilo noong ika-1 ng Marso 1873. Isa sa mga unang manlilimbag at tagalathala sa Hiligaynon, mamamahayag, edukador. Pinuno ng mga manggagawa at kilalang pilantropo sa lalawigan ng Iloilo. Napatampok bilang dekano ng mga mamamahayag na Bisaya.
Namatay noong ika-24 ng Pebrero, 1956.

Year Unveiled: 1973",Visayas,0,0,0,0,0,1,0,LOW,"Which of the following was the birthplace of a prominent Hiligaynon publisher and educator born on March 1, 1873, in Molo, Iloilo City?","The birthplace of a prominent Hiligaynon publisher and educator born on March 1, 1873, in Molo, Iloilo City."
TP00281,Nicolas Vergara House,Nicolas Vergara House,OLD_HOUSE,Balay Vergara; Bahay Nicolas Vergara,Region VII,Barili,Cebu,"Local Cultural Property - Cultural Treasures, Municipality of Barili, Cebu",Constructed in 1875,Visayas,0,0,0,0,0,0,0,LOW,,
TP00282,Roca Encantada Heritage House,Roca Encantada Heritage House,OLD_HOUSE,Balay Roca Encantada; Pamanang Bahay ng Roca Encantada; Roca Encantada; Roca Encantada Heritage House,Region VI,Buenavista,Guimaras,"Heritage House, NHCP; Registered Property, Municipality of Buenavista, Guimaras","Presentacion Lopez Hofilena, widow of Governor Benito Lopez of Iloilo, built in 1919 a house in Barangay San Miguel, Buenavista known as Roca Encantada, which became the summer home of her children, Fernando Lopez, former Vice-President of the Philippines, and Eugenio Lopez, one of the tycoons of Philippine business and founder of the Lopez Group of Companies. Destroyed by a fire in 1926, the house was rebuilt in the 1940s by Fernando and Eugenio Lopez and again from 1999 to 2002 through the initiative of Oscar Lopez. Roca Encantada as the venue of political meets and balls was visited by political and royal dignitaries and stands to this day as a testimony to the cultural and political life of Guimaras and Iloilo.

Declared as a Heritage House by virtue of National Historical Institute Resolution No. 12, s. 2002.

Marker Text:

Roca Encantada

Declared a Heritage House by the National Historical Institute
14 August 2002

Marker date: 2003",Visayas,0,0,0,0,0,0,1,LOW,Which of the following was built in 1919 as the summer home of the children of Iloilo Governor Benito Lopez and was declared a Heritage House in 2002?,The site must have been built in 1919 as the summer home of the children of Iloilo Governor Benito Lopez and declared a Heritage House in 2002.
TP00283,Carlos Javelosa Jalandoni Heritage House,Modesto Ramirez Hojilla (Carlos Javelosa Jalandoni) Heritage House,OLD_HOUSE,Carlos Javelosa Jalandoni Ancestral House; Pamanang Bahay ni Modesto Ramirez Hojilla (Carlos Javelosa Jalandoni); Pamanang Bahay ni Modesto Ramirez Hojilla; Modesto Ramirez Hojilla Heritage House; Jalandoni ancestral house; Jalandoni Residence,Region VI,Silay City,Negros Occidental,"Heritage House, NHCP; Registered Property, Province of Negros Occidental","The Jalandoni ancestral house in 5 de Noviembre Street reminisces the old residential architecture of the early American period. The house is simply styled with a two-story height, a jutting front porch and second floor above, a gabled roof over jutting second floor and a streamline of media agua or awning over the second floor windows. The means of light and air are the wide and tall windows with their wooden framed panels of neat glass panes in checkboard pattern of clear and frosted glass. Ventanillas occur regularly below the windows, their decorative attributed mainly to their screens of thin wooden balusters. 

The house is light structural frame work that its bahay-na-bato predecessor of the Spanish period. The house is framed by horizontal strips of wooden sidings both in the first and second stores. The house is capped by a roof of corrugated galvanized iron sheets. Of interest is the pediment below the front gable. It is decorated with a pattern of sunburst executed in white-painted wood.

The house is one of the oldest example of American period Architecture in Silay City, thus, it is significant both for its architectural and age values. Nestled amidst a verdant growth of greens in its garden, the Jalandoni Residence evokes nostalgia for the by gone days of old. (Source: http://philhistomarkers.nhcp.gov.ph/?structures=carlos-javelosa-jalandoni-house)

Declared as a Heritage House by virtue of National Historical Institute Resolution No. 3, s. 1993.",Visayas,0,0,0,0,0,0,1,LOW,Which of the following was declared a Heritage House in 1993 and is one of the oldest examples of American period architecture in Silay City?,The site must have been declared a Heritage House in 1993 and be one of the oldest examples of American period architecture in Silay City.
TP00284,Ang Bahay ni Hechanova,Ang Bahay ni Hechanova,OLD_HOUSE,Balay Hechanova; Hechanova House; Ang Bahay ni Hechanova,Region VI,Iloilo City,Highly Urbanized City,"Marked Structure, NHCP","Marker Text:

Ang Bahay ni Hechanova

Dito itinatag ni Hen. Macario Peralta, Jr. ang kanyang punong-himpilan at pinamunuan ang ika-6 na distritong militar ng mga pangkat ng gerilya na binubuo ng ika-62, 63, 64 at 66 na rehimyento ng impanteriya sa pamumuno nina Kor. Pedro Serran, Julian Chaves, Leopoldo Relunia at Braulio Villasis ayon sa pagkakasunod-sunod, na tinulungan ng ika-48 na dibisyon ng impanteriya, ika-8 na hukbo ng Estados Unidos sa pamumuno ni Med. Hen. Rapp Brush, sa pangwakas na pagsalakay ng huling tanggulan ng Hapones sa lungsod ng Iloilo noong Pebrero 1 – Marso 18, 1945.
Kinilala na Makasaysayang Pook ng Ikalawang Digmaang Pandaigdig, sa kahilingan ng Pederasyon ng mga Beterano sa Pilipinas, at ng Alkalde ng Lungsod ng Iloilo, Luis Herrera, dating kumander, Kumpanya F, ika-63 na rehimyento ng impanteriya.

Year Unveiled: 1983",Visayas,0,0,0,0,0,0,0,LOW,"Which of the following was recognized as a historical site of World War II due to its role in the final assault against Japanese forces in Iloilo from February 1 to March 18, 1945?",The site was recognized as a historical site of World War II for its involvement in the final assault against Japanese forces in Iloilo during the specified dates.
TP00285,German Locsin Unson Heritage House,German Locsin Unson Heritage House,OLD_HOUSE,German Locsin Unson Ancestral House; Pamanang Bahay ni German Locsin Unson,Region VI,Silay City,Negros Occidental,"Heritage House, NHCP; Registered Property, Province of Negros Occidental; Registered Property, Silay City","Built sometime in 1938, the two-storey Neo-Spanish style-house underwent renovations in mid-1970s restoring the house to its original design.It was home to husband and wife, the late German Locsin Unson and Fe de la Rama Ledesma-Unson before it welcomed guests for overnight stays.

According to the Unson couple’s youngest daughter Cristina Unson-Lacson, when the Japanese arrived in Negros before the second World War, their family evacuated and left the house vacant. ”Japanese troops occupied the house but fortunately, left it unscathed. In the later years, renovations were made and extensions both on the ground and second floors were made to accommodate the family's needs,” Cristina said.

She explained that the house was later bequeathed to the eldest and youngest daughters Ma. Lourdes and herself—Cristina—with the stipulation that it would later go to their grand-daughters, Chell and Marni. ”Marni who took up Interior Design made the present renovations and except for retaining the extensions to the big bedroom upstairs and the masters bedroom downstairs, restored the house to its original design,” Cristina said. (Source: http://www.cebu-philippines.net/silay-bed-and-breakfast.html)

Marker Text:

German Locsin Unson Ancestral House

This is a Heritage House pursuant to Board Resolution No. 3 dated April 6, 1993 of the National Historical Institute.

Marker Date: 2015",Visayas,0,0,0,0,0,0,1,LOW,"Which of the following, built around 1938, was left vacant when its family evacuated during the Japanese occupation and later welcomed guests for overnight stays?","The site must have been built around 1938, left vacant when its family evacuated during the Japanese occupation, and later welcomed guests for overnight stays."
TP00286,Benita Jara Heritage House,Benita Jara Heritage House,OLD_HOUSE,Benita Jara Ancestral House; Pamanang Bahay ni Benita Jara,Region VI,Silay City,Negros Occidental,"Heritage House, NHCP","Marker Text:

Benita Jara Ancestral House

This is a Heritage House pursuant to Board Resolution No. 1 dated March 8, 1994 of the National Historical Institute.

Marker Date: November 5, 2015",Visayas,0,0,0,0,0,0,1,LOW,,
TP00287,Maria Paras House,Maria Paras House,OLD_HOUSE,Balay Maria Paras; Bahay ni Maria Paras,Region VII,Barili,Cebu,"Local Cultural Property - Cultural Treasures, Municipality of Barili, Cebu",Constructed during the 1900s,Visayas,0,0,0,0,0,0,0,LOW,,
TP00288,San Juanico Bridge,San Juanico Bridge,BRIDGE,Tulay San Juanico; The San Juanico Bridge,Region VIII,Tacloban City,Highly Urbanized City,"Registered Property, Province of Leyte; Registered Property, Tacloban City","The longest bridge in the Philippines, approximately 2.16 kilometers in length, and connects the islands of Samar and Leyte. It was built during the Marcos administration as the former president’s testimony of love to his wife, the first lady, Imelda Romualdez Marcos, who is a native of Leyte.
_____
The San Juanico Bridge is about 15 minutes away north of Tacloban City. It is a 2.16 kilometer long S-shaped span connecting the islands of Leyte and Samar. 
HISTORY
The San Juanico Bridge was one of President Ferdinand Marcos’ monumental projects. It is considered as the longest bridge in the Philippines.
SIGNIFICANCE
The famous bridge gave way to help the economy of both Samar and Leyte since its completion in 1972.",Visayas,0,0,0,0,0,0,0,LOW,Which of the following was constructed during the Marcos administration as a testament of love to Imelda Romualdez Marcos and connects the islands of Samar and Leyte?,The site was built during the Marcos administration as a testament of love to Imelda Romualdez Marcos and connects the islands of Samar and Leyte.
TP00289,Forbes' Bridge,Forbes' Bridge,BRIDGE,Tulay Forbes,Region VI,Iloilo City,Highly Urbanized City,"Registered Property, Iloilo City",,Visayas,0,0,0,0,0,0,0,LOW,,
TP00290,Carpenter's Bridge,Carpenter's Bridge,BRIDGE,Tulay Carpenter,Region VI,Iloilo City,Highly Urbanized City,"Registered Property, Iloilo City",,Visayas,0,0,0,0,0,0,0,LOW,,
TP00291,Tay-Tay Boni,Tay-Tay Boni,BRIDGE,Bridge of Miag-ao,Region VI,Miagao,Iloilo,"National Cultural Treasure, National Museum",It is an intrinsic part of the declaration of National Cultural Treasure pertaining to the Santo Tomas de Villanueva Parish Church Complex. Declared a National Cultural Treasure by virtue of National Museum Declaration No. 36-2020.,Visayas,1,0,0,0,0,0,0,HIGH,,
TP00292,Burauen Municipal Building,Burauen North Central School - Gabaldon Building (Main Building),CIVIC_BUILDING,,Region VIII,Burauen,Leyte,"Registered Property, Municipality of Burauen, Leyte","The Gabaldon Building or the Main Building of Burauen North Central School is a  Standard Plan 10 Gabaldon Building. It originally has 6 classrooms, and one Assembly Room.  Some portions of two rooms were divided to be used as principal's office and a faculty room. The center part of the Gabaldon is currently used as function area. Windows are made of wood and capiz shells. The building was designed using the Bahay Kubo architecture where the floor is elevated from the ground with a space underneath. Floors were made of wooden strips allowing air to enter the room for a better air temperature. 

The building's design is neo-classical. The triangle shape on the top bears the Municipal Seal with the Image of a Male and Female, Dawog and his wife Isak.",Visayas,0,0,0,0,0,0,0,LOW,,
TP00293,Argao Hall of Justice,Hall of Justice (Cuartel),CIVIC_BUILDING,,Region VII,Argao,Cebu,"Registered Property, Municipality of Argao, Cebu","The building was known as the Colegio de los Niños during the Spanish period. The building functioned as the school for boys and was the tallest civilian structure in the pueblo. By design, the building should have been a cuartel but it was not finished due to the onset of the Filipino revolution against Spain. Also functioned briefly as the first building of the Argao Central Elementary School known as the Intermedia. It was converted into the Star Theater after the war and showed films during weekends. This building also became the Argao Parents Teachers Association (APTA) building before it became a trial court (left side: MTC, right side: RTC).",Visayas,0,0,0,0,0,0,0,LOW,Which of the following was the tallest civilian structure in the pueblo during the Spanish period and later served various educational and judicial functions?,The site was the tallest civilian structure in the pueblo during the Spanish period and served as a school and later as a trial court.
TP00294,Leyte Provincial Capitol Historical Landmark,Leyte Provincial Capitol Historical Landmark,CIVIC_BUILDING,"Kapitolyo Probinsyal han Leyte; Palatandaang Pangkasaysayan ng Kapitolyong Panlalawigan ng Leyte; Palatandaan ng Gusaling Kapitolyo ng Pilipinas, 1944-1945; Capitol Building of the Philippines, 1944–1945 Marker; Capitol of the Philippines; Leyte Provincial Capitol",Region VIII,Tacloban City,Highly Urbanized City,"National Historical Landmark, NHCP; Registered Property, Province of Leyte","Once a set of the Philippine Commonwealth Government on 1944 under President Sergio Osmeña, Sr. Historical viewing of murals depicting the first Christian Mass in the Orient and General Douglas Macarthur’s allied forces landed.
_____
Marker Text:

Capitol Building of the Philippines, 1944–1945

On the steps of this Capitol Building of Leyte was formally installed, 23 October 1944, Sergio Osmeña as President of the Commonwealth of the Philippines by Gen. Douglas Mac Arthur in the presence of Cabinet men, Liberation Forces and many other grateful people. Henceforth, until 27 February 1945, this edifice served as the Capitol of the Philippines.

Year Unveiled: 1950
_____
The Leyte Provincial Capitol serves as the Leyte Provincial Government office, located at the corner of Magsaysay Boulevard and Sen. Enage Street. 
HISTORY
The Leyte Provincial Capitol was the first seat of Philippine Commonwealth Government in October 23, 1944 to February 27, 1945.",Visayas,0,0,0,0,0,1,0,LOW,"Which of the following was the first seat of the Philippine Commonwealth Government from October 23, 1944, to February 27, 1945?",The site served as the first seat of the Philippine Commonwealth Government during the specified dates.
TP00295,Eugenio Lopez Memorial Hall,Eugenio Lopez Memorial Hall,INSTITUTIONAL_BUILDING,Bulwagang Eugenio Lopez,Region VI,Iloilo City,Highly Urbanized City,"Registered Property, Iloilo City",,Visayas,0,0,0,0,0,0,0,LOW,,
TP00296,Miagao Town Plaza,Miagao Town Plaza,CULTURAL_LANDSCAPE,Liwasang Bayan ng Miagao,Region VI,Miagao,Iloilo,"Registered Property, Municipality of Miagao, Iloilo",Man-made Heritage: Freedom Park,Visayas,0,0,0,0,0,0,0,LOW,,
TP00297,Silay City Public Plaza,Silay City Public Plaza,CULTURAL_LANDSCAPE,Plaza sang Silay; Liwasang Bayan ng Lungsod ng Silay,Region VI,Silay City,Negros Occidental,"Registered Property, Silay City",,Visayas,0,0,0,0,0,0,0,LOW,,
TP00298,Tacloban City Convention Center,Tacloban City Convention Center,CIVIC_BUILDING,Sentro ng Pagpupulong ng Lungsod ng Tacloban; Tacloban City Coliseum,Region VIII,Tacloban City,Highly Urbanized City,"Registered Property, Tacloban City","New to the city skyline is the Tacloban City Convention Center. It is popularly known as the astrodome, which caters to many of the city’s basketball tourneys and other sporting activities, concerts, conventions, and other big gatherings. 
HISTORY
This tourist landmark is also known as the Tacloban City Coliseum and was opened on June 2006. Records show that the construction cost of the famous astrodome is around 200 million pesos.
SIGNIFICANCE
It is said to be the “second-largest indoor arena” in Eastern Visayas, following the Ormoc Superdome.",Visayas,0,0,0,0,0,0,0,LOW,"Which of the following was opened in June 2006 and is known for hosting various sporting events, concerts, and conventions in the city?","The site was opened in June 2006 and is known for hosting sporting events, concerts, and conventions."
TP00299,Carcar Rotunda,Carcar Rotunda,CULTURAL_LANDSCAPE,Rotonda ng Carcar,Region VII,Carcar City,Cebu,"Registered Property, City of Carcar, Cebu",,Visayas,0,0,0,0,0,0,0,LOW,,
TP00300,Himamaylan City Public Plaza,Himamaylan City Public Plaza,CULTURAL_LANDSCAPE,Liwasang Bayan ng Lungsod ng Himamaylan; Himamaylan City Public Plaza,Region VI,Himamaylan City,Negros Occidental,"Registered Property, Province of Negros Occidental","Bandstand at the center of Himamaylan 1930’s. This is the venue of events, programs, fiestas, festivals, and important occasions in Himamaylan City. 
 
 Source: Mr. Raymond Alunan Bayot",Visayas,0,0,0,0,0,0,0,LOW,"Which of the following was the venue for events, programs, and festivals in a city during the 1930s?","The site served as a venue for events, programs, fiestas, and festivals in the 1930s."
TP00301,Bago City Plaza,Bago City Plaza,CULTURAL_LANDSCAPE,Republika sang Negros; Liwasan ng Lungsod ng Bago; Republika ng Negros; Republica de Negros Marker; Republica de Negros,Region VI,Bago City,Negros Occidental,"Marked Structure, NHCP; Registered Property, Province of Negros Occidental","Marker Text:

Republica de Negros

In this plaza of Bago was proclaimed the Republica de Negros by the revolutionary forces led by general Juan Anacleto Araneta, 5 November 1898. Witnessed by Ananias Diokno, representative of the Central Revolutionary Government. This Republic acknowledged the authority of the First Philippine Republic under Emilio Aguinaldo.

Year Unveiled: 1952
_____
The Negros Revolution, now commemorated and popularly known as Al Cinco de Noviembre or Negros Day, was a political movement that in 1898 created a government in Negros Island in the Philippines, informally ending Spanish control of the island and resulting in a government run by the Negrense natives, at least for that part of the archipelago and for a relatively short period. The newly established Negros Republic lasted for approximately three months. American forces landed on the island unopposed on February 2, 1899, ending the island's independence.

Sources: https://en.wikipedia.org/wiki/Negros_Revolution
http://philhistomarkers.nhcp.gov.ph/?events=republica-de-negros",Visayas,0,0,0,0,0,0,0,LOW,"Which of the following was the site where the proclamation of a short-lived government in Negros Island was made on November 5, 1898?","The site must be where the proclamation of the Negros Republic occurred on November 5, 1898."
TP00302,La Carlota City Hall,La Carlota City Hall,CIVIC_BUILDING,Bulwagang Panglungsod ng La Carlota; Palatandaan ni Marciano Araneta y Soriano; Marciano Araneta y Soriano Marker; La Carlota City Hall,Region VI,La Carlota City,Negros Occidental,"Marked Structure, NHCP; Registered Property, Province of Negros Occidental","Built in 1934, this government building was patterned after the colonial capitol buildings and this serves as the office of the City Government. The main door step of the city hall with the name of the Municipal President J. Mariño. It also has a Gran Escalera with urns at the façade with bas relief designs. 

Source: Mr. Raymond Bayot Alunan
_____
Marker Text:

Marciano Araneta y Soriano

Pinuno ng himagsikan. Isinilang sa Molo, lloilo noong Hunyo 3, 1866. Nag-aral ng edukasyong primarya sa Maynila at pagkaraan, pinangasiwaan ang Hacienda Paz sa La Carlota. Pinuno ng mga manghihimagsik na sumakop sa punong himpilan ng hukbong Kastila sa mangkas, ngayo’y La Carlota. Isa sa mga nagtatag ng kantonal na pamahalaan sa Negros noong 1899. Namatay noong Oktubre 25, 1940.

Year Unveiled: 1991",Visayas,0,0,0,0,0,0,0,LOW,Which of the following was constructed in 1934 to serve as the office of the City Government and features a prominent main door step named after Municipal President J. Mariño?,The site was built in 1934 to serve as the office of the City Government.
TP00303,Gaisano Country Mall,Gaisano Country Mall,HISTORIC_BUILDING,Gaisano Country Mall,Region VII,Cebu City,Highly Urbanized City,"Registered Property, Cebu City",,Visayas,0,0,0,0,0,0,0,LOW,,
TP00304,Bacolod Public Plaza,Bacolod Public Plaza,CULTURAL_LANDSCAPE,Liwasang Bayan ng Bacolod; Bacolod Public Plaza,Region VI,Bacolod City,Highly Urbanized City,"Registered Property, Province of Negros Occidental","When Bacolod was declared as the capital of Negros Island in 1846, the Spanish Colonial Government in Negros set to work in creating a public plaza fronting the current Banco de Oro branch, which used to be the ""Casa Real"" or the official residence of the Spanish governor. However, the plaza was too small to be constituted that Don Jose Vicente Locsin Gonzaga donated a portion of his property to expand the plaza. These two lots continue to be owned by the City Government of Bacolod, while the other half was only added when the extension of Rizal Street towards San Juan Street cut off a portion of the churchyard of San Sebastian Cathedral.
His Excellency James McCloskey, Bishop of Jaro, which Bacolod previously belonged, in behalf of Monsignor Maurice Foley, the parish priest of Bacolod, granted a perpetual usufruct to the Municipal Government of Bacolod for the management of the property cut off from San Sebastian, in March 22, 1922. The bandstand was constructed in 1926 and inaugurated in 1927, as part of the plaza's reorganization to its current form as a place for recreation, political, spiritual and cultural activities. The bandstand is inscribed along the sides of the roof with the names of Western classical music composers Beethoven, Wagner, Haydn, and Mozart.
 
Source: https://en.wikipedia.org/wiki/Bacolod_Public_Plaza",Visayas,0,0,0,0,0,0,0,LOW,Which of the following was established as a public space in the mid-19th century and underwent significant reorganization in the 1920s to serve as a venue for various cultural and political activities?,The site was established as a public space in the mid-19th century and reorganized in the 1920s for cultural and political activities.
TP00305,Molo Plaza,Molo Plaza,CULTURAL_LANDSCAPE,Plaza Molo; Liwasan ng Molo,Region VI,Iloilo City,Highly Urbanized City,"Local Cultural Property - Local Heritage and Cultural Landmarks or Sites, Iloilo City",,Visayas,0,0,0,0,0,0,0,LOW,,
TP00306,Cebu Provincial Capitol Historical Landmark,Cebu Provincial Capitol Historical Landmark,CIVIC_BUILDING,Kapitolyo ng Cebu; Kapitolyo sa Sugbu; Palatandaang Pangkasaysayan ng Kapitolyong Panlalawigan ng Cebu; Kapitolyo sa Sugbo,Region VII,Cebu City,Highly Urbanized City,"National Historical Landmark, NHCP","The Cebu Provincial Capitol, which used to be at the site fronting the present Plaza Independencia, was occupied by the Filipino revolutionaries in 1899, and by the American Military forces in 1899. Construction for the Capitol building at its present site started in December 1936, following the plans prepared by Juan Arellano in 1930. The capitol was inaugurated by President Manuel Quezon on June 14, 1938, during the administration of Governor Buenaventura Rodriguez. The capitol is an outstanding historical and architectural landmark in the province of Cebu and the country, as a provincial symbol of the state and a significant example of the classical revival style in the early twentieth century government and institutional buildings.

Declared as National Historical Landmark by virtue of National Historical Institute Resolution No. 11, s. 2008.

Marker Text (Filipino):

Kapitolyo ng Cebu

Unang itinayo sa harapan ng kasalukuyang Plaza Independencia. Sinakop ng mga Pilipinong rebolusyonaryo, 1898, at ng mga Amerikanong militar, 1899. Sinimulang ipatayo ang kasalukuyang gusali ng pamahalaang panlalawigan ayon sa disenyo ni Arkitekto Juan Arellano, Disyembre 1936. Pinasinayaan ni Pangulong Manuel Quezon, 14 Hunyo 1938. Natatanging halimbawa ng gusaling pampamahalaan at arkitektura ng unang bahagi ng ikadalawampung dantaon. Ipinahayag na Pambansang Palatandaang Makasaysayan, 9 Hulyo 2008.

Marker Text (Cebuano):

Kapitolyo sa Sugbo

Unang gitukod atubangan sa Plaza Independencia. Ubos sa pagdumala sa mga Pilipinong Rebolusyonaryo, 1898, ug sa mga Amerikanong Militar, 1899. Kining edipisyo karon gipabarog sa kagamhanan sa lalawigan agad sa disenyo ni Arkitekto Juan Arellano, Disyembre 1936. Gisubhan o giinagurahan ni Pangulo Manuel Quezon, 14 Hunyo 1938. Bugtong sanglitanan sa edipisyo sa kagahamanan ug arkitektura sa unang bahin sa ika-duha ka libo nga tuig. Gideklarar nga isa ka Nasodnong Makasaysayanong Timailhan, 9 Hulyo 2008.",Visayas,0,0,0,0,0,1,0,LOW,"Which of the following was inaugurated by President Manuel Quezon on June 14, 1938, and serves as a significant example of classical revival architecture in the Philippines?","The site was inaugurated by President Manuel Quezon on June 14, 1938, and is a significant example of classical revival architecture."
TP00307,Cadiz City Hall,Cadiz City Hall,CIVIC_BUILDING,Bulwagang Panglungsod ng Cadiz,Region VI,Cadiz City,Negros Occidental,"Registered Property, Province of Negros Occidental","A historical structure constructed year 1962 under the Administration of the late Mayor Heraclio Villacin.
 
 Source: Cadiz City Tourism Office",Visayas,0,0,0,0,0,0,0,LOW,Which of the following was constructed in 1962 during the tenure of a notable local mayor?,The structure was built in 1962 under the administration of a local mayor.
TP00308,Old Valentine Hall,Old Valentine Hall,INSTITUTIONAL_BUILDING,Bulwagang Old Valentine,Region VI,Iloilo City,Highly Urbanized City,"Registered Property, Iloilo City",,Visayas,0,0,0,0,0,0,0,LOW,,
TP00309,Roxas Hall,Roxas Hall,CIVIC_BUILDING,Bulwagang Roxas,Region VI,Iloilo City,Highly Urbanized City,"Registered Property, Iloilo City",,Visayas,0,0,0,0,0,0,0,LOW,,
TP00310,Iloilo Customs House Building,Ang Daungan ng Iloilo,CIVIC_BUILDING,Ang Dulungkaan sang Iloilo; Iloilo Customs House Building; Ang Daungan ng Iloilo,Region VI,Iloilo City,Highly Urbanized City,"Marked Structure, NHCP","Marker Texts:

Ang Daungan ng Iloilo

Binuksan sa pangangalakal na pandaigdig ayon sa kautusan ng pamahalaang Kastila noong ika-29 ng Setyembre, 1855. Ang unang tuwirang eksportasyon na 270 toneladang asukal ay inilulan sa bapor “Pet” na patungong Melbourne, Australya, noong ika-2 ng Marso, 1859. Ang unang tuwirang pag-angkat na binubuo ng mga makinaryang pangabyaw ay nagbuhat sa Glasgow, Britanya, lulan ng “Henry Darling” noong 1863.

Date Unveiled: September 29, 1975
_____
Port of Iloilo

Opened to international trade by royal order of the Supreme Spanish Government 0n 29 September 1855. Nicholas Loney, first British Vice-Consul and first foreign merchant in Iloilo, landed at this port on 31 July 1856. Visited by Sir John Bowring, Governor of Hongkong, in 1859. The first direct exportation, consisting of 270 tons of sugar, was shipped in the rig pet to Melbourne, Australia, on 2 March 1859, and the first direct importation, consisting of sugar mill machineries, came on the Henry Darling from Glasgow, Great Britain, in 1863.",Visayas,0,0,0,0,0,0,0,LOW,"Which of the following was opened to international trade by royal order on September 29, 1855, and was the site of the first direct exportation of sugar to Melbourne, Australia, in 1859?","The site was opened to international trade on September 29, 1855, and was involved in the first direct exportation of sugar to Melbourne, Australia, in 1859."
TP00311,Iloilo Freedom Grandstand,Iloilo Freedom Grandstand,MISC,Freedom Grandstand; Freedom Grandstand ng Iloilo,Region VI,Iloilo City,Highly Urbanized City,"Registered Property, Iloilo City",,Visayas,0,0,0,0,0,0,0,LOW,,
TP00312,Pastrana Park,Pastrana Park,CULTURAL_LANDSCAPE,Liwasang Pastrana; Palatandaan ni Heneral Francisco del Castillo; General Francisco del Castillo Marker,Region VI,Kalibo,Aklan,"Marked Structure, NHCP; Registered Property, Municipality of Kalibo, Aklan","Marker Text: 

General Francisco del Castillo
Here died in action
23 February 1897

General Francisco del Castillo, patriot, defender of liberty and leader of the Aklan revolutionists.",Visayas,0,0,0,0,0,0,0,LOW,"Which of the following was the site where the leader of the Aklan revolutionists died in action on February 23, 1897?","The site is where the leader of the Aklan revolutionists died in action on February 23, 1897."
TP00313,Balantang Memorial Cemetery National Shrine,Balantang Memorial Cemetery National Shrine,CULTURAL_LANDSCAPE,Pambansang Dambana ng Sementeryong Pang-alaala ng Balantang; Balantang Memorial Cemetery,Region VI,Iloilo City,Highly Urbanized City,"National Shrine, NHCP","When the Japanese Imperial Forces undertook three-pronged invasion of Panay on April 16, 1942, the 61st Division of the USAFFE and eventually the guerrilla forces under the leadership of Gen. Macario Peralta, Jr. took up resistance to fight the invaders and uphold the Filipino's right to be free and independent. It was the Panay resistance movement which was able to make the first radio contact with the American forces under Gen. Douglas McArthur, and thus enabled him to plan and execute the massive drive to retake the Philippines from the hands of invaders.

This radio contact on October 28, 1942 was described as one of which ""lifted the curtain of silence and disclosed a human drama with few parallels in military history. These gallant men who fell while engaging in the bloody battles in Balantang, Jaro and elsewhere in Panay were buried in the Balantang Memorial Cemetery.

The Balantang Memorial Cemetery, as the burial ground of those who fought here as the very site of significant struggle for freedom is worthy of national concern through preservation and development.

Declared as a National Shrine by virtue of National Historical Institute Resolution No. 7, s. 1991.

Marker Text:

Battle of Balantang

The bloodiest battle fought by the Panay Guerilla Forces led by Colonel Macario Peralta, Jr., occured in these hollowed grounds of Balantang and its vicinity from February 6 up to the Liberation of Iloilo City on March 20, 1945. Though outnumbered, the Filipino forces stood still in their post, repulsing the seven suicidal attacks of the Japanese Imperial Forces, thus enabling the Allied 40th Infantry Division of the U.S. Army under Major General Rapp Brush to land peacefully at Tigbauan, Parara Beach, Iloilo on March 18, 1945 and join the guerilla forces of Col. Peralta in their mopping-up operation to liberate Panay Islands from the Japanese.

This monument is dedicated to the Freedom Fighters of Panay and Romblon who gave their lives for the cause of freedom and democracy.

Marker date: March 18, 1997",Visayas,0,0,0,0,0,0,0,LOW,Which of the following was declared a National Shrine in 1991 and is the burial ground for those who fought in the Panay resistance movement during World War II?,The site must be a burial ground for those who fought in the Panay resistance movement during World War II and was declared a National Shrine in 1991.
TP00314,Jaro Plaza,Jaro Plaza,CULTURAL_LANDSCAPE,Plaza Jaro; Graciano Lopez Jaena Park; Plaza ng Jaro,Region VI,Iloilo City,Highly Urbanized City,"Registered Property,Local Cultural Properties, Iloilo City",,Visayas,0,0,0,0,0,0,0,LOW,,
TP00315,Ang Pagdaong ng USS Crevalle,Ang Pagdaong ng USS Crevalle,MILITARY_STRUCTURE,Ang Pagdaong ng USS Crevalle,Region VII,Basay,Negros Oriental,"Historical Marker, NHCP","Marker Text:

Ang Pagdaong ng USS Crevalle

Sa dalampasigang ito ng Basay, Negros Oriental dumaong ang USS Crevalle, submarino ng hukbong dagat ng Estados Unidos, 11 Mayo 1944. Inilikas nito ang 40 Amerikanong sibilyan, misyonero, at sundalo mula Negros patungong Australia. Naihatid din sa himpilan ng Southwest Pacific Area Command sa Australia ang Z Plan ni Admiral Mineichi Koga hinggil sa galaw ng hukbong Hapon sa Pilipinas at Palau. Natagpuan ang mga dokumento ng mga mangingisdang sina Pedro Gantuangko at Rufu Wamar sa katubigan ng Cebu at ibinigay sa mga gerilya ng Cebu at Negros. Nakatulong ang Z Plan sa estratehiya ng pagpapalaya sa Pilipinas mula sa mga Hapon. Nakarating ang submarino sa iba’t ibang bahagi ng Pilipinas at nakasagupa ang hukbong dagat ng Hapon.

Market Date: September 21, 2022",Visayas,0,0,0,0,0,0,0,LOW,"Which of the following was the site where a United States Navy submarine evacuated 40 American civilians, missionaries, and soldiers from Negros to Australia on May 11, 1944?","The site where the USS [REDACTED] submarine evacuated 40 American civilians, missionaries, and soldiers from Negros to Australia on May 11, 1944."
TP00316,Bantayan ng Biliran,Bantayan ng Biliran,MILITARY_STRUCTURE,Bantayan sa Biliran; Bantayan ng Biliran,Region VIII,Biliran,Biliran,"Marked Structure, NHCP","Marker Text:

Bantayan ng Biliran

Ipinatayo sa burol na ito ni Padre Gaspar Ignacio de Guevara kasama ang simbahan at kuta ng nagsilbing santuaryo ng mga mananampalataya, 1765 - 1774. Tanging natira nang sunugin ng mga piratang moro ang pook, 1774. Ginamit sa pagpapalaganap ng relihiyong komyunal sa Biliran, Leyte at Samar. Halimbawa ng arkitektura na yari sa korales at bato noong panahon ng mga Espanyol. Ipinaayos, 2000.

Date Unveiled: September 10, 2008",Visayas,0,0,0,0,0,0,0,LOW,Which of the following was built between 1765 and 1774 by Padre Gaspar Ignacio de Guevara as a sanctuary for believers in Leyte and Samar?,The site was constructed between 1765 and 1774 by Padre Gaspar Ignacio de Guevara as a sanctuary for believers in Leyte and Samar.
TP00317,Punta Cruz Watchtower Historical Landmark,Punta Cruz Watchtower Historical Landmark,MILITARY_STRUCTURE,Bantayan sa Punta Cruz; Palatandaang Pangkasaysayan ng Bantayan ng Punta Cruz; Bantayan ng Punta Cruz,Region VII,Punta Cruz,Bohol,"National Historical Landmark, NHCP","Punta Cruz is a stone watchtower named Castillo de San Vicente Ferrer constructed in 1796 at the tip of Punta Cruz, a barrio of Maribojoc facing the Bohol Strait. Punta Cruz Watchtower played a significant role in the hisotry of Bohol as part of the colonial military defense system against Moro raiders during the Spanish period. Punta Cruz Watchtower endured and survived the wars fought in Bohol during the Philippine-American War and the Second World War wherein the town of Maribojoc was among those razed to the ground. The triangular plan of Punta Cruz Watchtower topped by a hexagonal tower all amde of cut stones makes it a unique example of Spanish military architecture and serves as a testament to the ingenuity of its local builders.

Declared as a National Historical Landmark by virtue of National Historical Institute Resolution No. 4, s. 2009.

Marker Text:

Bantayan ng Punta Cruz

Ipinatayo ng mga paring Recoletos sa Patronato ni San Vicente Ferrer laban sa pagsalakay ng mga piratang moro, 1796. Yari sa korales na may hugis tatsulok as unang palapag at heksagonal sa ikalawang palapag. Naligtas sa pagkasira noong digmaang Filipino-Amerikano at Ikalawang Digmaang Pandaigdig nang sunugin ng mga puwersang Hapones ang bayan ng Maribojoc, 1944. Halimbawa ng arkitekturang militar noong panahon ng mga Espanyol at bantayog sa kahusayan ng mga lokal na artisano. Ipinahayag na Pambansang Palatandaang Pangkasaysayan, 2003.

Marker date: May 16, 2009",Visayas,0,0,0,0,0,1,0,LOW,Which of the following was constructed in 1796 as part of the colonial military defense system against Moro raiders in Bohol?,The site was constructed in 1796 as part of the colonial military defense system against Moro raiders in Bohol.
TP00318,Fort Nuestra Señora del Rosario,Fort Nuestra Señora del Rosario,MILITARY_STRUCTURE,Kuta sang Nuestra Señora del Santo Rosario / Fort San Pedro; Tanggulang Nuestra Señora del Rosario; Fort Nuestra Señora Del Rosario,Region VI,Iloilo City,Highly Urbanized City,"Important Cultural Property, National Museum; Marked Structure, NHCP","Marker Text:

Fort Nuestra Señora Del Rosario

Site of Fort Nuestra Señora Del Rosario. Built in 1617 as a protection against pirates. It was made of mortar and stone and was square in shape with four bastions. The one facing south were built by General Juan De Mesa.",Visayas,0,0,0,1,0,0,0,HIGH,Which of the following was constructed in 1617 as a defense against pirates and features a square shape with four bastions?,The site was built in 1617 as a protection against pirates and has a square shape with four bastions.
TP00319,Puerta Marina,Puerta Marina,MILITARY_STRUCTURE,Puerta Real / Ganghaan sa Hari; Puerta Marina; Puerta Real; Ganghaan sa Hari,Region VII,Argao,Cebu,"Registered Property, Municipality of Argao, Cebu",Puerta Marina or Puerta Real was also called “Ganghaan sa Hari” in reference to the arch gate. It was the main gate of the walled pueblo of Argao. The Arch Gate also served as sentry post - to look out for marauding pirates and slave traders which were rampant in the 1800s.,Visayas,0,0,0,0,0,0,0,LOW,"Which of the following served as the main entrance and sentry post for a walled pueblo in Argao, used to guard against pirates and slave traders in the 1800s?","The site served as the main entrance and sentry post for a walled pueblo in Argao, guarding against pirates and slave traders in the 1800s."
TP00320,Cuartel in Oslob Heritage Park,Cuartel Structure,MILITARY_STRUCTURE,Cuartel; Istruktura ng Kuwartel,Region VII,Oslob,Cebu,"Local Cultural Property - Oslob Heritage Site and Tourist Spot (per Resolution No. 8, s. 2014)",,Visayas,0,0,0,0,0,0,0,LOW,,
TP00321,Hospicio de San Jose de Barili,Hospicio de San Jose de Barili,INSTITUTIONAL_BUILDING,Hospicio de San Jose de Barili; Hospisyo ng San Jose ng Barili; Hospicio de San Jose,Region VII,Barili,Cebu,"Local Cultural Property - Cultural Treasures, Municipality of Barili, Cebu",Constructed in 1925. Considered to be the first home for the aged in the province of Cebu.,Visayas,0,0,0,0,0,0,0,LOW,Which of the following was established in 1925 as the first facility for the elderly in the province of Cebu?,The site was established in 1925 as the first home for the aged in Cebu.
TP00322,Roblee Science Hall,Roblee Science Hall,INSTITUTIONAL_BUILDING,Bulwagang Pang-agham ng Roblee,Region VI,Iloilo City,Highly Urbanized City,"Registered Property, Iloilo City",,Visayas,0,0,0,0,0,0,0,LOW,,
TP00323,Filamer Christian University,Filamer Christian University Marker,INSTITUTIONAL_BUILDING,Filamer Christian Institute; Filamer Christian College,Region VI,Roxas City,Capiz,"Historical Marker, NHCP","Marker Text:

Filamer Christian University
                
Itinatag ng mga misyonero sa pangunguna nina Rev. Joseph Robbins at Cecilia Sainz ang Baptist Home School, isang paaralang primarya, sa tahanan ni Cecilia Sainz upang turuan at bigyan ng tahanan ang mga batang naulila sa bayan ng Capiz (ngayo’y Roxas City, Capiz), 1904. Inilipat sa kasalukuyang lokasyon, 1908. Nagsara ang paaralan at ginamit bilang garison ng mga Hapon noong ikalawang digmaang pandaigdig. Pinangalanang Filamer Christian Institute bilang pagkilala sa pagkakaibigan ng mga Pilipino at Amerikano, 1948. Binuksan ang antas ng kolehiyo, 1968. Tinawag na Filamer Christian College, 1985. Naging unibersidad, 2010.

Marker Date: 08 October 2014",Visayas,0,0,0,0,0,0,0,LOW,Which of the following was established in 1904 to provide education and shelter for orphaned children in Capiz and later became a university in 2010?,The site was established in 1904 to provide education and shelter for orphaned children in Capiz and became a university in 2010.
TP00324,Saint Mary’s College of Catbalogan,Saint Mary’s College of Catbalogan,INSTITUTIONAL_BUILDING,Kolehiyo ng Santa Maria ng Catbalogan; St. Mary’s College of Catbalogan; SMCC,Region VIII,Catbalogan City,Samar,"Registered Property, City of Catbalogan, Samar","Before becoming St. Mary’s College of Catbalogan (SMCC), its roots trace back to the establishment of Bishop Singzon Institute in 1929, a parochial school named in honor of Bishop Pablo Singzon of Catbalogan who was the first bishop of Samar and also the first bishop of the diocese of Calbayog. Only in 1946 when the name was changed to Sacred Heart Junior College and later in 1948 as Sacred Heart College. SMCC is the only religious private educational institution ever established in the Province of Samar administered by the Religious of the Virgin Mary (RVM).",Visayas,0,0,0,0,0,0,0,LOW,Which of the following was established in 1929 as a parochial school named in honor of the first bishop of Samar?,The site was established in 1929 as a parochial school named in honor of the first bishop of Samar.
TP00325,Cebu Roosevelt Memorial Colleges,Cebu Roosevelt Memorial Colleges,INSTITUTIONAL_BUILDING,Kolehiyong Pang-alaala ng Roosevelt ng Cebu,Region VII,Bogo City,Cebu,"Registered Property, City of Bogo, Cebu",,Visayas,0,0,0,0,0,0,0,LOW,,
TP00326,Museo it Akean,Museo it Akean,HISTORIC_BUILDING,Museo ng Aklan,Region VI,Kalibo,Aklan,"Registered Property, Municipality of Kalibo, Aklan",The renovated and elegantly designed Museo it Akean serves as the repository of the province’s cultural heritage. Exhibited here are artifacts that attest to the rich history of Aklan and the masterpieces of Aklanon artists. (Source: http://www.kaliboaklan.gov.ph/tourism/landmarks/),Visayas,0,0,0,0,0,0,0,LOW,Which of the following serves as a repository for the cultural heritage of Aklan and showcases artifacts related to its rich history?,The site must serve as a repository for the cultural heritage of Aklan and exhibit artifacts related to its history.
TP00327,Doane Baptist Seminary,Doane Baptist Seminary,INSTITUTIONAL_BUILDING,Doane Baptist College; Seminaryong Baptist ng Doane,Region VI,Iloilo City,Highly Urbanized City,"Registered Property, Iloilo City",,Visayas,0,0,0,0,0,0,0,LOW,,
TP00328,Carcar City Museum,Carcar City Museum,HISTORIC_BUILDING,Museo ng Lungsod ng Carcar,Region VII,Carcar City,Cebu,"Registered Property, City of Carcar, Cebu",,Visayas,0,0,0,0,0,0,0,LOW,,
TP00329,Colegio de Santo Tomas Recoletos,Colegio de Santo Tomas Recoletos,INSTITUTIONAL_BUILDING,Kolehiyo ng Santo Tomas Recoletos; Colegio de Santo Tomas,Region VI,San Carlos City,Negros Occidental,"Registered Property, Province of Negros Occidental","The oldest College in San Carlos run by the recoletos father. The perfect example of a well preserved prewar school structure made out of V-cut flooring and wall. The open space at the compound were they held programs and affairs. 
 
 Source: Mr. Raymond Alunan Bayot",Visayas,0,0,0,0,0,0,0,LOW,Which of the following was established as the oldest college in San Carlos and is known for its well-preserved prewar school structure?,The site must be the oldest college in San Carlos and have a well-preserved prewar school structure.
TP00330,University of Negros Occidental – Recoletos,University of Negros Occidental – Recoletos,INSTITUTIONAL_BUILDING,Pamantasan ng Negros Occidental - Recoletos; University of Negros Occidental; University of Negros Occidental-Recoletos,Region VI,Bacolod City,Highly Urbanized City,"Registered Property, Province of Negros Occidental","The University of Negros Occidental-Recoletos was founded in 1941 in the town of Talisay by Dr. Antonio A. Lizares and Dr. Francisco Kilayko. It was then called ONI Occidental Negros Institute which initially offered only first and second years of high school education. However, the Second World War broke out in December of 1941 that forced the institute to temporarily close.
After the war in 1946, ONI was re-established, this time at Locsin Street in Bacolod City and offered elementary, high school and three college degree programs. It grew with the influx of students from all over the province; hence, it transferred to a bigger venue in Lizares Avenue, where it now stands. It was run by a Board of Trustees with Dr. Antonio Lizares as the first president and Dr. Francisco Kilayko as the Director of the School.
ONI continued to grow and made its mark in the whole province with the quality education it offered; hence on May 15, 1957, it became the University of Negros Occidental, the first University in the whole province. Five years later, on May 25, 1962, it became the University of Negros Occidental-Recoletos as it was passed on to the hands of the Order of Augustinian Recollects with Fr. Federico Terradillos, OAR as the first Rector. The Recollects brought with them a wealth of experience in the field of education. It was their apostolate to provide quality Catholic Christian education to all the youth in the whole province.
 
Source: http://www.uno-r.edu.ph/history/",Visayas,0,0,0,0,0,0,0,LOW,"Which of the following became the first university in the province on May 15, 1957, and was later passed to the Order of Augustinian Recollects in 1962?","The site became the first university in the province on May 15, 1957, and was passed to the Order of Augustinian Recollects in 1962."
TP00331,Iloilo Central Elementary School,Iloilo Central Elementary School,INSTITUTIONAL_BUILDING,Mababang Paaralang Sentral ng Iloilo,Region VI,Iloilo City,Highly Urbanized City,"Registered Property, Iloilo City",,Visayas,0,0,0,0,0,0,0,LOW,,
TP00332,Silliman Hall,Silliman Hall,INSTITUTIONAL_BUILDING,Bulwagang Silliman,Region VII,Dumaguete City,Negros Oriental,"Registered Property, Dumaguete City, Negros Oriental","Silliman Hall is the first building to be constructed on Silliman campus in 1903.It held the school library, classrooms, and the faculty rooms. During the World War II, it was used by the Japanese Army as their headquarters. ",Visayas,0,0,0,0,0,0,0,LOW,Which of the following was the first building constructed on a university campus in 1903 and served as the headquarters for the Japanese Army during World War II?,The building was constructed in 1903 and served as the headquarters for the Japanese Army during World War II.
TP00333,Negros Occidental High School,Negros Occidental High School,INSTITUTIONAL_BUILDING,Buluthuan nga Sekondarya sang Negros Occidental; Mataas na Paaralan ng Negros Occidental; NOGCHS; NOHS; Negros Occidental General Comprehensive High School,Region VI,Bacolod City,Highly Urbanized City,"Marked Structure, NHCP; Registered Property, Province of Negros Occidental","Marker Text:

Kinikilala na pinakamatandang mataas na paaralang pambayan sa Negros Occidental. Ito ay itinatag bilang Instituto Rizal, 1902. Inilipat sa Gusaling Pampaaralan sa dating Sitio Bagroy ng Hacienda Lupit, 1907. Naging Rizal Institute,1914, at pagkaraan, Negros Occidental High School at Bacolod High School. Inilipat sa kasalukuyang kinatatayuan, 1931. Naging himpilan ng mga hapon noong Ikalawang Digmaang Pandaigdig.
_____
The foundation for the establishment of a Provincial High School in Negros Occidental was already laid in 1901 by the Division Superintendent, George W. Beattie, so that when Act 372 of the Philippine Commission was passed on March 7, 1901, empowering the Provincial Boards of the country to provide funds for the erection or renting and other expenses for a secondary school in the province, Beattie was ready for implementation of the plan, including the hiring of teachers in time for the opening of the school on July 1, 1902.
In 1927, the permanent high school building was constructed at the present site. The construction was finished about 1931. When classes were transferred to the newly constructed building in September 1931, the name inscribed in the building facade read, ""Bacolod High School"". This was because in the public works program under the Appropriations Act of 1927, the name appearing was: ""the construction of the Bacolod High School"". However, the name was never officially used, instead the name Negros Occidental High School was used in all communications. NOGCHS In 1970, NOHS was drastically changed to Negros Occidental General comprehensive High School (NOGCHS) by virtue of R.A. 5694, series of 1970. It was passed in Congress without proper consultations from the students and alumni. Enraged, the school alumni lead the legal battle to change it. It took more than ten years of legal battle by the alumni and friends to eventually pass Batas Pambansa No. 2193, series of 1983 which changed NOGCHS back to its old name, the Negros Occidental High School.

Source: https://en.wikipedia.org/wiki/Negros_Occidental_High_School",Visayas,0,0,0,0,0,0,0,LOW,Which of the following was established in 1902 and underwent a name change in 1983 after a legal battle led by its alumni?,The site was established in 1902 and had its name changed in 1983 due to alumni efforts.
TP00334,West Visayas State University,West Visayas State University,INSTITUTIONAL_BUILDING,WVSU; Pambansang Pamantasan ng Kanlurang Visayas,Region VI,Iloilo City,Highly Urbanized City,"Marked Structure, NHCP","Marker Text:

West Visayas State University

Itinatag bilang Iloilo Normal School, 16 Hunyo 1902. Natapos ang gusali ng paaralan, 1924. Naging West Visayas State College, 4 Mayo 1965. Naging West Visayas State University, 27 Enero 1986. Hinirang bilang Center of Excellence for Teacher Education ng Commission on Higher Education, 1995.

Year Unveiled: 2007",Visayas,0,0,0,0,0,0,0,LOW,"Which of the following was established on June 16, 1902, and later became a Center of Excellence for Teacher Education in 1995?","The site was established on June 16, 1902, and became a Center of Excellence for Teacher Education in 1995."
TP00335,Upland Elementary School,Upland Elementary School,INSTITUTIONAL_BUILDING,Paaralang Elementarya ng Upland,Region VII,Carcar City,Cebu,"Registered Property, City of Carcar, Cebu",,Visayas,0,0,0,0,0,0,0,LOW,,
TP00336,Sen. Jose Cortes Altavas Monument,Sen. Jose Cortes Altavas Monument,MONUMENT,Altavas Monument; Sen. Jose Cortes Altavas Monument,Region VI,Altavas,Aklan,"Registered Property, Municipality of Altavas, Aklan","Sen. Jose Cortes Altavas began his political career as an elected member of the Capiz (present day, Roxas City) Municipal Council in 1903 and later as Provincial Board Member from 1906 until 1907. From 1907 to 1909, he was voted as a legislator to the First Philippine Legislature for the 2nd district of the province. In 1910, he became governor of Capiz and served until 1916. It was during his term that the construction of the provincial capitol building, bridges and roads between Aklan and Capiz began. From 1916 to 1922, Altavas was elected senator during the Fourth Philippine Legislature and the Fifth Philippine Legislature, representing the 7th senatorial district that was composed of the provinces of Capiz, Iloilo and Romblon. By 1925, he again won as 2nd district representative and his term ended in 1927. He was also voted to be the 1st district delegate to the 1934 Constitutional Assembly.

The Sen. Jose Cortes Altavas Monument was made for educational and historical site for students and tourist. The place used to commemorate the birth of the late Sen. Jose Cortes Altavas. The statue is made of bronze mounted on multi-tiered pedestal with a distinctive design. The statue is life sized, standing atop the pedestal. The pedestal is constructed from concrete, painted in a vibrant combination of blue and red. The pedestal is rectangular with a wider base that tapers slightly as it rises. The front and sides has plaque. It is situated within a fenced area, located at public plaza surrounded by trees, playgrounds and buildings, like the sports complex, church and municipal hall.",Visayas,0,0,0,0,0,0,0,LOW,Which of the following was established as a commemorative site for a prominent political figure who served as governor of Capiz from 1910 to 1916?,The site is a commemorative location for a political figure who served as governor of Capiz from 1910 to 1916.
TP00337,Jose Rizal Monument Arevalo Plaza,Jose Rizal Monument 05 - Arevalo Plaza,MONUMENT,Bantayog ni Jose Rizal 05 - Liwasang Arevalo; Jose Rizal Monument 05 - Arevalo Plaza; Bantayog ni Jose Rizal Liwasang Arevalo,Region VI,Iloilo City,Highly Urbanized City,"Registered Property, Iloilo City",,Visayas,0,0,0,0,0,0,0,LOW,,
TP00338,Pagdakip kay Heneral Ananias Diokno Marker,Pagdakip kay Heneral Ananias Diokno Marker,MONUMENT,Palatandaan ng Pagdakip kay Heneral Ananias Diokno; Heneral Ananias Diokno,Region VI,Altavas,Aklan,"Historical Marker, NHCP","Marker Text:

Pagdakip kay Heneral Ananias Diokno

Dito sa Altavas sa Aklan (dati’y Jimeno at noo’y bahagi ng Capiz) dinakip si Ananias Diokno ng mga Amerikano, 1901. Kilala sa taguring “Heneral Pandagat,” namuno sa hukbong ekspedisyon ng Panay, Agosto 1898; matagumpay na nakipaglaban sa mga Espanyol sa pulo ng Panay. Itinalagang gobernador politiko-militar ng Capiz at lumahok sa pakikipaglaban ng mga gerilya sa Digmaang Pilipino–Amerikano, 1899.

Marker Date: 30 August 2013",Visayas,0,0,0,0,0,0,0,LOW,Which of the following was the site where a Filipino general known for his leadership during the Philippine-American War was captured by American forces in 1901?,The site is where a Filipino general was captured by American forces in 1901.
TP00339,Arch. Gabriel M. Reyes Monument,Arch. Gabriel M. Reyes Monument,MONUMENT,Bantayog ni Arsobispo Gabriel M. Reyes,Region VI,Kalibo,Aklan,"Historical Marker, NHCP","Marker Text:

Gabriel M. Reyes
1892-1952

Unang Pilipinong Arsobispo sa Arkidiyosesis ng Maynila. Isinilang sa Kalibo, Capiz, ngayo'y bahagi ng Aklan kina Eulogio Reyes, Jr. at Manuela Martelino, 24 Marso 1892. Inordenahan bilang bilang pari 27 Marso 1915. Tsanselor-kalihim ni Obispo James P. Mccloskey ng Jaro, Iloilo, 1920-1927. Bikar Heneral ng Diyosesis ng Jaro, 1927-1932. Obispo ng Cebu, 1932-1934. Arsobispo ng Cebu, 1934-1949. Itinalaga sa Arkidiyosesis ng Maynila upang maging katuwang ni Arsobispo Michael James o'Doherty, 12 Setyembre 1949. Hinirang na Arsobispo ng Maynila, 14 Oktubre 1949. Yumao, 10 Oktubre 1952.

Date: March 24, 2022",Visayas,0,0,0,0,0,0,0,LOW,"Which of the following honors the first Filipino Archbishop of Manila, who was born in Kalibo in 1892?","The site must honor the first Filipino Archbishop of Manila, born in Kalibo in 1892."
TP00340,Agustin Sumuroy Monument,Agustin Sumuroy Monument,MONUMENT,Agustin Sumoroy Monument; Bantayog ni Agustin Sumuroy; Palatandaan ni Agustin Sumuroy; Agustin Sumuroy Marker,Region VIII,Palapag,Northern Samar,"Marked Structure, NHCP; Registered Property, Province of Northern Samar","Marker Text:

Agustin Sumuroy

Isinilang sa Palapag, Samar. Namuno sa pag-aalsa laban sa mga Espanyol bilang protesta sa sapilitang paggawa at mga pang-aabuso sa mga katutubo, 1 Hunyo 1649. Lumaganap ito sa lalawigan ng Cebu, Masbate at Bohol sa Kabisayaan; Iligan, Hilangang Mindanao at Zamboanga sa Mindanao; at Sorsogon at Albay sa Luzon. Ito ay kinikilala bilang unang malawakang paghihimagsik ng mga katutubo. Pinagkanulo at pinaslang ng sariling mga tauhan, 1650.

Year Unveiled: 2008",Visayas,0,0,0,0,0,0,0,LOW,"Which of the following honors a native of Palapag, Samar, who led a widespread revolt against Spanish forced labor in 1649?",The site must honor the Palapag native who led the widespread 1649 revolt against Spanish forced labor.
TP00341,Pantaleon Villegas (Leon Kilat) Monument,Leon Kilat Monument (Carcar),MONUMENT,"Bantayog ni Leon Kilat (Carcar); Palatandaan ni Pantaleon Villegas ""Leon Kilat"" (1873-1898); Pantaleon Villegas ""Leon Kilat"" (1873-1898) Marker; Leon Kilat Monument (Carcar); Leon Kilat",Region VII,Carcar City,Cebu,"Marked Structure, NHCP","Marker Text:

Pantaleon Villegas
“Leon Kilat”
(1873–1898)

Isinilang sa Bacong, Negros Oriental, 27 Hulyo 1873. Sumanib sa Katipunan habang nasa Maynila matapos paslangin ang mga mandaragat mula sa Kabisayaan sa Calle Camba, Binondo, Setyembre 1896. Dinakip at ikinulong ng mga Espanyol, nakatakas at sumanib sa puwersang Rebolusyonaryo sa Cavite, 1897. Inatasan ni Hen. Emilio Aguinaldo na palawakin ang kilusang Rebolusyonaryo sa Cebu, 1897. Pinamunuan ang pag-aalsa ng Tres de Abril sa Lungsod ng Cebu, 1898. Pinaslang sa Carcar, Cebu, 8 Abril 1898. Ibinalik ang mga labi sa bayan ng Bacong, Negros Oriental, 2 Agosto 1926.",Visayas,0,0,0,0,0,0,0,LOW,"Which of the following honors the leader of the Tres de Abril uprising in Cebu City, who was killed in Carcar on April 8, 1898?","The site must honor the leader of the Tres de Abril uprising in Cebu City, killed in Carcar on April 8, 1898."
TP00342,Nicholas Loney Monument,Nicholas Loney Monument,MONUMENT,Bantayog ni Nicholas Loney; Palatandaan ni Nicholas Loney (1826-1869); Nicholas Loney (1826-1869) Marker,Region VI,Iloilo City,Highly Urbanized City,"Marked Structure, NHCP","Marker Text:

Nicholas Loney
(1826–1869)

Ipinanganak sa Plymouth, Devonshire, Inglaterra noong 1826, siya ay nagtungo sa Maynila bilang mangangalakal noong 1851. Itinalaga siya bilang unang Bise-Konsul na Ingles sa Iloilo noong 1856 pagkaraang ipahayag na ito’y isang pandaigdig na daungan. Malaki ang naitulong niya sa pagpapaunlad ng Panay at Negros, lalo na sa industriya ng asukal, sa pamamagitan ng paggamit ng mga makabagong iluhan ng tubo at pagbibigay ng tulong na pananalapi sa mga magtatanim ng tubo. Ang kanyang bahay-kalakal, ang Loney and Company ang kaunaunahagang kompanya ng dayuhan sa Iloilo. Pinagbuti niya ang mga kaluwagang pandaungan at nagsagawa ng unang tuwirang eksportasyon ng asukal buhat sa Iloilo noong 1859. Lubhang nawiwili sa pagpapaunlad ng pangangalakal at industriya. Sinimulan niya ang ilang pagbabago buhat sa pamahalaang Kastila. Siya ay namatay noong Abril 22, 1869 at inilibing sa Iloilo.

Year Unveiled: 1981",Visayas,0,0,0,0,0,0,0,LOW,Which of the following was recognized in 1981 to honor an English Vice-Consul who significantly contributed to the sugar industry in Iloilo during the 19th century?,The site was established in 1981 to honor an English Vice-Consul known for his contributions to the sugar industry in Iloilo.
TP00343,Pastor Martelino Monument,Pastor Martelino Monument,MONUMENT,Bantayog ni Pastor Martelino; Palatandaan ni Koronel Pastor C. Martelino; Koronel Pastor C. Martelino Marker; Koronel Pastor C. Martelino,Region VI,Kalibo,Aklan,"Marked Structure, NHCP","Marker Text:

Koronel Pastor C. Martelino

Isinilang sa Kalibo, Aklan, 8 Agosto 1896. Nagtapos sa Akademya Militar, West Point at sumapi sa Philippine Scouts bilang 2nd Lt., 1920. Itinaas sa 1st Lt., 1921. Naging kapitan, 1935. Itinalaga sa Hukbong Filipino at hinirang na unang Filipinong patnugot ng Philippine Military Academy, 1936. Pangalawang Hepe ng Estado Mayor, G-3, Dibisyon ng Pagsasanay at Pagkilos, Pangkalahatang Sentral na Estado, Hukbong Filipino, 1940. Hepe ng Estado Mayor, 31st Division, Philippine Army. Kasapi ng Coast Artillery Corps, 1941. Bilang kasapi ng USAFFE, lumaban sa pagtatanggol sa Bataan; nakasama sa Death March, at nakatakas. Sumapi sa kilusang gerilya laban sa Hapon sa Maynila, 1942. Nabihag ng mga Hapon at pinahirapan sa Kuta ng Santiago, 1944. Binitay, 8 Enero 1945. Ginawaran ng posthumous Distinguished Conduct Star.

Date Unveiled: November 3, 2006",Visayas,0,0,0,0,0,0,0,LOW,Which of the following was established in 2006 to honor a Filipino military officer who fought in the defense of Bataan and was executed by the Japanese during World War II?,The site was established in 2006 to honor a Filipino military officer who fought in the defense of Bataan and was executed by the Japanese during World War II.
TP00344,"Macario Peralta, Jr. Monument","Macario Peralta, Jr. Monument",MONUMENT,"Bantayog ni Macario Peralta, Jr.; Palatandaan ni Macario Peralta, Jr. (30 Hulyo 1913-30 Disyembre 1965); Macario Peralta, Jr. (30 Hulyo 1913-30 Disyembre 1965) Marker",Region VI,Kalibo,Aklan,"Marked Structure, NHCP","Marker Text:

Macario L. Peralta, Jr.
30 Hulyo 1913 – 30 Disyembre 1965

Isinilang sa Maynila, 30 Hulyo 1913. Abogado, piniling maging laang kawal, 1936. Itinalagang kumandante ng 61st Provisional Regiment ng USAFFE, 1941. Hindi isinuko ang Panay sa mga Hapon at pinamunuan ang Hukbong USAFFE dito, Daanbanwa, Lambunao, Iloilo, 1 Hunyo 1942. Itinatag ang Free Panay Guerrilla Forces, Inadlawan, Dueñas, Iloilo, 1 Hulyo 1942. Kinilala ng mga gerilyero sa Gitnang Pilipinas at Bikol bilang pinuno. Nabawi ang Iloilo, 20 Marso 1945. Senador, 1949–1955. Kalihim ng Tanggulang Pambansa, 1962–1965. Yumao, 30 Disyembre 1965.

Date Unveiled: July 20, 2013",Visayas,0,0,0,0,0,0,0,LOW,Which of the following was established to honor a military leader who played a significant role in the resistance against Japanese forces in the Philippines during World War II?,The site was established to honor a military leader involved in the resistance against Japanese forces in the Philippines during World War II.
TP00345,Rajah Humabon Monument,Rajah Humabon Monument,MONUMENT,Bantayog ni Rajah Humabon; Humabon; Raha ng Sugbo,Region VII,Cebu City,Highly Urbanized City,"Marked Structure, NHCP; Registered Property, Cebu City","Marker Text:

Humabon

Raha ng Sugbo, ngayo'y Cebu. Ipinakilala ni Raha Kolambu ng Limasawa kay Fernando Magallanes, pinuno ng Ekspedisyong Magallanes-Elcano, 7 Abril 1521. Pinahintulutan si Magallanes na magtayo ng panandang krus sa Cebu, 10 Abril 1521, at magsagawa ng binyagang Kristiyano rito, 14 Abril 1521. Bininyagan siya sa pangalang Carlos, hango sa pangalan ng Hari ng Espanya. Ang asawa na bininyagang Juana, at mga anak. Sumuporta sa paglusob ni Magallanes sa Mactan, 26 Abril 1521. Bigong mabawi ang mga labi ni Magallanes at ng iba pang tauhan matapos ang labanan sa Mactan, 27 Abril 1521. Binantaan ng mga taga-Mactan na lulusubin ang Cebu kung hindi pupuksain ang mga nalalabing kasapi ng ekspedisyon sa Cebu, 29 Abril 1521. Nanguna sa pagpaslang sa mga opisyal ng ekspedisyon, 1 Mayo 1521.

Date: May 24, 2022",Visayas,0,0,0,0,0,0,0,LOW,"Which of the following was the site where Ferdinand Magellan was allowed to establish a cross and perform a Christian baptism in Cebu on April 10, 1521?","The site where Ferdinand Magellan established a cross and performed a Christian baptism in Cebu on April 10, 1521."
TP00346,Leon Kilat Monument (Bacong),Leon Kilat Monument (Bacong),MONUMENT,"Bantayog ni Leon Kilat (Bacong); Palatandaan ni Pantaleon Villegas ""Leon Kilat"" (1873-1898); Pantaleon Villegas ""Leon Kilat"" (1873-1898) Marker; Leon Kilat; Pantaleon Villegas",Region VII,Bacong,Negros Oriental,"Marked Structure, NHCP","Marker Text:

Pantaleon Villegas
“Leon Kilat”
(1873–1898)

Isinilang sa Bacong, Negros Oriental, 27 Hulyo 1873. Sumanib sa Katipunan habang nasa Maynila matapos paslangin ang mga mandaragat mula sa Kabisayaan sa Calle Camba, Binondo, Setyembre 1896. Dinakip at ikinulong ng mga Espanyol, nakatakas at sumanib sa puwersang Rebolusyonaryo sa Cavite, 1897. Inatasan ni Hen. Emilio Aguinaldo na palawakin ang kilusang Rebolusyonaryo sa Cebu, 1897. Pinamunuan ang pag-aalsa ng Tres de Abril sa Lungsod ng Cebu, 1898. Pinaslang sa Carcar, Cebu, 8 Abril 1898. Ibinalik ang mga labi sa bayan ng Bacong, Negros Oriental, 2 Agosto 1926.

Year Unveiled: 2000",Visayas,0,0,0,0,0,0,0,LOW,Which of the following was the site where a leader of a significant uprising in Cebu was honored after his remains were returned in 1926?,The site is where the remains of a leader of the Tres de Abril uprising in Cebu were returned in 1926.
TP00347,Patrocinio Gamboa Monument,Patrocinio Gamboa Monument,MONUMENT,Bantayog ni Patrocinio Gamboa; Palatandaan ni Patrocinio Gamboa; Patrocinio Gamboa Marker,Region VI,Iloilo City,Highly Urbanized City,"Marked Structure, NHCP","Marker Text:

Patrocinio Gamboa

Rebolusyonaryo. Isinilang sa pook na ito kina Fermin Gamboa at Leonarda Villareal, 30 Abril 1865. Sumapi sa Kilusang Rebolusyonaryo sa Iloilo, Marso 1898. Ipinagsapalaran ang kanyang buhay sa pagdadala ng bandila ng Pilipinas mula Jaro hanggang Santa Barbara, kung saan itinataas ito ni Heneral Martin Delgado nang pasinayaan ang pansamantalang Pamahalaang Rebolusyonaryo, 17 Nobyembre 1898. Inalagaan at inaruga ang mga nasugatan at maysakit sa panahon ng digmaan laban sa mga Amerikano. Yumao, 24 Nobyembre 1953 sa Molo, Iloilo.

Date Unveiled: April 30, 2015",Visayas,0,0,0,0,0,0,0,LOW,"Which of the following was the birthplace of a revolutionary figure who played a significant role in the Philippine Revolution and is commemorated with a marker unveiled on April 30, 2015?","The site is the birthplace of a revolutionary figure who was involved in the Philippine Revolution and has a marker unveiled on April 30, 2015."
TP00348,General Juan Araneta Monument,General Juan Araneta Monument,MONUMENT,Bantayog ni Heneral Juan Araneta,Region VI,Bago City,Negros Occidental,"Registered Property, Province of Negros Occidental","Juan Anacleto Araneta was born in Bago, Negros Occidental to a well to do couple, Romualdo Araneta and Agueda Torres who were immigrants from Iloilo. Juan’s grandfather was one of the signers of a petition to establish a settlement on the bank of the Bago River.
 
 From the Atenio Municipal de Manila, he completed the course in “perito mercantile” equivalent to degree of Bachelor of Science in Business Administration today. Among his contemporaries were Jose Rizal, Jose Alejandrino and Apolinario Mabini. Upon his return to Bago, he was named “capitan municipal” like his father, and also engaged in farming and business.
 
 In 1891, after the death of the first wife, Cristeta Sarmiento, he went to Europe with his friend, Claudio Reina, There, he observed mechanized agriculture and came in contact with ideals of Filipino propangandists.
 
 Source: http://philhistomarkers.nhcp.gov.ph/?structures=general-juan-araneta-historical-landmark",Visayas,0,0,0,0,0,0,0,LOW,"Which of the following was the site where a prominent figure in Filipino history, who observed mechanized agriculture in Europe and was involved in local governance, was commemorated?",The site commemorates a prominent figure in Filipino history who observed mechanized agriculture in Europe and was involved in local governance.
TP00349,Panay Landing Memorial,Panay Landing Memorial,MONUMENT,Alaala sa Pagdaong sa Panay; Palatandaan ng Pagdaong sa Panay; Panay Landing Marker; Panay Landing,Region VI,Tigbauan,Iloilo,"Marked Structure, NHCP","Marker Text:

Panay Landing

On these shores landed, 18 March 1945, the 40th Infantry Division, 8th U.S. Army under Major General Rapp Brush. The Filipino forces under Colonel Macario Peralta, Jr. met them and jointly started operations for liberating Panay Island.

Year Unveiled: 1954",Visayas,0,0,0,0,0,0,0,LOW,Which of the following marks the site where the 40th Infantry Division and Filipino forces began operations to liberate an island on 18 March 1945?,The site marks the location of the joint operations of the 40th Infantry Division and Filipino forces on 18 March 1945.
TP00350,Santa Barbara Golf Course,Santa Barbara Golf Course,CULTURAL_LANDSCAPE,Golf Course sang Santa Barbara / Iloilo Golf and Country Club; Golf Course ng Santa Barbara; Iloilo Golf and Country Club,Region VI,Santa Barbara,Iloilo,"Marked Structure, NHCP","Marker Text:

Santa Barbara Golf Course

Itinatag ng mga inhinyerong taga-Scotland ng Philippine Railway Company ang golf course sa Barangay San Sebastian, Santa Barbara, Iloilo, 1907. Binuo ang Santa Barbara Golf and Country Club para lamang sa mga taga-Britanya at Amerikano, 1912. Naging kasapi ng Royal and Ancient Golf Club of St. Andrews, Fife, Scotland at tumanggap ng mga Pilipinong kasapi, 1920. Sinunog ng mga Hapon ang club house, 1941. Nagsilbing kwartel ng mga sundalong Pilipino at Amerikano, 1945. Naging Iloilo Golf and Country Club, 1947. Kinikilala bilang pinakamatandang nananatiling golf course sa Pilipinas, 2006.

Year Unveiled: 2007",Visayas,0,0,0,0,0,0,0,LOW,"Which of the following was established in 1907 by Scottish engineers of the Philippine Railway Company, and had its clubhouse burned by Japanese forces in 1941?",The site was established in 1907 by Scottish engineers of the Philippine Railway Company and its clubhouse was burned by Japanese forces in 1941.
TP00351,Amparo-Santos Ancestral House,Santos House,OLD_HOUSE,Santos House,NCR,Manila,Metro Manila,"Registered Property, City of Manila",,Metro Manila,0,0,0,0,0,0,0,LOW,,
TP00352,Santiago Heritage House,Santiago House,OLD_HOUSE,Santiago House,NCR,Manila,Metro Manila,"Registered Property, City of Manila",,Metro Manila,0,0,0,0,0,0,0,LOW,,
TP00353,Quezon Heritage House,Quezon Heritage House,OLD_HOUSE,Manuel L. Quezon House; Pamanang Bahay ni Quezon; Quezon Heritage Home,NCR,Quezon City,Metro Manila,"Local Cultural Property - Local Heritage Site, Quezon City (per Ordinance No. SP-2428, s-2015); Registered Property, Quezon City","The house was originally located at Gilmore St., Barangay Mariana, New Manila, Quezon City within a 100-hectare property.  This was once the weekend house of Manuel Luis Quezon and his family.  More than 60% of materials used in this house came from the original house.  The original house was first rented by Quezon in 1927 and was later bought. The property expanded by purchasing adjacent lots. (Source: http://www.qctourism.net/2016/08/relieve-past-at-quezon-heritage-home.html)",Metro Manila,0,0,0,0,0,0,0,LOW,Which of the following was once the weekend residence of a prominent Filipino leader and is located within a 100-hectare property in New Manila?,The site was originally a weekend house for a prominent Filipino leader and is situated within a 100-hectare property in New Manila.
TP00354,De la Merced House,De la Merced House,OLD_HOUSE,,NCR,Manila,Metro Manila,"Registered Property, City of Manila",,Metro Manila,0,0,0,0,0,0,0,LOW,,
TP00355,Fernandez House,Fernandez House,OLD_HOUSE,,NCR,Manila,Metro Manila,"Registered Property, City of Manila",,Metro Manila,0,0,0,0,0,0,0,LOW,,
TP00356,Mira-Nila Heritage House,Mira-Nila Heritage House,OLD_HOUSE,Mira-Nila; Pamanang Bahay ng Mira-Nila; Mira-Nila House,NCR,Quezon City,Metro Manila,"Heritage House, NHCP; Registered Property, Quezon City","Marker Text

Mira-Nila House

Declared a Heritage House by the National Historical Commission of the Philippines
7 April 2011",Metro Manila,0,0,0,0,0,0,1,LOW,,
TP00357,Pascual House,Pascual House,OLD_HOUSE,,NCR,Manila,Metro Manila,"Registered Property, City of Manila",,Metro Manila,0,0,0,0,0,0,0,LOW,,
TP00358,Casa Tesoro,Casa Tesoro,OLD_HOUSE,,NCR,Manila,Metro Manila,"Registered Property, City of Manila",,Metro Manila,0,0,0,0,0,0,0,LOW,,
TP00359,Leiva-Syquia Ancestral House,Syquia House,OLD_HOUSE,Syquia House,NCR,Manila,Metro Manila,"Registered Property, City of Manila",,Metro Manila,0,0,0,0,0,0,0,LOW,,
TP00360,Jimenez House,Jimenez House,OLD_HOUSE,,NCR,Manila,Metro Manila,"Registered Property, City of Manila",,Metro Manila,0,0,0,0,0,0,0,LOW,,
TP00361,Lichauco Heritage House,Lichauco Heritage House,OLD_HOUSE,Lichauco Residence; Pamanang Bahay ng Lichauco; Lichauco House,NCR,Manila,Metro Manila,"Heritage House, NHCP; Registered Property, City of Manila","The house was built in Santa Ana, Manila during the early American period and owned by the O'brien family who relocated at the start of Japanese occupation of Manila, leaving it to serve as refuge for many civilians, including the family of Ambassador Marcial Lichauco. The house was acquired by Ambassador Marcial Lichauco from the original owners after the Second World War and has since served as residence of his family. The Lichauco House serves as extant example of a domestic architecture built during the colonial era and a living witness to the development of the historic district of Santa Ana.

Declared as a Heritage House by virtue of National Historical Commission of the Philippines Resolution No. 05, s. 2010.

Marker Text:

Lichauco House

Declared a Heritage House by the National Historical Commission of the Philippines
21 July 2010

Marker date: 2010",Metro Manila,0,0,0,0,0,0,1,LOW,"Which of the following was declared a Heritage House by the National Historical Commission of the Philippines on July 21, 2010, and served as a refuge for civilians during the Japanese occupation of Manila?","The site must have been declared a Heritage House by the National Historical Commission of the Philippines on July 21, 2010, and served as a refuge during the Japanese occupation."
TP00362,Antonio Villa-Real House,Residence of Associate Justice and Mrs. Antonio Villa-real,OLD_HOUSE,Orchid Garden Suites Manila; Tahanan nina Kasamang Mahistrado at Gng. Antonio Villa-real; Residence of Associate Justice and Mrs. Antonio Villa-real; Villa-Real House,NCR,Manila,Metro Manila,Work of National Artist for Architecture Pablo S. Antonio,"The elegant house designed by Pablo S. Antonio for Associate Justice Antonio and Pacita Villa-real at 620 Vito Cruz Street (then an enclave of the wealthy) sat proudly like a fresh young debutante facing Harrison Park and ﬂanked by the Roces-Legarda house on her right and the Hidalgo-Lim house on her left in the early 1930’s. The beautiful Art Deco style house had spacious and dining and entertainment areas for parties, large bedrooms with adjoining verandahs adorned with thick Art Deco grills, a third ﬂoor music room and a tower.
During the Liberation of Manila in February 1944, the Japanese army tried to set the house on ﬁre. After the war, Alicia Villa-real Roces commissioned Pablo S. Antonio to supervise the renovation of the house that she inherited from her parents. 620 Vito Cruz rose from the ashes and was faithfully restored to her former glory and leased out to embassies and other tenants from the 1950's to the 1960's. (Source: The Architectural Legacy of Pablo S. Antonio: 1901-1975)",Metro Manila,0,0,0,0,1,0,0,LOW,Which of the following was restored after the Japanese army tried to set it on fire during the Liberation of Manila and is located at 620 Vito Cruz Street?,The site must be the house at 620 Vito Cruz Street that the Japanese army tried to set on fire during the Liberation of Manila.
TP00363,Jones Bridge,Puente de Binondo,BRIDGE,Puente de Binondo,NCR,Manila,Metro Manila,"Registered Property, City of Manila",,Metro Manila,0,0,0,0,0,0,0,LOW,,
TP00364,Bureau of Customs ,Bureau of Customs / Kawanihan ng Adwana,CIVIC_BUILDING,Kawanihan ng Adwana,NCR,Manila,Metro Manila,"Registered Property, City of Manila",,Metro Manila,0,0,0,0,0,0,0,LOW,,
TP00365,Chamber of Commerce of the Philippine Islands,"Ang Chamber of Commerce of the Philippines Foundation, Inc.",CIVIC_BUILDING,"Ang Chamber of Commerce of the Philippines Foundation, Inc.; CCPI; Ang Kamara ng Komersyo ng Pilipinas; Chamber of Commerce of the Philippine Islands; Chamber of Commerce of the Philippines; Chamber of Commerce of the Philippines Foundation Inc.; La Cámara de Comercio de las Islas Filipinas",NCR,Manila,Metro Manila,"Marked Structure, NHCP","Marker Texts:

The Chamber of Commerce of the Philippine Islands

Founded as the Camara de Comercio de Manila to promote commerce and industry in the country, 9 April 1886. Reestablished and registered as a corporation of the Camara de Comercio Filipina, 1903; Chamber of Commerce of the Philippine Islands, 1919; Chamber of Commerce of the Philippines, 1946; Chamber of Commerce of the Philippines Foundation Inc., 1979; Chamber of Commerce of the Philippine Islands, 2011. Present building constructed following the design of Juan Arellano, 1937.

Year Unveiled: 2014
_____
Ang Chamber of Commerce of the Philippine Islands

Itinatag bilang Camara de Comercio de Manila, 9 Abril 1886 upang mapaunlad ang komersyo at industriya sa bansa. Muling itinatag at itinala bilang korporasyon ng Camara de Comercio Filipina, 1903; Chamber of Commerce of the Philippine Islands, 1919; Chamber of Commerce of the Philippines, 1946; Chamber of Commerce of the Philippines Foundation Inc., 1979; Chamber of Commerce of the Philippine Islands, 2011. Itinayo ang kasalukuyang gusali na idinisenyo ni Juan Arellano, 1937.

Year Unveiled: 2014
_____
La Cámara de Comercio de las Islas Filipinas

Fundada como la Cámara de Comercio de Manila con el fin de promover el comercio y la industria en el país, 9 de Abril de 1886. Establecida de nuevo y registrada como la de Cámara de Comercio Filipina, 1903; Chamber of Commerce of the Philippine Islands, 1919; Chamber of Commerce of the Philippines, 1946; Chamber of Commerce of the Philippines Foundation Inc., 1979; Chamber of Commerce of the Philippine Islands, 2011. El actual edificio fue construido segun lo diseñado por Juan Arellano, 1937.

Year Unveiled: 2014",Metro Manila,0,0,0,0,0,0,0,LOW,"Which of the following was founded in Manila on April 9, 1886, to promote trade and industry in the country, and occupies a building designed by Juan Arellano in 1937?","The site was founded on April 9, 1886, to promote trade and industry, and its building was designed by Juan Arellano in 1937."
TP00366,Department of Foreign Affairs,Asia Development Bank Headquarters,CIVIC_BUILDING,"ADB; DFA Building; Department of Foreign Affairs; Punong Himpilan Bangko ng Pagpapaunlad ng Asya,'Asia Development Bank Headquarters; DFA",NCR,Pasay City,Metro Manila,Work of National Artist for Landscape Architecture Ildefonso P. Santos,"After forging a partnership with Gabino De Leon and Homero lngles, he established
in 1951 his own architectural office, which bore his name. Through this ﬁrm, he
continued to design buildings stamped with his distinct architectural style and
philosophy deserving recognition. Among the benchmarks of his aesthetic and
functional achievements were the Batasang Pambansa Complex, Ministry of
Education and Culture Building, Ministry of Foreign Affairs Building, Development
Academy of the Philippines in Pasig, Philippine Veterans Bank at Bonifacio Drive,
Antonino Building in Luneta, Great Paciﬁc Life Building in Makati, Church of
Jesus of Latter Day Saints in Green Meadows, institutional buildings For Bicol
University, Palawan National Agricultural College, Mariano Marcos State University
in Batac, llocos Norte, Central Mindanao University in Musuan, Bukidnon,
University of the Philippines Los Banos, and College of the Holy Spirit.
(Source: Arkitekturang Filipino by Gerard Lico)",Metro Manila,0,0,0,0,1,0,0,LOW,Which of the following was designed by an architect who established his own firm in 1951 and is known for creating significant government buildings in the Philippines?,The architect established his own firm in 1951 and designed significant government buildings in the Philippines.
TP00367,National Power Corporation,National Power Corporation,CIVIC_BUILDING,Pambansang Korporasyon para sa Kuryente,NCR,Quezon City,Metro Manila,Work of National Artist for Architecture Jose Maria V. Zaragoza,,Metro Manila,0,0,0,0,1,0,0,LOW,,
TP00368,National Press Club,National Press Club,CIVIC_BUILDING,NPC; Pambansang Samahang Pang-press,NCR,Manila,Metro Manila,"Marked Structure, NHCP","Marker Text:

National Press Club

Itinatag bilang samahan ng mga peryodista, 1952. Ipinatayo ang gusaling idinisenyo ni Angel Nakpil, 1955. Sa ikatlong palapag ipininta ni Vicente Manansala, Pambansang Alagad ng Sining, ang “Freedom of the Press” mural, Oktubre 1955. Kinilala sa pagpapalaganap ng pagkakaisa at pagkakaunawaan ng peryodista, pagtatanggol sa kalayaan sa pamamamhayag at pagtataguyod ng mga tuntunin at etika tungo sa pagsulong ng propesyon gayundin sa pakikipag-ugnayan sa iba’t ibang samahang lokal at internasyonal sa pagpapabuti ng kasanayan at kakayahan ng mga nasa propesyon.

Year Unveiled: 2006",Metro Manila,0,0,0,0,0,0,0,LOW,Which of the following was established in 1952 as an organization for journalists and features a mural painted by a National Artist in 1955?,The site was established in 1952 as an organization for journalists and features a mural painted by a National Artist in 1955.
TP00369,University of the Philippines College of Medicine,University of the Philippines College of Medicine,INSTITUTIONAL_BUILDING,,NCR,Manila,Metro Manila,"Registered Property, City of Manila",,Metro Manila,0,0,0,0,0,0,0,LOW,,
TP00370,National Library of the Philippines,National Library of the Philippines,INSTITUTIONAL_BUILDING,National Library; NLP; Pambansang Aklatan ng Pilipinas; Palatandaan ng Aklatang Pambansa; Ang Aklatang Pambansa Marker; Aklatang Pambansa; Pambansang Aklatan,NCR,Manila,Metro Manila,"Marked Structure, NHCP; Work of National Artist for Architecture Jose Ma. V. Zaragoza; Registered Property, City of Manila","Marker Texts:

National Historical Commission (NHC) Marker:

Ang Aklatang Pambansa

Nagmula sa American Circulating Library na itinatag noong 1900 at ipinagkaloob sa pamahalaan ng Pilipinas noong 1901; naging sangay ng Kawanihan ng Pagtuturo noong 1905. Noong 1908 ay pinagtibay ng Asamblea ang Batas Blg. 1935 na nagtatadhana ng pagsasama-sama ng lahat ng mga aklatang bayan at ang kabuuan nito’y pinanganlang Philippine Library and Museum noong 1916, na naging National Library noong 1928. Noong panahon ng Hapon, ang ilan sa mga sangay ng aklatan ay inilipat sa Pamantasan ng Pilipinas at ang mahahalagang kasulatan ay inilipat sa gusali ng Philippine Normal School. Ang pinakamalaking bahagi ng mga aklat at kasulatan ay natupok sa labanang ibinunga ng pagbabalik ng mga Amerikano noong 1945. Ang nailigtas ay naging saligan ng Bureau of Public Libraries. Noong 1964, ang pangalan ay ibinalik sa dating National Library.

Year Unveiled: 1969

---

National Historical Commission of the Philippines (NHCP) Marker:

Pambansang Aklatan ng Pilipinas

Ang diwa ng Pambansang Aklatan ay nagsimula nang itatag ang Museo-Biblioteca de Filipinas sa bisa ng isang Real Decreto ni Reyna Maria Cristina ng Espanya, 12 Agosto 1887. Pinasinayaan, 25 Oktubre 1891. Unang nagbukas sa Calle Gunao, Quiapo, Maynila at kalauna’y lumipat sa Casa de Moneda, Intramuros, Maynila. Itinuloy sa panahon ng mga Amerikano ang pagbubuo ng pambansang aklatan nang pag-isahin ang mga aklatang pampubliko bilang The Philippine Library, 20 Mayo 1909, at nakilala sa iba’t ibang pangalan. Lubhang napinsala noong Ikalawang Digmaang Pandaigdig, liban sa ilang koleksyong nakaligtas sa pambobomba noong 1945 sa Maynila. Nakilala bilang Pambansang Aklatan ng Pilipinas sa bisa ng Batas Republika Blg. 10087, 13 Mayo 2010. Nagsilbing tahanan ng karunungan, kasaysayan, at kulturang Pilipino.   

Marker date: August 11, 2022",Metro Manila,0,0,0,0,1,0,0,LOW,"Which of the following was established in 1887 by a royal decree and has undergone several name changes, including its recognition as a national institution in 2010?",The site was established in 1887 by a royal decree and recognized as a national institution in 2010.
TP00371,National University Manila,National University,INSTITUTIONAL_BUILDING,NU; Pamantasang Pambansa; National University,NCR,Manila,Metro Manila,"Marked Structure, NHCP","Marker Text:

National University

The first private non-sectarian university in the Philippines. Founded, August 1, 1900, as Colegio Filipino by Mariano F. Jhocson. Renamed Colegio Mercantil, 1905; National Academy, 1916. Converted into a university, 1921. Camilo Osias, first president.

Year Unveiled: 1952",Metro Manila,0,0,0,0,0,0,0,LOW,"Which of the following was founded on August 1, 1900, as the first private non-sectarian university in the Philippines?","The site was founded on August 1, 1900, as the first private non-sectarian university in the Philippines."
TP00372,Legarda Elementary School,Legarda Elementary School,INSTITUTIONAL_BUILDING,LES; Mababang Paaralan ng Legarda; Palatandaan ng Paaralang Legarda; Paaralang Legarda Marker; Paaralang Legarda,NCR,Manila,Metro Manila,"Marked Structure, NHCP; Registered Property, City of Manila","Marker Text:

Paaralang Legarda

Ipinatayong yari sa kahoy sa istilong Victorian noong 1922 at pinanganlan kay Don Benito T. Legarda, Kalihim ng Pananalapi ng Unang Republika ng Pilipinas at unang Resident Komisyoner ng Pilipinas sa Washington D.C., na siya ring naghandog nito sa pamahalaan ng Maynila para sa kabataan ng Sampaloc. Nang sumiklab ang Ikalawang Digmaang Pandaigdig ito ay nagsilbing himpilan ng mga sundalong Hapon. Ang dating istilong arkitektural at ang tradisyon sa mataas na uri ng pagtuturo rito ay nanatili sa paglipas ng panahon.
_____
It was built in 1922 and was named after Benito Legarda who was a prominent legislator and cabinet member during the first republic of the Philippines.",Metro Manila,0,0,0,0,0,0,0,LOW,Which of the following was built in 1922 and served as a base for Japanese soldiers during World War II?,The site was built in 1922 and served as a base for Japanese soldiers during World War II.
TP00373,Arellano University Legarda,Arellano University,INSTITUTIONAL_BUILDING,AU; Gusali ng Pamantasang Arellano; Florentino P. Cayco Marker; Arellano University,NCR,Manila,Metro Manila,"Marked Structure, NHCP; Work of National Artist for Architecture Juan F. Nakpil","Marker Text:

Florentino P. Cayco
(1892-1976)

Ipinanganak, Oktubre 16, 1892, Malabon, Rizal. Nagkamit ng titulong Batsilyer sa mga Sining, Indiana University, 1921; Dalubhasa sa mga Sining, Columbia University, 1922. Unang naglingkod bilang Hardinero, Kawanihan ng mga Lupain. Naging guro sa paaralang premarya, 1909 at superbisor, Kalookan, 1917-1918; katulong ng superintendente ng mga paaralang lungsod, 1922-1935; pangulo, National University, 1937-1941; tagapagtatag, Arellano University, 1938; Pangalawang Kalihim ng Instruksiyon at Impormasyon, 1945-1946. Tumanggap ng mga gawag at pagkilala sa kanyang katangi-tanging paglilingkod sa larangan ng edukasyon buhat sa pamahalaan at mga samahang publiko. Namatay, Agosto 29, 1976.",Metro Manila,0,0,0,0,1,0,0,LOW,Which of the following was founded in 1938 by an influential educator who served as the president of a prominent university in the Philippines?,The site was founded in 1938 by an influential educator who served as the president of a prominent university in the Philippines.
TP00374,Adamson University Manila,Adamson University,INSTITUTIONAL_BUILDING,Adamson; AdU; Pamantasang Adamson; Adamson University,NCR,Manila,Metro Manila,"Marked Structure, NHCP","The Adamson University Building is a tall concrete edifice set at a considerable distance from the stream of traffic along San Marcelino Street. Situated to its right is the Adamson University Chapel, the Church of San Vicente de Paul, to its left is a long low canteen bounded by the Estero de Balete of the Pasig River. This estero separates the University building from another educational establishment, the Technological University of the Philippines.
The building is approached through its spacious grounds, dotted here with greens, where students are either idly passing the time away or busy studying under some shady tree. The building itself is a three-storeyed affair of Neo-Renaissance character. Its impressive façade has a central marquee supporting a large balustered balcony. On this balcony, four Doric columns carry a central arch with a console decoratively used as a keystone. Flanking the marquee, tall Corinthian-inspired pilasters rise up high from the ground these pilasters, below which the name of the university is boldly inscribed. Pilasters, regularly spaced at the façade, break the horizontal movement of its left and right wings.
Through the years, the University has grown into a university complex with additional buildings constructed also in the San Marcelino area, for the needs of its growing population.

Source: NHCP
_______
Marker Text:

Adamson University

Itinatag ni George Lucas Adamson bilang Adamson School of Industrial Chemistry sa Santa Cruz, Maynila, 1932. Inilipat sa San Miguel, Maynila, 1933. Naging Adamson School of Industrial Chemistry and Engineering, 1936. Tanging bumuo ng ROTC Chemical Warfare Service Unit sa bansa, 1936. Inilipat sa Intramuros, 1939. Naging Adamson University, 1941. Ginamit ng puwersang Hapon, 1942. Sinunog noong Labanan sa Maynila, 1945. Muling binuksan sa dating Congregation of the Mission Central House sa Daang San Marcelino, Ermita, Maynila, 1946. Naging pag-aari ng Congregation of the Mission, 1964. Pinalawak ang kampus nang mabili ang Gusaling Meralco, 1968, ang lupa ng Tabacalera, 1974, at ang St. Theresa’s College, 1977.

Date Unveiled: February 8, 2007",Metro Manila,0,0,0,0,0,0,0,LOW,"Which of the following is housed in a three-storey Neo-Renaissance building on San Marcelino Street, beside the Church of San Vicente de Paul and the Estero de Balete?","The site is a three-storey Neo-Renaissance building on San Marcelino Street, beside the Church of San Vicente de Paul and the Estero de Balete."
TP00375,University of Manila,University of Manila,INSTITUTIONAL_BUILDING,UM; Pamantasan ng Maynila; University of Manila,NCR,Manila,Metro Manila,"Marked Structure, NHCP","Marker Text:

University of Manila

Established as Instituto de Manila by a group of Filipino educators, 5 October 1913. Converted into a University, 3 November 1921. Apolinario G. De Los Santos, first president. Opened first school of foreign service, 3 May 1946. Building was occupied by the Japanese forces during their occupation of Manila. Used temporarily as City Hall and Senate Session Hall in 1945. Mariano V. De Los Santos, president since 1927.",Metro Manila,0,0,0,0,0,0,0,LOW,Which of the following was established in 1913 as an educational institution and later converted into a university in 1921?,The site was established in 1913 and converted into a university in 1921.
TP00376,Monumento sa mga Bayani ng 1896,Monumento sa mga Bayani ng 1896,MONUMENT,Bonifacio Monument; Ang Alaala ng mga Bayani ng 1896; Monumento ng mga Bayani ng 1896; Monumento sa mga Bayani ng 1896,NCR,Quezon City,Metro Manila,"Marked Structure, NHCP; Registered Property, Quezon City","Marker Text:

Monumento sa mga Bayani ng 1896

Itinayo sa Balintawak, noo’y sakop ng Kalookan, 27 Agosto 1911, bilang pag-alaala sa mga bayani ng Himagsikang Filipino ng 1896. Nilikha ni Ramon Martinez y Lazaro. Pinasinayaan, 3 Setyembre 1911. Inilipat sa Bulwagang Vinzons, Unibersidad ng Pilipinas, Diliman, Lungsod Quezon, 29 Nobyembre 1968.

Year Unveiled: 2011",Metro Manila,0,0,0,0,0,0,0,LOW,"Which of the following was inaugurated on September 3, 1911, to commemorate the heroes of the Philippine Revolution of 1896?","The site was inaugurated on September 3, 1911, as a tribute to the heroes of the Philippine Revolution of 1896."
TP00377,Bonifacio Monument,Bonifacio Monument,MONUMENT,Bonifacio; Ang Alaala ng mga Bayani ng 1896; In Memory of the Heroes of 1896,NCR,Quezon City,Highly Urbanized City,"Registered Property, Quezon City",,Metro Manila,0,0,0,0,0,0,0,LOW,,
TP00378,Libingan ng mga Bayani National Shrine,Libingan ng mga Bayani National Shrine,CULTURAL_LANDSCAPE,Pambansang Dambana ng Libingan ng mga Bayani; Libingan ng mga Bayani; National Shrine,NCR,Taguig City,Metro Manila,"National Shrine, NHCP","Declared as a National Shrine by virtue of Presidential Proclamation No. 208, s. 1967.",Metro Manila,0,0,0,0,0,0,0,LOW,,
TP00379,Plaza Felipe Calderon,Plaza Felipe Calderon,CULTURAL_LANDSCAPE,Liwasang Felipe Calderon; Palatandaan ni Felipe G. Calderon; Felipe G. Calderon Marker,NCR,Manila,Metro Manila,"Marked Structure, NHCP","Marker Text:

Felipe G. Calderon

Pedagogue, lawyer, writer, scholar and patriot. Drafted the Constitution of the first Philippine Republic. Founder of the Colegio de Abogados de Filipinas and the Escuela de Derecho de Manila, 1899. First president, Asociacion de Tagalistas, 1904. Organizer, Asociacion Historica de Filipinas, 1905. Son of Jose Gonzales Calderon and Manuela Roca born 4 April 1868 in (Santa Cruz de Malabon) Tanza, Cavite. Lived in the district of Santa Ana. Died 6 June 1908.

Year Unveiled: 1954",Metro Manila,0,0,0,0,0,0,0,LOW,"Which of the following honors a lawyer born in Tanza, Cavite, who drafted the Constitution of the first Philippine Republic?",The site must honor the Tanza-born lawyer who drafted the Constitution of the first Philippine Republic.
TP00380,Rizal Fountain,Rizal Fountain,CULTURAL_LANDSCAPE,Rizal Fountain; Rizal Park,NCR,Manila,Metro Manila,"Marked Structure, NHCP","Marker Text:

Rizal Fountain

Dating nasa tahanan ni Pastor Karl Ullmer sa Wilhelmsfeld, Alemanya kung saan nanirahan si Jose Rizal nang tapusin niya ang mga huling kabanata ng nobelang Noli me Tangere, 1886. Ipinagkaloob ng pamahalaan ng Alemanya sa Pilipinas bilang tanda ng makasaysayang relasyon ng dalawang bansa at inilagay sa Rizal Park, 30 Disyembre 1964. Isinaayos, 1994. Muling isinaayos bilang bahagi ng ika-150 taong pagdiriwang ng kapanganakan ni Rizal, 2011.

Date Unveiled: December 30, 2011",Metro Manila,0,0,0,0,0,0,0,LOW,Which of the following was the residence of a notable Filipino author while he completed the final chapters of his famous novel in 1886 and was later recognized by the German government as a symbol of the historical relationship between Germany and the Philippines?,The site was the residence of a notable Filipino author while he completed the final chapters of his famous novel in 1886 and was recognized by the German government.
TP00381,Mabini Shrine (PUP),Mabini Shrine (PUP),OLD_HOUSE,Dambanang Apolinario Mabini; Sa Bahay na ito Namayapa si Apolinario Mabini Noong 13 Mayo 1903 Marker; Mabini Shrine; Dambanang Mabini,NCR,Manila,Metro Manila,"National Shrine, NHCP; Historical Marker, NHCP; Registered Property, City of Manila","The original house, located at No. 21 Nagtahan, was ordered transferred to an adjacent lot close to the river banks by President Manuel Quezon in 1935; then dismantled and transferred, upon the approval of the Secretary of Agriculture and Natural Resources, the National Planning Commission, and the Philippine Historical Committee in 1963, to the Bureau of Animal Industry property across the Pasig River, now Malacanang Park. The PUP Mabini Campus will be the fourth site of Mabini Shrine.

Declared as a National Shrine by virtue of Presidential Proclamation No. 324, s. 1968, and No. 1992, 2010. Its transfer for the Mabini Campus in Santa Mesa, Manila was approved through National Historical Institute Resolution No. 1, s. 2008.

Marker Texts:

Sa bahay na ito namayapa si Apolinario Mabini noong 13 ng Mayo 1903.

Year Unveiled: 1941

-

Dambanang Apolinario Mabini

Ipinamana sa mag-asawang Maria del Rosario at Agapito Mabini na kapatid ni Apolinario Mabini ang bahay na ito na unang natagpuan sa 21 Kalye Nagtahan sa Maynila. Dito unang nanirahan si Mabini habang nag-aaral ng abogasya noong 1888. Muli siyang nanirahan dito matapos palayain sa pagkahuli niya sa Cuyapo, Nueva Ecija dahil sa kanyang pakikibahagi sa rebolusyon, 3 Oktubre 1900. Muling nagbalik sa bahay na ito si Mabini, 26 Pebrero 1903, matapos ipatapon sa Guam. Sa bahay na ito yumao si Mabini, 13 Mayo 1903. Inilipat ang bahay sa 23 Kalye Nagtahan nang gamitin ang loteng kinatatayuan ng bahay. Muling inilipat ang bahay sa dating Bureau of Anminal Industry, ngayo’y bahagi ng Malacañang Park, upang bigyang daan ang pagpapatayo ng kongkretong Tulay ng Mabini sa Nagtahan. Idineklarang Pambansang Dambana ni Mabini na pangangasiwaan ng National Historical Commission, 1968. Muling inilipat ang bahay sa Polytechnic University of the Philipines sa Sta. Mesa, Maynila dahil sa rehabilitasyon ng Ilog Pasig, 2009. Ipinahayag na permanenteng bahay ng Dambanang Mabini, 8 Pebrero 2010.

Marker date: 2013",Metro Manila,0,0,0,0,0,0,0,LOW,Which of the following was declared a National Shrine in 1968 and is associated with a prominent figure in Philippine history who passed away in 1903?,The site was declared a National Shrine in 1968 and is associated with a prominent figure in Philippine history who passed away in 1903.
TP00382,Elpidio Quirino Monument,Elpidio Quirino Monument,MONUMENT,Bantayog ni Elpidio Quirino; Palatandaan ni Elpidio R. Quirino; Elpidio R. Quirino Marker,NCR,Manila,Metro Manila,"Marked Structure, NHCP; Registered Property, City of Manila","Marker Text:

Elpidio R. Quirino

Ipinanganak sa Vigan, Ilocos Sur, Nobyembre 16, 1890. Nagtapos ng elementarya sa Aringay, La Union at sekondarya sa Manila High School, 1911. Nagkamit ng Titulo sa Batas, Pamantasan ng Pilipinas, 1915. Nagsimulang maglingkod sa bayan bilang guro sa Caparian, Agoo, La Union sa gulang na 16. Nahirang na pribadong kalihim ng Pangulong Manuel L. Quezon, Kalihim ng Pananalapi sa ilalim ng panunungkulan ng Gobernador Heneral Frank Murphy at Kalihim ng Kagawaran ng Interyor. Nahalal na kinatawan ng Ilocos Sur, 1919; senador 1922, 1931, 1941; delegado sa Kumbensiyong Konstitusyonal, 1934; at pangalawang pangulo ng Republika ng Pilipinas, 1946. Naging pangulo sa pagkamatay ni Pangulong Manuel A. Roxas, 1948; nahalal na pangulo, 1949. Namatay, Pebrero 29, 1956. Ang kanyang panunungkula’y kinatampukan ng muling pagpapayabong sa ekonomiya ng bansa na sinira ng Ikalawang Digmaang Pandaigdig at pagpapanumbalik ng kapayapaan at muling pananalig ng mamamayan sa pamahalaan.

Date Unveiled: March 1, 1994",Metro Manila,0,0,0,0,0,0,0,LOW,"Which of the following was unveiled on March 1, 1994, to honor a former president of the Philippines who served during the post-World War II era?","The site was unveiled on March 1, 1994, to honor a former president of the Philippines."
TP00383,"Benigno Ninoy Aquino, Jr. Monument","Benigno ""Ninoy"" Aquino, Jr. Monument",MONUMENT,"Ninoy Aquino Monument; Bantayog ni Benigno ""Ninoy"" Aquino, Jr.",NCR,Quezon City,Metro Manila,"Registered Property, Quezon City",,Metro Manila,0,0,0,0,0,0,0,LOW,,
TP00384,Juan Luna Monument,Juan Luna Monument,MONUMENT,Bantayog ni Juan Luna; Palatandaan ni Juan Luna y Novicio; Juan Luna y Novicio Marker,NCR,Manila,Metro Manila,"National Historical Monument, NHCP","Marker Texts:

Juan Luna y Novicio
(1857-1899)

Pintor, Makabayan at Diplomat. Isinilang noong Oktubre 24, 1857 sa Badoc, Ilocos Norte. Nag-aral sa Ateneo Municipal de Manila, Escuela de Bellas Artes at Escuela Nautica, Maynila; at Academia de Bellas Artes de San Fernando, Madrid, Espanya. Ipininta sa Roma ang kilalang ""The Death of Cleopatra,"" 1881, at ""Spoliarium,"" 1884; at ""The Battle of Lepanto,"" ""The Blood Compact,"" ""People and Kings,"" atbp. kasama nina Jose Rizal, Graciano Lopez Jaena at Marcelo H. Del Pilar sa Kilusang Propaganda. Sugong Pandiplomatiko ni Heneral Emilio Aguinaldo, Paris, 1898. Namatay sa Hongkong noong Disyembre 7, 1899.
Sa bisa ng Kautusan ng Pangulo Blg. 260, 1 Agosto 1873, na sinusugan ng mga Kautusan ng Pangulo Blg. 75, 14 Enero 1974, at Blg. 1505, 11 Hunyo 1978, ito ay ipinahayag bilang Pambansang Bantayog Pangkasaysayan.

Date Unveiled: December 14, 1985
_____
Juan Luna y Novicio
(1857-1899)

Painter, patriot, and diplomat. Born on October 24, 1857 in Badoc, Ilocos Norte. Studied at Ateneo Municipal de Manila, Escuela de Bellas Artes and Escuela Nautica, Manila; and Academia de Bellas Artes de San Fernando, Madrid, Spain. Painted in Rome the famous ""The Death of Cleopatra,"" 1881 and ""Spoliarium,"" 1884, and the ""Battle of Lepanto,"" ""The Blood Compact,"" ""People and Kings"" and others. Associate of Jose Rizal, Graciano Lopez Jaena and Marcelo H. del Pilar in the Propaganda Movement. Diplomatic agent of Gen. Emilio Aguinaldo, Paris 1898. Died in Hongkong on December 7, 1899.
By virtue of Presidential Decree No. 260, 1 August 1973, as amended by Presidential Decree No. 3775, 14 January 1974, and No. 1505, 11 June 1978. This is declared a National Historical Monument. 

Date Unveiled: December 14, 1985",Metro Manila,0,0,0,0,0,0,0,LOW,Which of the following was declared a National Historical Monument in 1985 to honor a prominent painter and diplomat associated with the Propaganda Movement?,The site was declared a National Historical Monument in 1985 to honor a prominent painter and diplomat associated with the Propaganda Movement.
TP00385,Ramon Magsaysay Monument,Ramon Magsaysay Monument,MONUMENT,Bantayog ni Ramon Magsaysay; Palatandaan ni Ramon Magsaysay; Ramon Magsaysay Marker,NCR,Manila,Metro Manila,"Marked Structure, NHCP","Marker Text:

Ramon Magsaysay 
(1907-1957)
Pangulo ng Republika ng Pilipinas

President of the Republic of the Philippines
(1953-1957)",Metro Manila,0,0,0,0,0,0,0,LOW,Which of the following commemorates a former President of the Philippines who served from 1953 to 1957?,The site commemorates a former President of the Philippines who served from 1953 to 1957.
TP00386,Melchora Aquino (Tandang Sora) Marker,Melchora Aquino (Tandang Sora) Marker,MONUMENT,Tandang Sora Shrine; Palatandaan ni Melchora Aquino (Tandang Sora); Tandang Sora,NCR,Quezon City,Metro Manila,"Historical Marker, NHCP","Marker Text:

Melchora Aquino
(Tandang Sora)

Isinilang sa Baryo Banlat, Kalookan ngayo’y Banlat, Lungsod Quezon, 6 Enero 1812. Tinaguriang Ina ng Himagsikan dahil sa pagtulong sa mga Katipunero na pinamumunuan ni Gat Andres Bonifacio sa pamamagitan ng pagpapakain at pag-aalaga sa mga sugatan. Dinakip ng mga Espanyol at ipinatapon sa Guam, 1896. Pinalaya ng mga Amerikano at nagbalik sa Pilipinas, 1903. Yumao, 19 Pebrero 1919 at inilibing sa Mausoleo de los Veteranos de la Revolucion, Manila North Cemetery. Inilipat ang mga labi sa Himlayang Pilipino, 6 Enero 1970.

Marker date: 2007",Metro Manila,0,0,0,0,0,0,0,LOW,"Which of the following was the burial site of a prominent figure known as the Mother of the Revolution, who supported the Katipuneros during the Philippine Revolution?",The site is the burial location of a significant historical figure associated with the Philippine Revolution.
TP00387,Arroceros Forest Park,Arroceros Forest Park,CULTURAL_LANDSCAPE,Arroceros Park; Liwasang Arroceros; Arroceros Forest Park,NCR,Manila,Metro Manila,"Archaeological Site, National Museum; Registered Property, City of Manila","Since 1920s, archaeological excavations have been undertaken in the Mehan Gardens and yielded archaeological materials and ancients structures dating back the to pre-colonial period. These archaeological evidences indicate that the site was used extensively as habitation and burial areas by prehistoric Filipinos that could be traced back to the AD 16th century or even earlier. Also declared as an historic site, the area where the Mehan Gardens now stand was also the seat of the Parian, a community of Chinese traders, from the late 16th century to the middle of the 18th century.

Archeological evidence exposed at the Mehan Garden and its vicinity indicated that this is an important component of the country's archaeological cultural heritage, extending the area presently known as the Arroceros Forest Park adjacent to the Pasig River.

Declared as an Archeological Site by virtue of National Museum Declaration No. 01-2004",Metro Manila,0,0,0,0,0,0,0,LOW,,
TP00388,Plaza Lacson,Plaza Lacson,CULTURAL_LANDSCAPE,Plaza Goiti; Liwasang Lacson; Plaza de Goiti,NCR,Manila,Metro Manila,"Registered Property, City of Manila","The plaza was formerly known as Plaza de Goiti. Today it is called Plaza Lacson—renamed after the first mayor of the city of Manila, Arsenio Lacson.",Metro Manila,0,0,0,0,0,0,0,LOW,Which of the following was renamed in honor of the first mayor of Manila and was formerly known by a different name?,The site was renamed after the first mayor of the city of Manila.
TP00389,Manila Zoological and Botanical Garden,Manila Zoological and Botanical Garden,CULTURAL_LANDSCAPE,Manila Zoo; Zoo at Harding Botaniko ng Maynila,NCR,Manila,Metro Manila,"Registered Property, City of Manila","It was opened in 1959 to allow the public to see different mammals, plants and flowers.",Metro Manila,0,0,0,0,0,0,0,LOW,,
TP00390,Loyola Memorial Park,Loyola Memorial Park,CULTURAL_LANDSCAPE,Liwasang Pang-alaala ng Loyola,NCR,Marikina City; Parañaque City,Metro Manila,Work of National Artist for Landscape Architecture Ildefonso P. Santos,"Work of Architect I.P. Santos (1983)
_____
The Loyola Memorial Parks, one in Paranaque and the other in Marikina, are the successful visionary end results of a triumvariate partnership of business, landscape architecture,a nd fine art. The developers used art supported by a sophisticated lanscape design as a strategic marketing tool in both memorial parks. It was also the first tme in the Philippines that scupture interacted with the environment, enhancing the landscape with symbols on the abstract concept of death and redemption. 

The earlier Marikina park was developed over a period of twenty-five to thirty years although the Paranaque branch was fits to be opened to the public. (Source: The landscape architecture of Ildefonso P. Santos)",Metro Manila,0,0,0,0,1,0,0,LOW,"Which of the following was developed as a memorial park in the Philippines, featuring a unique integration of art and landscape design, and was the first to allow sculpture to interact with the environment?","The site must be a memorial park in the Philippines that integrates art and landscape design, allowing for interaction between sculpture and the environment."
TP00391,Balara Filters Park,Balara Filters Park,CULTURAL_LANDSCAPE,Liwasang Balara Filters; Balara Filters Plant; Balara Filters,NCR,Quezon City,Metro Manila,"Registered Property, Quezon City",The park which was named after its location in the Balara Filters Plant is one of the oldest recreation areas in Quezon City.  It was first opened to the public in 1953 and was once a favorite weekend destination of Metro Manila residents until the 1970s.,Metro Manila,0,0,0,0,0,0,0,LOW,Which of the following was opened to the public in 1953 and was a popular weekend destination for residents of Metro Manila until the 1970s?,The site was opened to the public in 1953 and was a popular weekend destination for residents of Metro Manila until the 1970s.
TP00392,Plaza Rajah Sulayman,Plaza Rajah Sulayman,CULTURAL_LANDSCAPE,Liwasang Rajah Sulayman; Palatandaan ni Engracia Cruz Reyes (1892–1975); Engracia Cruz Reyes (1892–1975) Marker,NCR,Manila,Metro Manila,"Marked Structure, NHCP","Marker Text:

Engracia Cruz Reyes
(1892–1975)

Ipinanganak, Navotas, Rizal, Abril 16, 1892. Nanguna sa industriya ng restaurant, tagapagtaguyod ng pagkaing Pilipino at ng baro’t saya; feminista. Nagsimula sa negosyo sa pamamagitan ng pagbubukas ng kantinang ‘Lapu-Lapu’ na nagsisilbi ng mga popular na pagkaing Pilipino sa Marquez de Comillas, Maynila, 1928. Sinundan ito ng travelling store na pinanganlang ‘Aristocrat,’ 1936; itinatag ang Aristocrat Restaurant sa Dewey Boulevard (ngayo’y Roxas Boulevard), 1939; sumapi sa Suffragette Movement, 1937; nagkamit ng gawad pagkilala bilang Mother of the Outstanding Family of the Year; Republic Day Award, 1955; Most Oustanding Woman Award sa marketing ng Philippine Marketing Association, 1967. Sa kanyang karangalan, Ang Gintong Ina Award para sa Outstanding Mother of the Year ay itinatag ng Pambansang Kabataang Barangay, 1982. Namatay, Hulyo 5, 1975.

Date Unveiled: July 12, 1992",Metro Manila,0,0,0,0,0,0,0,LOW,Which of the following was established in 1939 by a prominent figure in the Philippine restaurant industry and is recognized for promoting Filipino cuisine?,The site was established in 1939 by a notable individual in the restaurant industry who advocated for Filipino food.
TP00393,Plaza Olivia Salamanca,Plaza Olivia Salamanca,CULTURAL_LANDSCAPE,Plaza Salamanca; Liwasang Olivia Salamanca,NCR,Manila,Metro Manila,"Marked Structure, NHCP; Work of National Artist for Landscape Architecture Ildefonso P. Santos; Registered Property, City of Manila","Marker Text:

Plaza Olivia Salamanca

In memory of Olivia Salamanca, M.D., pioneer woman physician of the Philippines. Born in San Roque, Cavite on 1 July 1889; appointed government scholar in 1905; studied in Drexel Institute, Philadelphia. Died on 11 July 1913. A devoted and competent practitioner, she was a credit to the medical profession and an inspiration to her fellow women.

Year Unveiled: 1955
_____
It was renamed after Dr. Olivia Salamanca. She was the second licensed female who graduated in 1901 to help the Filipinos afflicted with tuberculosis.",Metro Manila,0,0,0,0,1,0,0,LOW,Which of the following was established in 1955 to honor a pioneering female physician from the Philippines who was a government scholar and graduated in 1901?,The site was established in 1955 to honor a pioneering female physician from the Philippines.
TP00394,Golden Haven Memorial Park,Golden Haven Memorial Park,CULTURAL_LANDSCAPE,Liwasang Pang-alaala ng Golden Haven,NCR,Las Piñas City,Metro Manila,Work of National Artist for Landscape Architecture Ildefonso P. Santos,,Metro Manila,0,0,0,0,1,0,0,LOW,,
TP00395,Plaza Vicente del Fierro,Plaza Vicente del Fierro,CULTURAL_LANDSCAPE,Plaza Balagtas; Liwasang Vicente Del Fierro; Palatandaan ni Vicente L. del Fierro (1903–1960); Vicente L. del Fierro (1903–1960) Marker,NCR,Manila,Metro Manila,"Marked Structure, NHCP","Marker Text:

Vicente L. del Fierro
(1903–1960)

Tinaguriang “Del Fire”—isang haligi at tagapagtanggol ng kalayaan ng pamamahayag sa Pilipinas. Ipinanganak noong Disyembre 15, 1903 sa Castillejos, Zambales, at nanirahan ng 30 taon sa Gagalangin, Tondo, Maynila. Nagtapos ng A.B. Journalism sa Pamantasan ng Pilipinas, 1924. Patnugot, Philippine Collegian; mamahayag, Tribune at Philippines Herald; unang patnugot, Herald Mid-Week Magazine at Monday Mail; at tagalathala at patnugot, Zambales Reporter at Star Reporter. Pinagkalooban ng National Press Club ng Gawad ng Katangitanging Paglilingkod sa Pamamahayag, 1958. Namatay noong 28 Agosto 1960.

Date Unveiled: September 6, 1984",Metro Manila,0,0,0,0,0,0,0,LOW,"Which of the following honors a journalist nicknamed ""Del Fire,"" known as a defender of press freedom in the Philippines?","The site must honor the journalist nicknamed ""Del Fire,"" a defender of press freedom in the Philippines."
TP00396,Salakot Park,Salakot,CULTURAL_LANDSCAPE,Salakot,Region III,Angeles City,Highly Urbanized City,"Local Cultural Property - Important Historical Structures, City of Angeles (per Ordinance No. 383, series of 2015 (PO-879-10-15); Registered Property, City of Angeles","Salakot is a symbol of getting free from the clutches of the American dominion in Angeles City. The US Military Bases Agreement was forged between the United States of America and the Government of the Republic of the Philippines in 1947, a 99-year period treaty which was cut short during the time of President Ferdinand E. Marcos in 1979. For the first time the flag of the United States of America was hailed down and the Philippine flag, the symbol of our jurisdiction and authority was raised, concomitant to that was the establishment of the Salakot. The popularly known Salakot was originally located at the entrance of the Clark Air Base, is a silent witness of the resiliency of the Kapampangans and Angeleños during the withdrawal of the Americans from Clark Air Base and still standing even after the onslaught of the eruption of Mt. Pinatubo in the early nineties. The Salakot has been an iconic edifice in the City of Angeles, being a symbol of pride by the Angeleños, with its figurative existence, will make each feel his presence in the City of Angeles.",Luzon,0,0,0,0,0,0,0,LOW,"Which of the following was a significant symbol of the Philippines' independence from American control, particularly during the withdrawal from Clark Air Base?",The site is a symbol of the Philippines' independence from American control and is associated with the withdrawal from Clark Air Base.
TP00397,Camp General Emilio Aguinaldo,Camp General Emilio Aguinaldo,MILITARY_STRUCTURE,Camp Aguinaldo; Camp General Emilio Aguinaldo; CGEA,NCR,Quezon City,Metro Manila,"Registered Property, Quezon City","Camp General Emilio Aguinaldo (CGEA) is the military headquarter of the Armed Forces of the Philippines (AFP) and is located in Quezon City in the Philippines. It is located along Epifanio de los Santos Ave. (or EDSA), in front of Camp Crame, the national headquarters of the Philippine National Police (PNP). The camp covers a total land area of 178.78 hectares. Of these, 152.52 hectares were purchased by the government and the remaining 26.26 hectares were donated by Ortigas and Co. Partnership Ltd.

The military base is named after the revolutionary leader, Emilio Aguinaldo who became the first Philippine President, that fought in the Philippine Revolution the Spanish–American and the Philippine–American War.",Metro Manila,0,0,0,0,0,0,0,LOW,Which of the following serves as the military headquarters for the Armed Forces of the Philippines and is located along Epifanio de los Santos Avenue in Quezon City?,The site must be the military headquarters of the Armed Forces of the Philippines located along Epifanio de los Santos Avenue in Quezon City.
TP00398,Philippine Navy Headquarters,Philippine Navy Headquarters,MILITARY_STRUCTURE,Punong Himpilan ng Hukbong Dagat; Palatandaang Pang-alaala; Memorare Marker,NCR,Manila,Metro Manila,"Marked Structure, NHCP",,Metro Manila,0,0,0,0,0,0,0,LOW,,
TP00399,Pintong Postigo,Pintong Postigo,MILITARY_STRUCTURE,Puerta Postigo; Pintong Postigo; Puerta Postigo del Governador,NCR,Manila,Metro Manila,"Marked Structure, NHCP","Marker Text:

Pintong Postigo

Ito ang ikatlong pintong nakaharap sa Look ng Maynila at tinatawag na “Puerta Postigo del Governador” na malapit sa likuran ng Palasyo ng Gobernador noong panahon ng Kastila. Muling itinayo noong 1783 sa kinadoroonan ng ikalawang pinto ng inhinyero ng hukbo na si Thomas Sanz noong panahon ni Gobernador Jose Basco at Vargas. Sa pintong ito nagdaan si Dr. Jose Rizal nang siya’y dalhin ng mga kawal na Kastila buhat sa Kuta ng Santiago hanggang Bagumbayan (ngayo’y bahagi ng Rizal Park) upang barilin noong ika-30 ng Disyembre 1896. Sa silid ng mga opisyal ng pintong iyan ikinulong si Tenyente Manuel L. Quezon noong 1902 matapos sumuko sa mga Amerikano. Nasira ang bahagi ng pinto noong 1945 dahil sa digmaan; muling ginawa ng Intramuros Restoration Committee noong 1968 sa tulong ng abuloy ng Inner Wheel Club ng Maynila, ng pambansang pamahalaan, at ng Lungsod ng Maynila.

Year Unveiled: 1968",Metro Manila,0,0,0,0,0,0,0,LOW,"Which of the following is the gate through which Dr. Jose Rizal passed on his way to his execution on December 30, 1896?","The site must be the gate through which Dr. Jose Rizal passed on his way to his execution on December 30, 1896."
TP00400,Puerta Santa Lucia,Pintong Santa Lucia,MILITARY_STRUCTURE,Pintong Santa Lucia; Pintong Sta. Lucia,NCR,Manila,Metro Manila,"Marked Structure, NHCP","Marker Text:

Pintong Sta. Lucia

Ito ang ikalawang pintong nakaharap sa Look ng Maynila na nasa panulukan ng Daang Real at Daang Sta. Lucia. Muling ginawa noong 1781 ni inhinyero ng hukbo na si Thomas Sanz noong panahon ni Gobernador Heneral Jose Basco at Vargas, sa dating pook na kinaroroonan ng unang pinto. Nasira noong 1945 dahil sa digmaan. Ang bahagi ay muling ginawa ng Intramuros Restoration Committee sa tulong ng abuloy ng Marinduque Mining and Industrial Corporation, ng pambansang pamahalaan, at ng Lungsod ng Maynila.

Year Unveiled: 1968",Metro Manila,0,0,0,0,0,0,0,LOW,Which of the following was reconstructed in 1968 after being destroyed during World War II and is located at the intersection of Real Street and another road facing Manila Bay?,The site was reconstructed in 1968 after being destroyed during World War II.
TP00401,Bastion de San Andres or San Nicolas,Bastion de San Andres or San Nicolas,MILITARY_STRUCTURE,Baluarte de San Andres; Bastyon ng San Andres o San Nicolas; Bastion San Nicolas; San Andres,NCR,Manila,Metro Manila,"Marked Structure, NHCP","Marker Text:

Bastion de San Andres or San Nicolas

Named after San Andres, the patron saint of Manila, chosen by the city soon after the victory over the attacking forces of Limahong in 1575. It is known also as Bastion San Nicolas, because of its proximity to the Recollect Church of San Nicolas de Tolentino.",Metro Manila,0,0,0,0,0,0,0,LOW,Which of the following was named after a patron saint of Manila and established following a victory over attacking forces in 1575?,The site was named after a patron saint of Manila and established following a victory over attacking forces in 1575.
TP00402,Cuartel de Santa Lucia (Santa Lucia Barracks),Cuartel de Santa Lucia (Santa Lucia Barracks),MILITARY_STRUCTURE,Cuartel de Santa Lucia; Santa Lucia Barracks,NCR,Manila,Metro Manila,"Marked Structure, NHCP","Marker Text:

Cuartel de Santa Lucia
(Santa Lucia Barracks)

On this site, Cuartel de la Artilleria de Montaña was built by Thomas Sanz, engineer of the Army during the administration of Governor General Jose Basco y Vargas, 1781. Used as barracks by the Philippine Constabulary, 1901. Became the Philippine Officers School, February 17, 1905. Here, the newly appointed Constabulary officers, studied a three-month course of instruction in law and Spanish language, in addition to military drill and constabulary administration. Transferred to Baguio City, 1908. Destroyed during World War II and from the remaining walls, the Philippine Constabulary reconstructed this barracks.

Date Unveiled: August 4, 1990",Metro Manila,0,0,0,0,0,0,0,LOW,Which of the following was used as a training facility for newly appointed officers of the Philippine Constabulary starting in 1905?,The site was used as a training facility for newly appointed officers of the Philippine Constabulary starting in 1905.
TP00403,Camp Rafael Crame,Camp Rafael Crame,CIVIC_BUILDING,Camp Crame; Kampo Crame,NCR,Quezon City,Metro Manila,"Marked Structure, NHCP; Registered Property, Quezon City","Marker Text:

Kampo Crame

Itinatag bilang isang bahagi ng Kampo Murphy at nagsilbing himpilan ng Philippine Constabulary (PC), 1935; isinailalim ang PC sa Philippine Army, 1936. Inihiwalay ang PC sa Philippine Army at pinangalanang Kampo Crame, 1938. Iniwan ng PC ang kampo upang sumali sa USAFFE laban sa pwersang Hapones, 1941-1944. Mula Kampo Aguinaldo, dito nagkanlong sina Juan Ponce Enrile, Ministro ng Tanggulang Pambansa; Ten. Heneral Fidel V. Ramos, Pangalawang Pinuno ng Hukbong Sandatahan ng Pilipinas at pinuno ng Hukbong Pamayapa ng PilIpinas at ang mga sundaLong kabilang sa Reform the Armed Forces Movement (RAM), upang himukin ang mga Filipino na pabagsakin ang administrasyong Marcos, 23-25 Pebrero 1986. Matagumpay na naibalik ang demokrasya sa Pilipinas sa pamamagitan ng kanilang pakikipagtulungan sa sambayanang Filipino, 25 Pebrero 1986.",Metro Manila,0,0,0,0,0,0,0,LOW,Which of the following was the site where key military leaders sought refuge to rally support for the ousting of the Marcos administration in February 1986?,The site must be where military leaders gathered to encourage the Filipino people to overthrow the Marcos administration in February 1986.
TP00404,The Aristocrat,The Aristocrat,HISTORIC_BUILDING,The Aristocrat Restaurant; Ang Aristocrat; The Aristocrat,NCR,Manila,Metro Manila,"Marked Structure, NHCP","Marker Text:

The Aristocrat

Nagsimula sa isang lumang sasakyang ginamit ni Engracia Cruz-Reyes o Aling Asiang bilang tindahan ng meryenda na lumilibot sa Luneta at iba pang kalapit pook sa Maynila, Hulyo 1936. Dito itinatag ang unang gusaling kinilalang The Admiral Dewey at kinalauna’y pinangalanang The Aristocrat, 1939. Isa sa mga tanyag na kainang nagtampok ng mga lutuing Pilipino.

Date Unveiled: July 4, 2013",Metro Manila,0,0,0,0,0,0,0,LOW,Which of the following was established in 1936 by Engracia Cruz-Reyes as a snack shop that later became a well-known dining establishment featuring Filipino cuisine?,The site was established in 1936 by Engracia Cruz-Reyes as a snack shop that later became a well-known dining establishment featuring Filipino cuisine.
TP00405,First United Building,Perez-Samanillo Building,HISTORIC_BUILDING,Perez-Samanillo Building,NCR,Manila,Metro Manila,"Registered Property, City of Manila",,Metro Manila,0,0,0,0,0,0,0,LOW,,
TP00406,Manila Hotel Historical Landmark,Manila Hotel Historical Landmark,HISTORIC_BUILDING,Manila Hotel; Palatandaang Pangkasaysayan ng Otel Manila,NCR,Manila,Metro Manila,"National Historical Landmark, NHCP; Work of National Artist for Architecture Leandro V. Locsin (renovations)","In 1908, Thomas L. Hartigan, Charles D. Palmer, M.F. Loewenstein, E.C. McCullough, M.A. Clarke, Mauro Prieto, Walter E. Olsen, Francisco Ortigas, and Jose F. Fernandez, incorporators of the Manila Hotel Company, conceived a hotel in Manila that would efficiently serve guests. Architect William E. Parsons designed the hotel on a 20,500 square meter site designated by Daniel H. Burnham at the northern end of the Luneta along Manila Bay. The cornerstone was laid on September 1, 1910 by the United States Secretary of War Jacob M. Dickinson in ceremonies attended by Governor General William Cameron Forbes and the city's most respected citizens. On July 4, 1912, this ""Aristocrat of the Orient"" was inaugurated. It was the finest hotel during the American Period, the first in Asia to be installed with electrically operated elevators, and the most modern amenities. The Manila Hotel served as the home of Douglas MacArthur from 1935-1941. Andres Luna de San Pedro and Jose G. Cortes designed and built the MacArthur penthouse and air-conditioned annex of the hotel from 1936 to 1937.

During World War II, the hotel became the headquarters of the Japanese Military Administration, with the MacArthur penthouse serving as temporary home to Japanese Premier Hideki Tojo and General Tomoyuki Yamashita, and the site of fierce fighting during the battle for Manila in 1945. In post-war Philippines, the Manila Hotel was the venue of the Constitutional Convention of 1971.

The Manila Hotel was renovated in 1975 by Architect Leandro V. Locsin, declared National Artist for Architecture in 1990, and re-inaugurated in 1977 and stands to this day as an example of early twentieth century architecture in the country. The Manila Hotel, as the oldest, functioning hotel in the country, has played host to a large number of world leaders, important personalities, and eminent visitors.

On February 3, 1997 the Supreme Court of the Philippines recognized that the Manila Hotel is a historical landmark and a reflection of the Filipino soul- a place with a history of grandeur and a most historical setting that has played a part in the shaping of a country, and therefore ruled that it should not be sold to foreigners being a part of national patrimony.

Declared as a National Historical Landmark by virtue of National Historical Institute Resolution No. 1, s. 2003.",Metro Manila,0,0,0,0,1,1,0,LOW,"Which of the following was inaugurated on July 4, 1912, and served as the home of Douglas MacArthur from 1935 to 1941?","The site was inaugurated on July 4, 1912, and served as the home of Douglas MacArthur from 1935 to 1941."
TP00407,Capitan Pepe Building,Capitan Pepe Building,HISTORIC_BUILDING,Central Hotel; Gusaling Kapitan Pepe,NCR,Manila,Metro Manila,Work of National Artist for Architecture Juan F. Nakpil,,Metro Manila,0,0,0,0,1,0,0,LOW,,
TP00408,Capitol Theater,Capitol Theater,HISTORIC_BUILDING,Sine Capitol; Capitol Theater; Capitol Theatre,NCR,Manila,Metro Manila,Work of National Artist for Architecture Juan F. Nakpil,"Juan Nakpil's ziggurat-shaped Capitol Theater (1935) in Escolta was symmetrically balanced with a recessed central tower ornamented with geometric Art Deco grillwork.
This grillwork, composed of squares overlapped with circles, were framed by large Square pillars in receding bands that bounded the square top. The vertical planes flanking the central grillwork was an exotic setting for low-relief, stylized, modernist
figures of Filipinas clad in baro't saya carrying the symbols of cinema and sound, respectively, on both sides. These wall relief, icluding the lobby sculptures,
were done by Severino Fabie. The facade was designed in a series of setbacks emphasizing the strong and severe geometric form.
(Source: Arkitekturang Filipino by Gerard Lico)",Metro Manila,0,0,0,0,1,0,0,LOW,Which of the following was designed in 1935 by Juan Nakpil and features a ziggurat shape with a central tower adorned with geometric Art Deco grillwork?,The site was designed in 1935 by Juan Nakpil and features a ziggurat shape with a central tower and Art Deco grillwork.
TP00409,Tutuban Centermall,Tutuban Centermall,HISTORIC_BUILDING,Tutuban Railway Station; Tutuban Centermall; Palatandaan ng Kumpanya ng Daambakal ng Maynila; Manila Railroad Company Marker; Tutuban,NCR,Manila,Metro Manila,"Marked Structure, NHCP","Marker Text:

Manila Railroad Company

Preparation of general plan for railroad on Luzon authorized by Royal Decree June 26, 1875. Royal approval of Don Eduardo Lopez Navarro’s plan May 11, 1883. Concession for the Manila Dagupan line awarded to Don Edmundo Sykes, January 21, 1887, and later transferred to the Manila Railroad Company Ltd. of London. Corner Stone of the main station building at Tutuban laid July 31, 1887. Entire Manila Dagupan line, 195 Kilometers long, completed and service inaugurated November 24, 1892.

Year Unveiled: 1934",Metro Manila,0,0,0,0,0,0,0,LOW,"Which of the following was the main station building for the Manila Dagupan line, whose cornerstone was laid on July 31, 1887?","The site is the main station building for the Manila Dagupan line, with its cornerstone laid on July 31, 1887."
TP00410,Central United Methodist Church,Central United Methodist Church,RELIGIOUS_BUILDING,Central Church; CUMC; Nagkakaisang Simbahang Metodista Sentral; Central Methodist Episcopal Church; Central Methodist Church,NCR,Manila,Metro Manila,"Marked Structure, NHCP","Marker Text:

Central United Methodist Church

Kauna-unahang Iglesia ng Protestante sa Pilipinas. Nagsimula noong Marso 5, 1899 upang mangaral sa mga Amerikano at pagkaraan sa mga Pilipino. Pinasinayaan ang unang kapilya sa pook na ito noong Disyembre 23, 1901. Pinalitan ng batong gusali noong 1906. Inayos at naging katedral noong 1932. Nasira noong Ikalawang Digmaang Pandaigdig. Muling itinayo tulad ng dati ring anyo at pinasinayaan noong Disyembre 25, 1949. Pinangalanang Central Methodist Episcopal Church, pagkatapos Central Student Church, sumunod Central Methodist Church at sa kasalukuyan ay Central United Methodist Church.

Year Unveiled: 1985",Metro Manila,0,0,0,0,0,0,0,LOW,"Which of the following was the first Protestant church established in the Philippines, beginning its mission on March 5, 1899, and was consecrated as a cathedral in 1932?","The site must be the first Protestant church in the Philippines that began its mission on March 5, 1899, and was consecrated as a cathedral in 1932."
TP00411,Parish Church of Santa Cruz of Manila,Parish Church of Santa Cruz of Manila,RELIGIOUS_BUILDING,Santa Cruz Church Manila; Simbahan ng Santa Cruz ng Maynila; Palatandaan ng Simbahan ng Santa Cruz (Manila); Palatandaan ng Justiniano Asuncion; Palatandaan ng Leoncio Asuncion; Church of Santa Cruz (Manila) Marker; Justiniano Asuncion Marker; Leoncio Asuncion Marker; Church of Santa Cruz; Simbahan ng Sta. Cruz; Sta. Cruz,NCR,Manila,Metro Manila,"Marked Structure, NHCP","Marker Texts:

Church of Santa Cruz

This church was built and administered by the Jesuits up to 1768. Adjoining was the Jesuit College of San Ildefonso, founded by Governor Alfonso Fajardo de la Tenza on January 9, 1724. The titular Patroness of the church is Nuestra Señora del Pilar, whose satue was brought from Spain prior to 1763. The confraternity of Nuestra Señora del Pilar was canonically founded in this church in 1743. On the surrounding plaza the British returned the City of Manila to Simon de Anda y Salazar in 1764.

Year Unveiled: 1937    
_____ 
Justiniano Asuncion
(1816–1896)

Pangunahing pintor na kilalang-kilala sa “Capitan Ting.” Ipinanganak noong Setyembre 26, 1816 sa Sta. Cruz, Maynila. Nag-aral sa Escuela de Dibujo, 1834. Capitan municipal ng Sta. Cruz, gumuhit ng bantog na Koronasyon ng Birhen, Birhen ng Antipolo, Filomena Asuncion at Romana A. Carillo. Gumuhit din ng sinlaki ng taong larawan nina San Agustin, San Geronimo, San Ambrosio at San Gregorio Magno na dating nasa Simbahan ng Sta. Cruz, itinanghal ang mga ito sa Pambansang Museo at inilipat sa pag-iingat ng ""Kayamanan"" ng Bangko Sentral ng Pilipinas. Namatay noong 1896.

Date Unveiled: September 12, 1983
_____
Leoncio Asuncion
(1813–1888)

Ama ng makabagong iskulturang panreliyon. Ipinanganak noong Setyembre 12, 1813 sa Sta. Cruz, Maynila. Nagtrabaho sa bantog na “Taller de Esculturas” noong 1830 at naging isa sa pinakamahusay na tagasalin ng garing at kahoy ng mga sining na panreliyon noong ika-19 na siglo. Lumilok ng bantong na “La Tercera Caida” ang kanyang mga obramaestra ay kilala dahil sa nakahahabag na anyo at sa pagkakatugma-tugma ng mga linyang anatomikal na isinagawa sa mga imaheng garing ng Pinagpalang Birheng Maria, Santo Cristo at marami pang iba. Namatay noong 1888.

Date Unveiled: September 12, 1983",Metro Manila,0,0,0,0,0,0,0,LOW,Which of the following was built and administered by the Jesuits until 1768 and is dedicated to Nuestra Señora del Pilar?,The site was built and administered by the Jesuits until 1768 and is dedicated to Nuestra Señora del Pilar.
TP00412,Shoemart North EDSA,Shoemart North EDSA,MISC,SM North; SM North EDSA; Shoemart North EDSA,NCR,Quezon City,Metro Manila,Work of National Artist for Landscape Architecture Ildefonso P. Santos,,Metro Manila,0,0,0,0,1,0,0,LOW,,
TP00413,Shoemart Megamall,Shoemart Megamall,MISC,SM Megamall; Shoemart Megamall,NCR,Mandaluyong City,Metro Manila,Work of National Artist for Landscape Architecture Ildefonso P. Santos,,Metro Manila,0,0,0,0,1,0,0,LOW,,
TP00414,General Alejo S. Santos Bridge,General Alejo S. Santos Bridge,BRIDGE,Tulay ng Heneral Alejo S. Santos; General Alejo S. Santos Bridge,Region III,Bustos,Bulacan,"Registered Property, Province of Bulacan","Ang tulay na kumokonekta sa dalawang bayan ng Bulacan, ang Bustos at Baliwag, ay itinayo noong administrasyon ni Carlos P. Garcia. Iniibabawan nito ang Ilog ng Angat na dati’y tinatawid ng mga tao gamit ang planseta. Bago ang rehabilitasyon ng tulay (1960), pinagbawal ang pagdaan ng mga malalaking sasakyan gaya ng bus at dyip. Sa bungad nito, mula Baliwag, ay matatagpuan ang Simbahan ng Santo Niño.",Luzon,0,0,0,0,0,0,0,LOW,Which of the following was constructed during the administration of Carlos P. Garcia to connect the towns of Bustos and Baliwag over the Angat River?,The site was built during the administration of Carlos P. Garcia to connect Bustos and Baliwag over the Angat River.
TP00415,Embarcadero Bridge,Embarcadero Bridge,BRIDGE,Tulay ng Embarcadero,Region I,Alaminos City,Pangasinan,"Local Cultural Property - Historical Landmark of Alaminos, Pangasinan (per Ordinance No. 2013-10)","Also known as “tuli bridge”, is one of the most memorable places among old male Alaminians. The first swimming stop, a quick plunge to the river shortly after undergoing the traditional circumcision using bamboo stick called “bolo” to cut the skin of the penis head. Built in early 1940s.",Luzon,0,0,0,0,0,0,0,LOW,Which of the following was built in the early 1940s and is known as a significant swimming stop for young males undergoing a traditional circumcision ritual?,The site was built in the early 1940s and is associated with a traditional circumcision ritual for young males.
TP00416,Baluyut Bridge,Baluyut Bridge,BRIDGE,Tulay Baluyut,Region III,City of San Fernando,Pampanga,"Registered Property, City of San Fernando","Renamed Sotero Baluyut Bridge in honor of his contributions to the province and the country. 
It was a vital structure in the struggle for national independence and in the economic development of Central and Northern Luzon. 
It was the only link between Manila and the rest of Central and Northern Luzon during the Spanish period.",Luzon,0,0,0,0,0,0,0,LOW,Which of the following was a crucial structure during the fight for national independence and served as the only connection between Manila and Central and Northern Luzon during the Spanish colonial period?,The site was a vital structure in the struggle for national independence and was the only link between Manila and Central and Northern Luzon during the Spanish period.
TP00417,Tulay Tomas Mascardo,Tulay Tomas Mascardo,BRIDGE,Tomas Mascardo Bridge; Tulay Tomas Mascardo,Region IV-A,Imus City,Cavite,"Historical Marker, NHCP","Marker Text:

Tulay Tomas Mascardo

Pinangalanang Tulay Tomas Mascardo bilang pagkilala sa kanyang mga nagawa nang siya’y naging heneral ng 1896 Himagsikan at gobernador ng lalawigan ng Kabite (1910–1912)

Date Unveiled: December 17, 1973",Luzon,0,0,0,0,0,0,0,LOW,Which of the following was named in honor of a general from the 1896 Revolution who later served as governor of Cavite from 1910 to 1912?,The site was named in honor of a general from the 1896 Revolution who served as governor of Cavite from 1910 to 1912.
TP00418,Sicsican Bridge,Sicsican Bridge,BRIDGE,Tulay Sicsican; Sicsican Bridge,Region III,Talavera,Nueva Ecija,"Registered Property, Municipality of Talavera, Nueva Ecija","It is a 150-meter concrete bridge connecting Cagayan Valley to the north and Manila to the south. 
The Sicsican Bridge is estimated to be a 73-year old landmark erected in 1945. ",Luzon,0,0,0,0,0,0,0,LOW,Which of the following was completed in 1945 and serves as a vital connection between Cagayan Valley and Manila?,The site was completed in 1945 and connects Cagayan Valley to Manila.
TP00419,Zabali Hanging Bridge,Dikaloyungan Memorial,BRIDGE,,Region III,Baler,Aurora,"Historical Marker, NHCP; Registered Property, Municipality of Baler, Aurora","Marker Text: 

Dikaloyungan

Sa pook na ito noong 3 Setyembre 1897 nagpunit ng sedula ang mga Katipunerong kinabibilangan nina Teodorico Luna Novicio, Antero Amatorio, Norberto Valenzuela, Isabelo Palispis at iba pa sa mga lumagda sa isang manipestong nagpapahayag ng kanilang pagsalungat sa kapangyarihan ng Espanya. Sa pangyayaring ito nagsimula ang himagsikang Filipino sa distrito ng Prinsipe (Aurora ngayon). Nagsilbi rin itong himpilan ng kilusang rebolusyonaryo sa Baler.

Date Unveiled: June 30, 2005",Luzon,0,0,0,0,0,0,0,LOW,"Which of the following was the site where a significant declaration against Spanish rule was made by Filipino revolutionaries on September 3, 1897?","The site was the location of a declaration against Spanish rule made by Filipino revolutionaries on September 3, 1897."
TP00420,Mansiyong Fule-Malvar,Mansiyong Fule-Malvar,OLD_HOUSE,Fule-Malvar Mansion; Fule-Malvar Heritage House; Fule-Malvar Ancestral House; Philam Life San Pablo; Malvar Mansion; White House; Mansiyong Fule-Malvar; Mansiyong Fule–Malvar,Region IV-A,San Pablo City,Laguna,"Marked Structure, NHCP; Registered Property, City of San Pablo, Laguna","Marker Text:

Mansiyong Fule–Malvar

Ipinatayo sa istilong Romantic Classicism ng mag-asawang Eusebia Fule at Potenciano Malvar, 1915; Grand old man ng San Pablo; pinunong mediko, Digmaang Pilipino–Amerikano; Kinatawan, Asamblea ng Pilipinas, 1909–1912; Gobernador ng Laguna, 1912–1914; at kauna-unahang nahirang na punong lungsod ng San Pablo, 1940. Naging pansamantalang tuluyan ng mga kilalang panauhin ng San Pablo kagaya nina Pangulong Manuel L. Quezon, Sergio Osmeña, atbp. Ipinamana ng mag-asawang Malvar sa kanilang mga pamangkin na siyang nagbili ng mansiyong ito sa National Life Insurance Company, 1966. Nabili ng Philippine American Life Insurance Company, 1988, na siyang gumawa ng pagsasaayos, 1990.

Date Unveiled: February 16, 1991
_____
The ancestral house of Dr. Potenciano Malvar and spouse Eusebia Fule.  Dr. Malvar served as medical officer during the Filipino-American War; became a deputy to the Philippine Assemby unitl 1912 when he assumed office as governor of Laguna.  He was the first appointed Mayor of San Pablo when it became a city in May 7, 1940.  The house hosted distinguished guests like Presidents Manuel L. Quezon and Sergio Osmeña.

Withstood the Japanese bombs of Word War II.

Built in Classic Romantic style in 1915.",Luzon,0,0,0,0,0,0,0,LOW,"Which of the following was built in 1915 in the Romantic Classicism style and served as a temporary residence for notable guests, including Philippine Presidents?","The site was built in 1915 in the Romantic Classicism style and hosted notable guests, including Philippine Presidents."
TP00421,Rizal Shrine Calamba,Rizal Shrine Calamba,OLD_HOUSE,Museo ni Jose Rizal Calamba; Jose Rizal Shrine; Dambanang Rizal Calamba; Palatandaan ng Pook na Sinilangan ni Jose Rizal; Birthplace of Jose Rizal Marker,Region IV-A,Calamba City,Laguna,"National Shrine, NHCP; Work of National Artist for Architecture Juan F. Nakpil; Registered Property, Province of Laguna","This bahay na bato is the birthplace of the Philippines’s National Hero. This is a reconstruction of the original house. On display are family memorabilia, original and replica furniture. The museum was refurbished in 1998 for the Philippine Centennial celebrations.
_____
Marker Text:

Birthplace of Jose Rizal

Restored by Executive Order No. 145 of President Elpidio Quirino with funds mainly contributed by school children of the Philippines. Inaugurated, 1950. Architect: Juan F. Nakpil.

Year Unveiled: 1951",Luzon,0,0,0,0,1,0,0,LOW,Which of the following was reconstructed as the birthplace of a national hero and inaugurated in 1950?,The site must be a reconstructed birthplace of a national hero inaugurated in 1950.
TP00422,Perez House,Perez House,OLD_HOUSE,Bahay Perez,Region III,Bustos,Bulacan,"Registered Property, Province of Bulacan","Ang pamilya Perez ay isa sa mga bantog na pamilya sa larangan ng komersyo at agrikultura. Tulad ng iba pang mga mayayamang pamilya ng Bustos, ang katanyagan at karangyaan ng mga pamilyang ito ay sinagisag ng mga bahay na bato na nananatili pa ring nakatindig hanggang sa kasalukuyan. Ang tahanang nito ay isa sa mga bahay na ginamit na kuta ng mga Katipunero sa Bustos",Luzon,0,0,0,0,0,0,0,LOW,Which of the following was used as a stronghold by the Katipuneros during the Philippine Revolution and is associated with a prominent family in Bustos known for their contributions to commerce and agriculture?,The site was used as a stronghold by the Katipuneros during the Philippine Revolution and is linked to a notable family in Bustos.
TP00423,Mansyong Pamintuan,Mansyong Pamintuan,OLD_HOUSE,Museum of Philippine Social History; Pamintuan Mansion; Mansion de Don Florentino Pamintuan; Mansyong Pamintuan; Museo ng Kasaysayang Panlipunan ng Pilipinas; Philippine Social History Museum,Region III,Angeles City,Highly Urbanized City,"Marked Structure, NHCP; Registered Property, City of Angeles","This home of Florentino Pamintuan, said to be the first Kapampangan millionaire, was the site of the first anniversary celebration of the declaration of Philippine Independence in 1899; the waving of the Philippine flag from the second floor window as well as the patriotic speech by President Emilio Aguinaldo is reenacted every year on June 12. The building now stands as a museum – Museo ng Kasaysayang Panlipunan ng Pilipinas (Philippine Social History Museum).
_____
Marker Text:

Mansyong Pamintuan

Ipinatayo ni Mariano Pamintuan noong mga taong 1890. Naging punong himpilan ng Tanggulan ng Republika ng Pilipinas laban sa puwersang Amerikano, Mayo 1899. Nagsilbing pansamantalang tanggapan ni Pangulong Emilio Aguinaldo habang inihahanda ang Tarlac bilang kabisera ng Republika, Hunyo 1899. Sa tapat nito idinaos ang paradang militar noong bisperas ng unang anibersayo ng Proklamasyon ng Kalayaan ng Pilipinas, 1899. Naging himpilan ni Heneral Arthur MacArthur, Agosto 1899. Tahanan ng mga Pilipinong kamikaze ng hukbong panghimpapawid ng Hapon, 1944–1945. Pinaupahan bilang Angeles Hotel, 1948. Binili ni Pedro Tablante mula sa pamilyang Pamintuan, 1959. Naging ekstensiyon ng bahay-pamahalaan ng Angeles, 1964. Binili ng Bangko Sentral ng Pilipinas ang lote habang ipinagkaloob ng pamilyang Tablante ang bahay upang ayusin ng pamahalaan, 1981. Isinalin sa Pambansang Komisyong Pangkasaysayan ng Pilipinas, 17 Hunyo 2010. Pinasinayaan ang Museo ng Kasaysayang Panlipunan ng Pilipinas, 24 Agosto 2015.

Date Unveiled: August 17, 2017",Luzon,0,0,0,0,0,0,0,LOW,"Which of the following was the site of the first anniversary celebration of the declaration of Philippine Independence in 1899, where the Philippine flag was waved from a second-floor window?","The site must be where the first anniversary celebration of the declaration of Philippine Independence in 1899 took place, including the waving of the Philippine flag from a second-floor window."
TP00424,Luz-Katigbak Heritage House,Luz-Katigbak Heritage House,OLD_HOUSE,Luz-Katigbak Ancestral House; Luz-Katigbak Bahay na Bato; Pamanang Bahay ng Luz-Katigbak; Casa Segunda; Casa de Segunda,Region IV-A,Lipa City,Batangas,"Heritage House, NHCP; Registered Property, Province of Batangas; Registered Property, City of Lipa, Batangas","The Luz-Katigbak Ancestral House located at 198 Rizal Street, Lipa City, Batangas, was built in 1880. This is the conjugal home of Manuel Luz, Sr. and Segunda Katigbak, who in her younger years was the inspiration of some of Rizal's early poetry. The union of this two prominent Lipa families produced five sons and four daughters, all gifted in business, the visual and performing arts. The Luz-Katigbak Bahay na Bato is an excellent example of a well-preserved ancestral house, reflecting a significant historico-cultural period in our architectural history.

Casa de Segunda's architecture is similar to that of those found in the Spanish era called ""bahay na bato"". Windows adorn the walls of the house with woodwork accompanying the floors reminiscent that of a traditional Filipino house built a century ago. World War II greatly affected the area surrounding the museum and itself being burned and weakening its structural integrity. It was only when it was repaired 14 years later that the house's beauty was restored, albeit having to replace the original materials that were destroyed. The design of the house evolved from being built in the shape of a square to gradually being renovated into being L-shaped. Arguably the main attraction would be the courtyard.

Declared as a Heritage House by virtue of National Historical Institute Resolution No. 4, s. 1996.

Marker Text:

Luz-Katigbak Ancestral House

This is a heritage house pursuant to Board Resolution No. 4, series of 1996 of the National Historical Institute of the Republic of the Philippines.

Date Unveiled: October 20, 1996",Luzon,0,0,0,0,0,0,1,LOW,"Which of the following was built in 1880 as the home of a woman who, in her youth, inspired some of José Rizal's early poetry?","The site must have been built in 1880 as the home of a woman who, in her youth, inspired some of José Rizal's early poetry."
TP00425,Urduja House,Urduja House,OLD_HOUSE,Urduja Palace; Urduja/Governor's Palace; Bahay Urduja,Region I,Lingayen,Pangasinan,"Registered Property, Municipality of Lingayen, Pangasinan","It was named in honor of the legendary warrior princess, Urduja.
 It houses the half-naked painting of Urduja by the renowned mural artist Antonio Gonzalez Dumlao.",Luzon,0,0,0,0,0,0,0,LOW,Which of the following was named in honor of a legendary warrior princess and features a notable mural by a renowned artist?,The site was named after a legendary warrior princess and contains a mural by a well-known artist.
TP00426,The Historic Alberto Mansion,The Historic Alberto Mansion,OLD_HOUSE,Alberto House; Tahanan ng mga Alberto; Ang Makasaysayang Bahay Alberto; Alberto Mansion,Region IV-A,Biñan City,Laguna,"Local Cultural Property - Local Heritage Site, City of Biñan; Registered Property, City of Biñan, Laguna","Interior Parts were transferred to Bagac, Bataan in 2010. Expropriated in 2017. Reconstruction started in 2018 and completed in 2019.
____
Believed to be the city’s oldest surviving architecture of its type, until recently, the Alberto House in the 19th century was considerably the most prominent in the town. The house features a central portal with plasters that carry on entablature inscribed with the Spanish Insignia and the year 1575. Its heavy tilted roof constructed with pronounced arching sloped suggested of the strong Chinese influence in the architecture. One memorable event that involved this house was the visit of the Governor of Hong Kong to Biñan and the Alberto House, in 1856 of which Sir John Bowring gave a vivid description of its grand house in his book entitled, “A Visit to the Philippine Islands”. Aside from its reputation and pedigree. This architectural landmark architectural landmark had stood witness to the monumental events in the town’s historic and had been immortalized in various photographic records. The owner of this house was no ordinary person. During the 19th century, Don Lorenzo Alberto was a municipal captain of Biñan in 1824. He supervised the construction of the Fuerto De Isabel (now Evangelista Bridge), and was decorated gentleman bestowed upon with the little of “Knight of the American Order of Isabel the Catholic”, for his services to Spain during the joint French and Spanish Cochin China expedition (conquest of SouthernVietnam). He did not live to accept the honor but the little was inherited by his son, Don Jose Alberto. Don Jose, was an uncle of our national hero after whom he was named. He was educated in British India where he stayed for 11 years. He was made a Knight of the Order of Carlos III by the Spanish Regent General Juan Prim and later as Knight Commander under King Amadeo. The Saga of Alberto House received full media attention and was elevated to a national platform following the attempt to dismantle and transfer the house to the Los Casas de Filipinos de Acazar in Bagac, Bataan. While concerned citizens, heritage advocates and the City Government labbled for its in side conservation, the house was gradually dismanted from the inside resulting to its collapse in the later part of 2013. A replica of the house bearing a fraction of its original interior components now stands at Bagac, Bataan.",Luzon,0,0,0,0,0,0,0,LOW,"Which of the following was the residence of a municipal captain of Biñan in the 19th century, known for its significant architectural style and historical events, until it was dismantled in 2013?",The site was the residence of a municipal captain of Biñan in the 19th century and was dismantled in 2013.
TP00427,Santo Tomas Municipal Hall,Santo Tomas Municipal Hall,CIVIC_BUILDING,Munisipyo,Region I,Sto. Tomas,Pangasinan,"Registered Property, Municipality of Sto. Tomas, Pangasinan",,Luzon,0,0,0,0,0,0,0,LOW,,
TP00428,Tagudin Town Hall,Tagudin Town Hall,CIVIC_BUILDING,Munisipyo; Presidencia; Municipal Hall; Bahay Pamahalaan ng Tagudin,Region I,Tagudin,Ilocos Sur,"Registered Property, Municipality of Tagudin, Ilocos Sur","The municipal hall was constructed in 1860. It was visited by the late President Elpidio Quirino during the 1950’s.
Mother Marie Louise De Meester, the founder of the Congregation of the Missionary Sisters of Saint Augustine was one of the four missionaries who first set foot in the Philippines. The Farola was built in commemoration of their landing.  
Nowadays, the Farola serves as a beacon for the seafarers and fishermen during the night. ",Luzon,0,0,0,0,0,0,0,LOW,Which of the following was built in 1860 and served as a significant location visited by a Philippine president in the 1950s?,The site was constructed in 1860 and was visited by a Philippine president during the 1950s.
TP00429,Batangas Provincial Capitol Building,Batangas Provincial Capitol Building,CIVIC_BUILDING,Kapitolyo; Gusali ng Kapitolyong Panlalawigan ng Batangas; The Provincial Capitol Building of Batangas; Batangas Provincial Capitol,Region IV-A,Batangas City,Batangas,"Registered Property, Province of Batangas; Registered Property, City of Batangas, Batangas","Constructed in 1926, completed in 1928 under the late Governor Modesto Castillo. It was reconstructed under Governor Leviste when a bomb destroyed it. Rebuilt with the aid of the people of the United States of America under the Philippine Rehabilitation Act of 1946.
_____
The Provincial Capitol Building of Batangas was built in 1929 in the hilltop of Barangay Sambat, presently Barangay Kumintang Ibaba in Batangas City. It followed closely the design of the well regarded American Architect, Daniel Burnham for all major administrative buildings then. Responsibility for its construction was under Gov. Modesto Castillo. The building has transcended its American colonial context as a symbol of American power in the country and has come to represent Filipino good governance.",Luzon,0,0,0,0,0,0,0,LOW,"Which of the following was completed in 1928 and reconstructed after being bombed, with assistance from the United States under the Philippine Rehabilitation Act of 1946?",The site was completed in 1928 and reconstructed after being bombed with aid from the United States under the Philippine Rehabilitation Act of 1946.
TP00430,San Fernando City Hall,San Fernando City Hall,CIVIC_BUILDING,City Hall; Gusaling Panlungsod ng San Fernando; City Hall of San Fernando; San Fernando City Hall,Region I,San Fernando City,La Union,"Registered Property, City of San Fernando, La Union","The City Hall of San Fernando holds a historical significance because the building has been in existence for over 60 years. Moreover, it also bears witness to the City of San Fernando's historical events.",Luzon,0,0,0,0,0,0,0,LOW,,
TP00431,Kalayaan Municipal Hall,Kalayaan Municipal Hall,CIVIC_BUILDING,Municipal Hall; New Municipal Hall; New Kalayaan Municipal Hall; Bahay Pamahalaan ng Kalayaan,Region IV-A,Kalayaan,Laguna,"Registered Property, Municipality of Kalayaan, Laguna",,Luzon,0,0,0,0,0,0,0,LOW,,
TP00432,Municipality of Lemery Municipal Building,Municipality of Lemery Municipal Building,CIVIC_BUILDING,Municipal Building; Munisipyo ng Lemery; Bahay Pamahalaan ng Lemery; Municipality of Lemery,Region IV-A,Lemery,Batangas,"Registered Property, Municipality of Lemery, Batangas","The town of Lemery was founded in 1862 during the administration of Governor General Jose Lemery. Jose Cabrera was it's first Gobernadorcillo. Others were Miguel Agoncillo, Eleno Aniversario, Basilio Gatachalian, Mariano Generoso, Perpetuo Ilustre, Mariano Marella, Juan Medina, Brigido Morales, Ramon M. Mitra, Ramon Noble, Victoriano Noble, Agapito Panganiban, and Pioquinto Reyes.
Lemery was annexed to the municipality of Taal in 1904.
Again became a municipality in 1907 with Perpetuo de Joya as Municipal President.
The eruption of nearby Taal volcano in January 1911 killed hundreds of its inhabitants.
Occupied by the Japanese imperial army in 1942, One third of the town was burnt by enemy artillery when it was liberated by the Americans aided by Filipino Guerillas on 6 March 1945.",Luzon,0,0,0,0,0,0,0,LOW,"Which of the following is the seat of government of a Batangas town founded in 1862, annexed to Taal in 1904, and re-established as a municipality in 1907?","The site must be the seat of government of the Batangas town founded in 1862, annexed to Taal in 1904, and re-established in 1907."
TP00433,Dinalupihan Civic Center,Dinalupihan Civic Center,CIVIC_BUILDING,Sports Complex; Sentrong Pambayan ng Dinalupihan,Region III,Dinalupihan,Bataan,"Registered Property, Municipality of Dinalupihan, Bataan","Dinalupihan Civic Center formerly known as Sports Complex is in good/excellent condition. Roofing was changed as well as the facade of the building and even the restroom was renovated. Wood tiles flooring are depleted for renovation. A better sounds system was replaced in the building for big event/s. There are also huge industrial fan for mor conducive use of the civic center. In addition to the regular sports competitions, Civic Center used for various community programs, concerts and cultural presentations, social gatherings and general assemblies.

It is the original site of the municipal building and public market of the municipality of Dinalupihan. A total amount of PHP57 million was spent on the project which was completed and inaugurated in 1992.",Luzon,0,0,0,0,0,0,0,LOW,"Which of the following was inaugurated in 1992 and serves as a venue for community programs, concerts, and sports competitions in its municipality?","The site was inaugurated in 1992 and is used for community programs, concerts, and sports competitions."
TP00434,Clark Field (Fort Stotsenburg),Clark Field (Fort Stotsenburg),MILITARY_STRUCTURE,Clark Field; Clark Field (Tanggulangng Stotsenberg); Fort Stotsenburg; Clark Air Force Base,Region III,Angeles City,Highly Urbanized City,"Marked Structure, NHCP","Marker Text:

Clark Field
(Fort Stotsenburg)

Dating pati o pamayanan ng mga Aeta. Naging Camp Stotsenburg bilang paggunita kay Col. John Miller Stotsenburg ng 1st Nebraska Regiment, 1902. Lupang-laan para sa hukbo ng Estados Unidos, 1 Setyembre 1903. Nagtayo ng paliparan at tinawag na Clark Field bilang paggunita sa pilotong si Maj. Harold Merville Clar, 1919. Sinalakay ng mga Hapon, 8 Disyembre 1941. Pook ng labanan ng mga sundalong Amerikano, Pilipino at Hapon. 1945, nanatili sa pamamahala ng Estados Unidos ayon sa kasunduang base militar ng RP-US, 1947. Clark Air Force Base, 1949. Isinara, 1991. Naging Clark Special Economic Zone, 1992.

Year Unveiled: 2003",Luzon,0,0,0,0,0,0,0,LOW,"Which of the following was the site of a significant battle involving American, Filipino, and Japanese soldiers during World War II and was later established as a military base for the United States?",The site was involved in a significant battle during World War II and served as a military base for the United States.
TP00435,Subic Naval Base,Subic Naval Base,MILITARY_STRUCTURE,Base ng Hukbong-dagat ng Subic,Region III,Olongapo City,Highly Urbanized City,Work of National Artist for Landscape Architecture Ildefonso P. Santos,,Luzon,0,0,0,0,1,0,0,LOW,,
TP00436,Corregidor,Corregidor,MILITARY_STRUCTURE,Corregidor,Region IV-A,Cavite City,Cavite,"National Historical Landmark, NHCP","Marker Text:

Corregidor

Derived its name from Corregimiento or municipal district. About 1225 the island became a stronghold for Chinese pirates until the latter were driven by the Moros. Became Spanish possession, 1570, when Spaniards arrived in Manila from Panay. Occupied by the Dutch, 1600. Recaptured by the Spaniards as a fortification besides being used as lighthouse, dockyard, naval convalescent hospital, penal colony, and checking point for ships to have their papers corrected. Surrendered without resistance to Admiral Dewey, May 6, 1898. First occupied by the Americans as a convalescent hospital, November 14, 1904, and first garrison, the 35th Company, C.A.C., commanded by Captain C.E. Kilbourne, arrived, May 8, 1908. Became the seat of the government of the Commonwealth of the Philippines during World War II and the scene of President Quezon’s taking oath of office on his second term. President Quezon and his family sought shelter at Malinta Tunnel, December 24, 1941. Occupied by the Japanese, May 6, 1942; retaken by the Americans, March 2, 1945. Turned over to the Republic of the Philippines, October 12, 1947.

Year Unveiled: 1949",Luzon,0,0,0,0,0,1,0,LOW,Which of the following was the site where President Quezon took the oath of office for his second term during World War II?,The site must be where President Quezon took the oath of office during World War II.
TP00437,Ilagan Japanese Tunnel,Ilagan Japanese Tunnel,MILITARY_STRUCTURE,Japanese Tunnel; Ilagan Japanese Tunnel; Japanese War Tunnel,Region II,Ilagan City,Isabela,"Registered Property, City of Ilagan, Isabela","The Ilagan Japanese Tunnel today. Its main feature is the Japanese War Tunnel which is about 40 meters in length and 3.66 meters in height and width. Inside the tunnel are several chambers which were used as headquarters for Japanese soldiers, storage facility for weaponry, prison for captured Filipino guerillas and repository of hidden treasure loots. Above the tunnel is the unaltered Japanese watchtower which provided a full 360 degrees commanding view of approaching troops.
 
 The Ilagan Japanese Tunnel is a war tunnel that was part of a military base built by the Japanese government as headquarters for its soldiers during the World War II, it is one of the few remaining tunnels in the province built in the Philippines through forced labor and hardships of captive Filipinos during the Japanese occupation (1942-1945).",Luzon,0,0,0,0,0,0,0,LOW,Which of the following was used as a military headquarters and storage facility by Japanese soldiers during World War II in the Philippines?,The site was used as a military headquarters and storage facility by Japanese soldiers during World War II in the Philippines.
TP00438,Wallace Air Station,Wallace Air Station,MILITARY_STRUCTURE,Himpilang Panghimpapawid ng Wallace,Region I,San Fernando City,La Union,"Registered Property, Province of La Union","These 101 hectares of base land located at the end of Poro Point in San Fernando were acquired in 1903 for the United States Cavalry. It was the home of the 848th Aircraft Control and Warning Squadron which provided logistics and administrative support to other radar detachments under its chain of command. Formally turned-over by the United States to the Republic of the Philippines on September 16, 1991, the Bases Conversion Development Authority is overseeing the plans for the conversion of the area into a prime tourism and industrial estate.",Luzon,0,0,0,0,0,0,0,LOW,"Which of the following was acquired in 1903 for the United States Cavalry and was formally turned over to the Republic of the Philippines on September 16, 1991?","The site was acquired in 1903 for the United States Cavalry and was formally turned over to the Republic of the Philippines on September 16, 1991."
TP00439,Fort San Felipe Historical Site,Fort San Felipe Historical Site,MILITARY_STRUCTURE,Fuerza de San Felipe; Fort San Felipe; Pook Pangkasaysayan ng Tanggulang San Felipe; Palatandaan Alaala sa mga Filipinong Nasangkot sa Pag-aalsa sa Cavite ng 1872; In Memory of the Filipinos Implicated in the 1872 Cavite Mutiny Marker; Kuta ng San Felipe Neri,Region IV-A,Cavite City,Cavite,"National Historical Site, NHCP; Historical Marker, NHCP; Registered Property, City of Cavite","In 1591 Governor General Gomez Perez Dasmarinas planned for the construction of a fort within the Port of Cavite to serve as Manila's primary defense. Fort San Felipe, built from 1609 to 1616, was of great importance in the military defense of Manila throughout the Spanish period, especially in the repulsion of Dutch attacks in the 17th century.

Fort San Felipe was the scene of the Cavite Mutiny on January 20-23, 1872, an uprising which led to the execution of the Filipino priests Jose Burgos, Mariano Gomes, and Jacinto Zamora in Bagumbayan on February 17, 1872, and the exile of several members of the clergy and prominent Filipinos to Palawan, Balabac, Zamboang, the Marianas, and Cartagena, Spain.

On September 12, 1896, thirteen Cavitenos were executed on the plaza of this fort for their alleged conspiracy to overthrow the Spanish colonial government. In this fort, Spanish Admiral Patricio Montojo surrendered to American Admiral George Dewey on May 1, 1898 after the Battle of Manila Bay.

Declared as a National Historical Site by virtue of National Historic Institute Resolution No. 6, s. 1995.

Marker Text:

Kuta ng San Felipe Neri

Isang kuwadradong kuta na may apat na bastiyon at malawak na liwasan, ito ang unang kutang itinayo sa daungan ng Kabite sa pagitan ng 1609 at 1616 noong kapanahunan ni Gob. Juan de Silua. Noong Agosto 1663, si Gob. Sabiniano Manrique de Lara ay nagpatayo ng isang plataporma sa tarangkahan ng kastilyo paka paglagyan ng sampung kanyon. Pagkaraan apat pang plataporma ang itinayo at halos lahat ay pinangalanan na kasunod sa mga santo. Sa layuning pangkaligtasan apat na simbahan -- ang San Francisco, Santo Domigo, Kapisanan ni Hesus, at San Nicolas -- ang giniba.

Noong Agosto 14,1782 isang malakas na bagyo ang nagwasak sa halos buong pader na muling ipinatayo noong Marso 22, 1819 sa pamamahala ng Gobernador Politiko-Militar ng lalawigan.

Ang kuta ay sinakop ng isang pangkat na nag-alsa sa pamumuno ni Sarhento Francisco la Madrid noong gabi ng Enero 20, 1872. Bunga ng pag-aalsang ito ang pagbitay sa pamamagitan ng garote sa tatlong paring sina Jose Burgos, Jacinto Zamora at Mariano Gomez.

Itinatag ang ika-16 na distrito ng hukbong dagat sa Kuta ng San Felipe noong kalagitnaan ng 1941. Ang kuta ring ito ang nagsilbing himpilan ng sandatahang lakas ng hapon pagkaraang masakop ang kabite noong ikalawang digmaang pandaigdig.",Luzon,0,0,0,0,0,0,0,LOW,Which of the following was the site of the Cavite Mutiny in January 1872 and played a significant role in the military defense of Manila during the Spanish colonial period?,The site was the location of the Cavite Mutiny in January 1872 and was important for the military defense of Manila during the Spanish colonial period.
TP00441,Fort Cuyo,Fort Cuyo,MILITARY_STRUCTURE,Tanggulang Cuyo; Fort of Cuyo; Cuyo Fort,Region IV-B,Cuyo,Palawan,"Marked Structure, NHCP","Marker Text:

Fort Cuyo

Fort of Cuyo was built about 1680 by the Recollect Agustinians, according to the plans and under the supervision of Rev. Juan de San Severo, A.R. The fort, made of stone and mortar, was square in form, with four bastions.

Year Unveiled: 1939
---
The original complex of stone and mortar was a square with four bastions. The present complex, which occupies 1 hectare (2.5 acres), is a solid rectangular edifice with wall 10 metres (33ft) high and 2 metres (6ft 7in) thick. It has a tall belfry and watchtowers. Its cannons, which face the sea, are now fired only during town celebrations. It is considered as one of the most and ancient unique forts in the Philippines. Unique in the sense that you can find the Saint Agustine Church, its convent and the Perpetual Adoration chapel all within the fort.",Luzon,0,0,0,0,0,0,0,LOW,Which of the following was constructed around 1680 by the Recollect Agustinians and features a solid rectangular structure with a tall belfry and watchtowers?,The site was built around 1680 by the Recollect Agustinians and has a solid rectangular structure with a tall belfry and watchtowers.
TP00442,Fuerza de Santa Isabel,Fuerza de Santa Isabel,MILITARY_STRUCTURE,Fort of Taytay; Fuerza de Sta. Isabel; Fuerza de Santa Isabel,Region IV-B,Taytay,Palawan,"Registered Property, Province of Palawan","Fuerza de Sta. Isabel was first built as a wood palisade in 1667 under the Augustinian Recollect Fathers. After 71 years of forced labor (POLO) and material contributions by the subject Taytayanos. It was completed as a stone fort in December 17, 1738 by Tomas Castro, the Spanish military engineer, under the command of Capitan Josef Tierra de Salcedo. In 1700, the first batch of 100 exiles or DISTIREROS from Luzon and Visayas were recruited to help in the construction of the fort.

The fort is roughly quadrilateral with bastions and garitas at the corners. The bastions are named after San Toribio, Santa Isabel, San Juan and San Manuel. 

The present-day coral limestone fort was completed in 1738, and was mainly used to defend against Muslim warrior-raiders in their colorful war boats, while the Spanish soldiers fired at them with their huge cannons.
There are actually two cannons present in the fortress, one at the top and another one located at the entrance of the fortress.",Luzon,0,0,0,0,0,0,0,LOW,Which of the following was completed as a stone fort in 1738 to defend against Muslim warrior-raiders?,The site was completed as a stone fort in 1738 and was used for defense against Muslim warrior-raiders.
TP00443,Rizal Hill Park,Rizal Hill Park,CULTURAL_LANDSCAPE,Rizal Hill; Calvario Hill; Liwasan ng Burol ng Rizal; Calvario,Region IV-A,Mauban,Quezon,"Marked Structure, NHCP; Registered Property, Municipality of Mauban, Quezon","Used by the Spaniards as guard post and a place of religious activities; by the Americans, Philippine Constabulary and Japanese Army as guard post. At present a tourist destination. Declared by the National Historical Commission of the Philippines as a “historic site” in July 14, 2011. On top is a monument of Dr. Jose Rizal built in 1925. Totally separated from the Sierra Madre Mountain in 1925. Present record states that Mauban is the only municipality with Rizal’s monument on top of a hill.
_____
Marker Text:

Rizal Hill Park

Nakilala sa tawag na Calvario, dating bahagi ng bulubundukin ng Sierra Madre na nang malaon ay nahiwalay dahil sa pagtatabas ng lupa upang gawing kalsada. Pinakamataas na bahagi ng kabayanan na ginamit bilang bantayan at sa mga gawaing panrelihiyon noong panahon ng Espanyol. Naging punong himpilan ng mga sundalong Amerikano at bantayan ng Philippine Constabulary noong panahon ng Amerikano, at ng Civilian Emergency Administration noong panahon ng Hapon. Itinayo ang bantayog para kay Jose Rizal, Disyembre 1925.

Year Unveiled: 2011",Luzon,0,0,0,0,0,0,0,LOW,Which of the following was used as a guard post and a site for religious activities during the Spanish colonial period and features a monument to Dr. Jose Rizal?,The site was used as a guard post and a place for religious activities during the Spanish colonial period and has a monument to Dr. Jose Rizal.
TP00444,Heroes Park,Heroes Park,CULTURAL_LANDSCAPE,Plaza Mabini; Liwasan ng mga Bayani,Region IV-A,Batangas City,Batangas,"Work of National Artist for Landscape Architecture Ildefonso P. Santos; Registered Property, Province of Batangas","The Plaza which is dedicated to the Filipino people has a double life-size bust statue of Apolinario Mabini, which stands prominently at the center, was first conducted in 1951 and redesigned in 1964. The design of the park garnered the first prize award in the National Beautification Project Contest in 1969 for its landscaping and overall aesthetic urban form. Plaza Mabini was renovated thru the funds granted to the city government by the Philippine Tourism Authority 1993. The two water fountains were revived and the landscaping was improved. Benches for the existing stage were installed. A gazebo and public restrooms were constructed in one corner of the Plaza. ",Luzon,0,0,0,0,1,0,0,LOW,Which of the following was redesigned in 1964 and features a prominent double life-size bust statue of a Filipino historical figure at its center?,The site was redesigned in 1964 and has a double life-size bust statue of a Filipino historical figure at its center.
TP00445,People's Park in the Sky,People's Park in the Sky,CULTURAL_LANDSCAPE,Palace in the Sky,Region IV-A,Tagaytay City,Cavite,"Registered Property, City of Tagaytay, Cavite","Originally named Palace in the Sky, it is an unfinished palace originally meant for former United States President Ronald Regan and his wife for their Philippine visit. The place was converted into a park and became one of the most-visited tourist spots in Tagaytay. Park facilities include souvenir stalls, fish pond, wishing well, lover's lane, amphitheater, 360 degree viewing deck, a grotto, fruit stalls, comfort rooms, and parking areas.",Luzon,0,0,0,0,0,0,0,LOW,Which of the following was originally intended as a residence for a former United States President during his visit to the Philippines and is now a popular park in Tagaytay?,The site was originally intended as a residence for a former United States President during his visit to the Philippines.
TP00446,Rice Museum,Rice Museum,HISTORIC_BUILDING,,Region III,Science City of Muñoz,Nueva Ecija,"Registered Property, Science City of Muñoz, Nueva Ecija",,Luzon,0,0,0,0,0,0,0,LOW,,
TP00447,Aurora Park,Aurora Park,CULTURAL_LANDSCAPE,Liwasang Aurora,Region I,Laoag City,Ilocos Norte,"Local Cultural Property - Cultural and Historical Heritage of the Province of Ilocos Norte (per Provincial Ordinance Nos. 049-2006 and 039-2009); Registered Property, Province of Ilocos Norte",,Luzon,0,0,0,0,0,0,0,LOW,,
TP00448,Ciudad Real de Acuzar Heritage Park,Ciudad Real de Acuzar Heritage Park,CULTURAL_LANDSCAPE,Las Casas Filipinas de Acuzar; Pamanang Liwasan ng Ciudad Real de Acuzar; Ciudad Real de Acuzar,Region III,Bagac,Bataan,"Registered Property, Municipality of Bagac, Bataan","Inside this heritage park is a collection of Spanish Colonial buildings and stone houses (bahay na bato in Tagalog), planned to resemble a settlement reminiscent of the period. These houses were carefully transplanted from different parts of the Philippines and rehabilitated to their former splendor.",Luzon,0,0,0,0,0,0,0,LOW,Which of the following was designed to resemble a settlement from the Spanish Colonial period and features a collection of rehabilitated stone houses from various regions of the Philippines?,The site is designed to resemble a settlement from the Spanish Colonial period and features a collection of rehabilitated stone houses from various regions of the Philippines.
TP00449,Nagcarlan Underground Cemetery Historical Landmark,Nagcarlan Underground Cemetery Historical Landmark,CULTURAL_LANDSCAPE,Underground Cemetery; Palatandaang Pangkasaysayan ng Sementeryo sa Ilalim ng Lupa ng Nagcarlan,Region IV-A,Nagcarlan,Laguna,"National Historical Landmark, NHCP; Registered Property, Municipality of Nagcarlan, Laguna","Naging lihim na tagpuan ng mga rebolusyonero noong panahon ng Himagsikan laban sa España.
_____
Marker Text:

Sementeryo sa Ilalim ng Lupa ng Nagcarlan

Ang naiiba at nag-iisang sementeryong ito sa Pilipinas ay itinayong mga misyonerong Pransiskano sa pangangasiwa ni Padre Vicente Velloc noong 1845, kasabay ng pagtatayong muli ng pinalaking simbahan ni San Bartolome at pagtatayo ng kumbento. 
Dito ng pulong ng palihim ang mga pinuno ng himagsikan sa Laguna noong 1896.
Sa bisa ng Kautusan ng Pangulo Bilang 260, Agosto 1, 1973, na sinusugan ng Kautusan Bilang 1515, Hunyo 11, 1978, ang sementeryong ito ay ipinahayag na Pambasang Palatandaang Makasaysayan.",Luzon,0,0,0,0,0,1,0,LOW,Which of the following was a secret meeting place for revolutionaries during the Philippine Revolution against Spain?,The site served as a secret meeting place for revolutionaries during the Philippine Revolution against Spain.
TP00450,Perez Park,Perez Park,CULTURAL_LANDSCAPE,Perez Park (Parke); Lucena Perez Park,Region IV-A,Lucena City,Highly Urbanized City,"Registered Property, Province of Quezon","The park was named after the late Don Felimon Perez, son of Don Simeon Perez, who is an influential Leader in Lucena.",Luzon,0,0,0,0,0,0,0,LOW,Which of the following was named in honor of a prominent leader in Lucena and is a cultural landscape?,The site was named after an influential leader in Lucena.
TP00451,Laurel Park,Laurel Park,CULTURAL_LANDSCAPE,Laurel Park; Liwasang Laurel,Region IV-A,Batangas City,Batangas,"Registered Property, City of Batangas, Batangas","Laurel Park in Batangas City situated in the Provincial Capitol in Kumintang Ibaba is enhanced by prominent colorful lights and state-of-the-art landscapes. Its main gate, situated along the national highway serves as the façade of the Capitol Complex. Beside the main gate is the Provincial Tourism Office that provides useful information about the province. The Heroes Promenade is a shrine wherein the present generation of Batangueños can commune with their illustrious forebears. It is the place to commemorate and perpetuate the memory of great men and women of the province whose lives and labors provided a shining example of patriotic dedication.",Luzon,0,0,0,0,0,0,0,LOW,Which of the following is a cultural landscape in Batangas City that features a prominent main gate along the national highway and serves as a shrine for commemorating the province's notable figures?,The site is a cultural landscape in Batangas City that includes a main gate along the national highway and serves as a shrine for commemorating notable figures from the province.
TP00452,Biyak-na-Bato Historic Site,Biyak-na-Bato Historic Site,CULTURAL_LANDSCAPE,Biak na Bato National Park; Makasaysayang Pook ng Biyak-na-Bato; Biyak-na-Bato; Biak na Bato; Biyaknabato; republika ng Biyak-na-Bato,Region III,San Miguel,Bulacan,"National Historical Site, NHCP; Registered Property, Province of Bulacan","RESOLUTION NO. 1, S. 1996

DECLARING BIYAK-NA-BATO IN SAN MIGUEL, BULACAN AS A HISTORICAL SITE

WHEREAS, Article 14, Sections 14, 15, and 16 on “Arts and Culture” of the Constitution of the Philippines, respectively, state that: “The State shall foster the preservation, enrichment and dynamic evolution of the Filipino national culture…; The State shall conserve, promote, and popularize the nation’s historical and cultural heritage and resources, as well as artistic creations. All the country’s artistic and historic wealth constitutes the cultural treasure of the nation and shall be under the protection of the State which may regulate its disposition;”
WHEREAS, Presidential Decree No. 260, dated August 1, 1973, officially vested the National Historical Institute with the power to conserve and promote the historical and cultural heritage of the country, and is, therefore, in-charge of identifying, maintaining and caring of historical shrines, monuments, and landmarks and or developing the historical sites and structures that may be declared as National Shrines, Monuments and Landmarks;
WHEREAS, General Emilio Aguinaldo and his followers, as a strategic move on their part, encamped themselves in Biyak-na-Bato, San Miguel, Bulacan where they resorted to guerilla warfare, thereby transforming the Filipino struggle for independence into a people’s war;
WHEREAS, on November 1-2, 1897, fifty-two revolutionary leaders convened in Biyak-na-Bato and signed the Constitucion Provinsional de la Republica de Filipinas, thereby establishing the first constitutional republican government in the Philippines, on the basis of a temporary constitution. 
WHEREAS, the Pact of Biyak-na-Bato signed on November 18, 1897 was a truce agreement between the Filipino revolutionaries and the Spanish colonial government, thereby suspending the hostilities between the two forces and stipulating the terms which included the surrender of the Filipino arms, the exile of Aguinaldo and the other members of the Revolutionary Committee to Hongkong, and the payment of money to the said Committee according to an agreed schedule;
WHEREAS, due to the significant events associated with this site, a  historical marker was installed by the National Historical Institute in 1973;
WHEREAS, in the celebration of the National Centennials from 1996 to 1998, Biyak-na-Bato serves as a historical site and as a national reminder and inspiration for all Filipinos for their historic struggle against Spain and the perpetuation of the ideals of liberty for which their forefathers had consistently fought and defended a century ago;
NOW THEREFORE, the National Historical Institute, by virtue of the powers vested in it by Presidential Decree No. 260, dated August 1, 1973, as amended by Presidential Decree No. 1505, dated June 11, 1978, hereby declares Biyak-na-Bato and its environs as a Historic Site. 

APPROVED: April 24, 1996
_____
The mountain hideout of the Spanish Revolutionary forces and the Aguinaldo and Pedro Paterno. It is where the historic Biak na Bato Republic was established. Among its natural attractions are the Paniki and Aguinaldo Cave. The nest of freedom fighters during the Philippine-Spanish War, appeals to the adventurous spirit with its challenging rock formations. Today, hanging bridges and staircases connecting river and caves make a pleasurable exploration.
_____
Marker Text:

Biyaknabato

Sa pook na ito itinatag ng mga manghihimagsik sa pamumuno ng Heneral Emilio Aguinaldo ang republika ng Biyak-na-Bato nong ika-31 ng Mayo, 1897. Ang saligang-batas ng Republika ay pinagtibay sa pook ding ito noong unang araw ng Nobyembre, 1897.",Luzon,0,0,0,0,0,0,0,LOW,"Which of the following was the site where the first constitutional republican government in the Philippines was established on November 1-2, 1897?","The site must be where the first constitutional republican government in the Philippines was established on November 1-2, 1897."
TP00453,Maria Cristina Park,Maria Cristina Park,CULTURAL_LANDSCAPE,Liwasang Maria Cristina,Region III,Tarlac City,Tarlac,"Registered Property, Province of Tarlac",,Luzon,0,0,0,0,0,0,0,LOW,,
TP00454,Balanga City Wetland and Nature Park,Balanga City Wetland and Nature Park,CULTURAL_LANDSCAPE,Balanga City Wetland and Nature Park,Region III,Balanga City,Bataan,"Registered Property, Province of Bataan","The Balanga City Wetland and Nature Park hosts thousands of migratory birds almost every day during the season. It is considered as a natural outdoor museum, showcasing the magnificence of a well-diversified bio network. The city government built a sanctuary for these birds and protect them from being hunted and killed. Structures are provided for the visitors to have a safe and meaningful encounter with the birds. Every year, the Ibong Dayo Festival is celebrated to give admiration and raise awareness on the importance of the migratory birds. The Department of Tourism recognized the place as one of the newest developed bird watching sites in the Philippines. The park lies on approximately 11 hectares coastal and estuarine area in one of the seaside village of Balanga City, called Barangay Tortugas. Before the park was originally conceived as a ""Baypark"" with plans for concreted boardwalks and reclaimed areas.",Luzon,0,0,0,0,0,0,0,LOW,Which of the following is recognized as a developed bird watching site in the Philippines that hosts thousands of migratory birds and celebrates the Ibong Dayo Festival?,The site is recognized as a developed bird watching site in the Philippines that hosts thousands of migratory birds and celebrates the Ibong Dayo Festival.
TP00455,Pulilan Butterfly Haven,Pulilan Butterfly Haven,CULTURAL_LANDSCAPE,Kanlungan ng Paru-paro ng Pulilan,Region III,Pulilan,Bulacan,"Registered Property, Province of Bulacan",Observe the life cycle of butterflies. It also houses the Bulacan Treasures Diorama Museum and the ancestral house of the Aguirre Family.,Luzon,0,0,0,0,0,0,0,LOW,Which of the following is a site where visitors can observe the life cycle of butterflies and also features a diorama museum along with an ancestral house?,The site must allow visitors to observe the life cycle of butterflies and include a diorama museum and an ancestral house.
TP00456,San Pedro Gateway Park,San Pedro Gateway Park,CULTURAL_LANDSCAPE,San Pedro Gateway Park,Region IV-A,San Pedro City,Laguna,"Registered Property, City of San Pedro, Laguna",,Luzon,0,0,0,0,0,0,0,LOW,,
TP00457,Aurora Memorial National Park,Aurora Memorial National Park,CULTURAL_LANDSCAPE,"Doña Aurora Memorial Park, Doña Aurora Shrine, AAQ (Aurora Aragon Quezon); Pook na Kinamatayan ni Doña Aurora Aragon Quezon; Dona Aurora Memorial Park",Region III,Bongabon,Nueva Ecija,"Marked Structure, NHCP, Local Cultural Property (per Executive Order No. 19 series of 2021), Registered Property, Municipality of Bongabon, Nueva Ecija","Si Dona Aurora A. Quezon ang nagsilbing katuwang ni Pangulong Quezon sa mga gawaing paglilingkod sa bansa. Siya ang kasalo sa pamamahala ng bansa at nanguna sa programang kumakalinga sa mas nangangailangan. Sa kasalukuyan, ang Dona Aurora Memorial Park ay nasa pangangalaga ng Lokal na Gobyerno ng Bongabon. Nagpatayo ng palikuran at pahingahan ang local na pamahalaan para sa pakinabang ng mga turista.

Marker Text:

Pook na Kinamatayan ni Doña Aurora Aragon Quezon

Sa pook na ito, noong ika-28 ng Abril 1949, sina Doña Aurora Aragon Quezon, kanyang anak, Maria Aurora, manugang, Philip Buencamino III; at ang punong bayan ng lungsod ng Quezon, Ponciano Bernando, ay tinambangan at pinaslang. Ang pangkat ay patungong Baler, Tayabas (ngayo’y Quezon) upang dumalo sa pagpapasinaya ng Baler Memorial Hospital at paghahawi ng tabing ng makasaysayang palatandaan para sa Pangulong Manuel L. Quezon. Si Doña Aurora, kauna-unahang unang ginang ng bansa ay kilalang-kilala sa kanyang mga gawaing sibiko para sa mga mahihirap at kapus-palad.

Date Unveiled: April 28, 2013",Luzon,0,0,0,0,0,0,0,LOW,"Which of the following was the site where a significant ambush occurred on April 28, 1949, involving prominent figures on their way to the inauguration of a memorial hospital?","The site is where a notable ambush took place on April 28, 1949, involving key individuals heading to a specific event."
TP00458,Burnham Park,Burnham Park Development,CULTURAL_LANDSCAPE,Pagpapaunlad sa Liwasang Burnham; Burnham Park Development,CAR,Baguio City,Highly Urbanized City,Work of National Artist for Landscape Architecture Ildefonso P. Santos,Work of Architect I.P. Santos (1990),Luzon,0,0,0,0,1,0,0,LOW,Which of the following was designed by an architect in 1990 and is known for its cultural landscape significance?,The site was designed by an architect in 1990 and is recognized as a cultural landscape.
TP00459,Pangasinan National High School,Pangasinan National High School,INSTITUTIONAL_BUILDING,PNHS; National; Mataas na Paaralang Pambansa ng Pangasinan,Region I,Lingayen,Pangasinan,"Registered Property, Municipality of Lingayen, Pangasinan","Established in 1908, it was the first secondary school in Lingayen, Pangasinan.",Luzon,0,0,0,0,0,0,0,LOW,Which of the following was the first secondary school established in Lingayen in 1908?,The site was established in 1908 as the first secondary school in Lingayen.
TP00460,University of Nueva Caceres,University of Nueva Caceres,INSTITUTIONAL_BUILDING,UNC; Pamantasan ng Nueva Caceres,Region V,Naga City,Independent Component City,"Marked Structure, NHCP","Marker Text:

University of Nueva Caceres

Itinatag sa daang Burgos, Lungsod ng Naga sa pamumuno ni Dr. Jaime Hernandez, unang pangulo, 1948. PInagtibay ng Securities and Exchange Commission bilang Nueva Caceres Colleges, 18 Mayo 1948. Binuksan ang sekondarya at mga kursong pangkolehiyo 1 Hulyo 1948; Elementarya at ROTC, 1949. Inilipat sa Daang Igualdad ngayong Daang J. Hernandez, 1952. Unang paaralan sa Kabikulan na ginawaran ng katayuang unibersidad, 15 Disyembre 1954.",Luzon,0,0,0,0,0,0,0,LOW,Which of the following was established in 1948 and became the first university in the Bicol region?,The site was established in 1948 and is the first university in the Bicol region.
TP00461,Paaralang Sentral ng Lingayen I,Paaralang Sentral ng Lingayen I,INSTITUTIONAL_BUILDING,Lingayen 1 Central School; Paaralang Sentral ng Lingayen I,Region I,Lingayen,Pangasinan,"Marked Structure, NHCP","Marker Text:

Paaralang Sentral ng Lingayen I

Una at tanging gusaling paaralang bayang may ganitong uri sa Lingayen, kabisera ng Pangasinan. Nakaligtas sa pagsalakay at pambobomba ng puwersa ni Heneral Douglas MacArthur noong liberasyon, Enero 1945, at pananalanta ng mga baha at lindol. Dito, ang pangulong Fidel V. Ramos, panlabingdalawang Pangulo ng Republika ng Pilipinas ay nag-aral mula una hanggang ika-pitong baitang, 1932–1940. Binigkas niya ang kanyang unang talumpati bilang balediktoryan ng kanilang klase, Marso 1940, sa harapan ng entabladong kinalalagyan ng dating kampanang pampaaralan.

Date Unveiled: August 22, 1992",Luzon,0,0,0,0,0,0,0,LOW,Which of the following was the only school building of its kind in the capital of Pangasinan that survived the attacks during the liberation in January 1945?,The site is the only school building in the capital of Pangasinan that survived the attacks during the liberation in January 1945.
TP00462,Jose L. Basa Memorial School,Jose L. Basa Memorial School,INSTITUTIONAL_BUILDING,J.L. Basa; Central School; Central; Paaralan Alaala kay Jose L. Basa,Region IV-B,Naujan,Oriental Mindoro,"Registered Property, Municipality of Naujan, Oriental Mindoro",,Luzon,0,0,0,0,0,0,0,LOW,,
TP00463,San Pablo Central School,San Pablo Central School,INSTITUTIONAL_BUILDING,Central School; Paaralang Sentral ng San Pablo; San Pablo Central School,Region IV-A,San Pablo City,Laguna,"Registered Property, City of San Pablo, Laguna","The site was acquired between 1908 and 1910.  By virtue of the Gabaldon Act, the first public school building was constructed in 1916 and was named Thomas Jefferson Building, now Mabini building.  Intermediate classes were held there (grades 4-7) while primary grades were held at Escuela Pia.  In 1913, 18 students, the first graduates of grade 7 received their diplomas; 1918 Lincoln Building now Bonifacio was constructed; 1925 Rizal Building was constructed; 1929 when the Minerva Shrine was installed, a donation of the graduates of that year; 1931 when the school’s iron gates and fence were completed; 1940 Quezon building was constructed; 1941  when the public high school opened. The Boys High was housed at the Rizal Building while the Girl’s High was at the Bonifacio Building.  In 1944, the buildings were damaged by the bombs of the Japanese invading forces.  By virtue of the Rehabilitation Act of 1946, the buildings were restored.",Luzon,0,0,0,0,0,0,0,LOW,Which of the following was established in 1916 as the first public school building in the area and underwent restoration after being damaged during World War II?,The site was established in 1916 as the first public school building and was restored after World War II damage.
TP00464,Tarlac State University,Tarlac State University,INSTITUTIONAL_BUILDING,Pambansang Pamantasan ng Tarlac; Palatandaan ng Kabisera ng Republika ng Pilipinas; Kabisera ng Republika ng Pilipinas Marker; Kabisera ng Republika ng Pilipinas,Region III,Tarlac City,Tarlac,"Marked Structure, NHCP","Marker Text:

Kabisera ng Republika ng Pilipinas
Tarlac, Tarlac

Sa pook na ito dating nakatayo ang Casa Real ng Tarlac na nagsilbing tanggapan ng Pangulo ng Republika ng Pilipinas sa kasagsagan ng Digmaang Pilipino–Amerikano, 21 Hunyo 1899. Dito nilagdaan ni Pangulong Emilio Aguinaldo ang mahahalagang dekreto, kabilang ang pagkilala sa mga huling Espanyol na sumuko sa Baler, 30 Hunyo 1899; itinatag ang Kawanihan ng Salaping Papel, 30 Hunyo 1899; ipinatupad ang Batas sa Pagkamamamayan, 5 Agosto 1899; itinatag ang sistemang koreyo, 29 Agosto 1899; binuo ang Korte Suprema, 15 Setyembre 1899. Lumisan ang pamahalaan bunsod ng pagdating ng puwersang Amerikano, 12 Nobyembre 1899.

Date Unveiled: July 14, 2014",Luzon,0,0,0,0,0,0,0,LOW,"Which of the following was the site where President Emilio Aguinaldo signed important decrees during the Philippine-American War on June 21, 1899?","The site was where significant decrees were signed by President Emilio Aguinaldo during the Philippine-American War on June 21, 1899."
TP00465,Baguio Teachers' Camp,Baguio Teachers' Camp,INSTITUTIONAL_BUILDING,Kampo ng mga Guro ng Baguio; Kampo ng mga Guro; Teachers Camp,CAR,Baguio City,Highly Urbanized City,"Marked Structure, NHCP","Marker Text:

Kampo ng mga Guro
(Teachers Camp)

Ang kampong ito, na dati’y tinatawag na “O-ring-ao” ng mga Igorot, ay itinatag noong 1908 sa pamumuno ng gobernador ng Benguet na si William F. Pack at ng Kalihim ng Pagtuturong si Morgan W. Shuster, upang mabigyan ng kaakit-akit na bakasyunan ang mga guro at mga kawani ng Kawanihan ng Pagtuturo. Mula noon ang kampong ito ay naging pook ng taunang pagpupulong ng mga superintendente ng mga paaralan at pinagdarausan ng mga klaseng pantag-araw ng mga tagapamanihala at guro ng mga paaralang bayan.

Year Unveiled: 1988",Luzon,0,0,0,0,0,0,0,LOW,Which of the following was established in 1908 to provide an attractive retreat for educators and has since hosted annual meetings for school superintendents?,The site was established in 1908 to provide a retreat for educators and has hosted annual meetings for school superintendents.
TP00466,Don Honorio Ventura Technological State University,Don Honorio Ventura Technological State University,INSTITUTIONAL_BUILDING,DHVTSU; Pambansang Pamantasang Teknolohikal ng Don Honorio Ventura; Palatandaan ng Paaralan ng mga Sining at Kalakalan ng Pampanga; Pampanga School of Arts and Trades Marker; Pampanga School of Arts and Trades,Region III,Bacolor,Pampanga,"Marked Structure, NHCP","Marker Texts:

Don Honorio Ventura Technological State University

Itinatag bilang Colegio de Instruccion Primaria y Latinidad nina Padre Juan Zita at Felino Gil, 4 Nobyembre 1861. Isa sa mga napiling paaralan ni Reyna Isabel II ng Espanya na magbukas ng sekondaryang antas, 1867. Nasunog at nagsara, 1869. Inayos, 1892. at binuksan bilang Escuela de Artes y Oficios de Bacolor, 1893. Nasunog noong Rebolusyon at nagsara 5 Hunyo 1898. Inayos, 1906, at binuksan bilang Provincial Arts and Trade School of Pampanga, 1907. Naging Paaralang Insular, 1912–1914. Naging kuwartel ng mga Hapon, 1942–1944, at sinunog, Disyembre 1944. Inayos, 1946. Ipinangalan sa karangalan ni Honorio Ventura, pilantropo at makabayan, 1964. Natabunan ng lahar dulot ng pagputok ng Bulkang Pinatubo, Oktubre 1995. Muling binuksan, Mayo 1996. Naging pambansang pamatasan, 2009.

Year Unveiled: 2014
_____
Pampanga School of Arts and Trades
(Formerly Escuela de Artes y Oficios de Bacolor)

Founded 1861 by Fr. Juan P. Zita and Don Felino Gil on a site donated by the Suarez Sisters of Bacolor. Building was destroyed by fire 1869 and reconstructed 1892; used as: barracks for Filipino soldiers of the Spanish Army 1896; munitions factory 1897; Provincial Capitol of Pampanga 1901-1904; Pampanga Trade School, 1909; barracks for Japanese soldiers 1942-1944. Burnt in December 1944; rebuilt with U.S. Aid 1946.

This school was converted into a regional school of arts and trades 28 October 1956; building was destroyed again by fire 7 July 1958; reconstructed 1959.",Luzon,0,0,0,0,0,0,0,LOW,"Which of the following was established in 1861 and has undergone multiple reconstructions due to fires and natural disasters, including being buried by lahar from the eruption of Mount Pinatubo in 1995?",The site was established in 1861 and has experienced multiple reconstructions due to fires and natural disasters.
TP00467,University of the Philippines Los Baños,University of the Philippines Los Baños,INSTITUTIONAL_BUILDING,Unibersidad ng Pilipinas Los Baños,Region IV-A,Los Baños,Laguna,"Registered Property, Municipality of Los Baños, Laguna","The university has played an influential role in Asian agriculture and biotechnology due to its pioneering efforts in plant breeding and bioengineering, particularly in the development of high-yielding and pest-resistant crops.  ",Luzon,0,0,0,0,0,0,0,LOW,Which of the following has significantly contributed to advancements in Asian agriculture and biotechnology through its innovative work in plant breeding and bioengineering?,The site has played a key role in the development of high-yielding and pest-resistant crops in Asian agriculture and biotechnology.
TP00468,Benguet State University,Benguet State University,INSTITUTIONAL_BUILDING,BSU; Pambansang Pamantasan ng Benguet; Benguet State University,CAR,La Trinidad,Benguet,"Marked Structure, NHCP","Benguet State University started as the La Trinidad Farm School with 30 grade V pupils in 1916. The Farm School expanded its services and heightened its prominence in La Trinidad. According to earlier reports, the Farm School was “planned to develop into a large normal school where the best Igorot pupils will be trained to be teachers among their own people with emphasis on agriculture.”  In 1920, the farm school was elevated as the Trinidad Agricultural School with 188 students enrolled in first year high school. Re-opening after the war in 1946, the school became the La Trinidad Agricultural High School. On January 12, 1986, the college was converted to a state university by virtue of Presidential Decree (PD) No. 2010 signed by President Ferdinand E. Marcos. (Source: http://www.bsu.edu.ph/content/history-0)

---

Marker Text:

Benguet State University

Nagsimula bilang Farm School. 1916. Nanguna sa pagtataguyod ng mga sekondaryang edukasyon at edukasyong pang-agrikultura sa mga katutubong mag-aaral ng mga lalawigang sakop ng dating Mountain Province (ngayo’y Cordillera Administrative Region). Isa sa mga nanguna sa mga kinakailangang reporestasyon sa Baguio at mga kalapit na bayan. Naging Mountain State Agricultural College, 1969, at Benguet State University, 1986.

Date Unveiled: September 27, 2016",Luzon,0,0,0,0,0,0,0,LOW,Which of the following was established in 1916 as a farm school aimed at training Igorot pupils to become teachers in agriculture?,The site was established in 1916 as a farm school for Igorot pupils.
TP00469,Holy Angel University,Holy Angel University,INSTITUTIONAL_BUILDING,Holy Angel University; Palatandaan ni Vicente S. Manansala (1910–1981); Vicente S. Manansala (1910–1981) Marker,Region III,Angeles City,Highly Urbanized City,"Marked Structure, NHCP",,Luzon,0,0,0,0,0,0,0,LOW,,
TP00470,Wright Institute,Wright Institute,INSTITUTIONAL_BUILDING,San Isidro Central School; Surian ng Wright; Wright Institute of San Isidro,Region III,San Isidro,Nueva Ecija,"Registered Property, Province of Nueva Ecija","Wright Institute of San Isidro was established at San Isidro, Nueva Ecija and is one of the first public high schools outside Manila during the American period. This institute became the Nueva Ecija High School until its relocation to Cabanatuan City in 1927.",Luzon,0,0,0,0,0,0,0,LOW,"Which of the following was established in San Isidro, Nueva Ecija, as one of the first public high schools outside Manila during the American period?","The site must have been established in San Isidro, Nueva Ecija, as one of the first public high schools outside Manila during the American period."
TP00471,Angeles City Library and Information Center,Angeles City Library and Information Center,INSTITUTIONAL_BUILDING,"Renato D. Tayag Memorial Library; Renato ""Katoks"" Tayag Gallery; Aklatang Panglungsod at Sentro ng Impormasyon ng Angeles; Palatandaan ni Renato D. Tayag (1915-1985); Renato D. Tayag (1915-1985) Marker; Angeles City Library; R.D. Tayag Memorial Library",Region III,Angeles City,Highly Urbanized City,"Marked Structure, NHCP; Registered Property, City of Angeles","Located at the second floor of the Angeles City Library and Information Center. This is a permanent exhibit on the life and works of Renato Tayag. Katoks is a prominent Kapampangan journalist and writer, lawyer, sportsman, military veteran and philanthropist. He and his family donated this land on which the city library stands.
_____
Marker Texts: 

Renato D. Tayag

Author, lawyer, soldier and sportsman. Born, Angeles, Pampanga, October 9, 1915. U.P. Law Class, 1939; member, U.P. Writers Club, edited collegian and literary apprentice. Fought in Bataan as field artillery officer; was with Death March; P.O.W. at Camp O’donnell; donated original building and site of the R.D. Tayag Memorial Library. Died an honorable and exemplary life, August 13, 1985.
_____
Renato D. Tayag
(1915–1985)

Awtor, manananggol, kawal at isportman. Ipinanganak sa Angeles, Pampanga, Oktubre 9, 1915. Nagtapos ng abogasya sa U.P., 1939 kasapi, U.P. Writers Club. Pinamatnugutan ang Collegian at Literary Apprentice. Nakipaglaban sa Bataan bilang field artillery officer; kabilang sa Death March; bilanggo ng digmaan sa Kampo O’Donnel. Ipinagkaloob ang orihinal na gusali at lupang kinatitirikan ng R.D. Tayag Memorial Library. Namatay pagkaraang mamuha ng marangal at kapuri-puri, Agosto 13, 1985.

Date Unveiled: October 9, 1986",Luzon,0,0,0,0,0,0,0,LOW,"Which of the following houses a permanent exhibit on a Kapampangan journalist, lawyer, and military veteran whose family donated the land on which it stands?","The site houses a permanent exhibit on a Kapampangan journalist, lawyer, and military veteran whose family donated its land."
TP00472,Cubal Elementary School,Cubal Elementary School,INSTITUTIONAL_BUILDING,Mababang Paaralan ng Cubal,Region I,Agoo,La Union,"Registered Property, Province of La Union",,Luzon,0,0,0,0,0,0,0,LOW,,
TP00473,Rizal Monument San Pedro,Rizal Monument San Pedro,MONUMENT,Dr. Jose Rizal Monument; Bantayog ni Rizal sa San Pedro,Region IV-A,San Pedro City,Laguna,"Registered Property, City of San Pedro, Laguna",,Luzon,0,0,0,0,0,0,0,LOW,,
TP00474,"Rizal Monument in Silang, Cavite","Rizal Monument in Silang, Cavite",MONUMENT,Rizal Monument,Region IV-A,Silang,Cavite,"Registered Property, Municipality of Silang, Cavite","Pagalala sa katapangan ni Dr. Jose Rizal pag gunita sa kanyang makabayang hakbang para sa bansang Pilipinas ay nagsisilbing inspirasyon para sa mga Pilipino. Pagbaliktanaw sa kontribusyon sa larangan ng edukasyon, medisina at sa pagbubukas sa kaisipan ng mga Pilipino para sa malayang Pilipinas. Na nagbibigay inspirasyon sa mga kababayang Pilipino pati na rin sa buong mundo.",Luzon,0,0,0,0,0,0,0,LOW,"Which of the following was established to honor a national hero known for his contributions to education and medicine, and serves as an inspiration for Filipinos both locally and globally?",The site was established to honor a national hero known for contributions to education and medicine.
TP00475,Rizal Monument in Magdalena,Rizal Monument in Magdalena,MONUMENT,Dr. Jose Rizal Monument; Bantayog ni Rizal sa Magdalena,Region IV-A,Magdalena,Laguna,"Registered Property, Municipality of Magdalena, Laguna",Pagpapaalala sa kabayanihan ni Gat. Jose Rizal.,Luzon,0,0,0,0,0,0,0,LOW,,
TP00476,Rizal Monument Pakil,Rizal Monument Pakil,MONUMENT,Monumento ni Rizal; Bantayog ni Rizal sa Pakil,Region IV-A,Pakil,Laguna,"Registered Property, Municipality of Pakil","Simbulo ng pagmamahal at pagdakila ng mga Pakilenyo kay Dr. Jose Rizal.
_____
Si Dr. Jose P. Rizal sa Pakil

Ang pangunahing bayani ng bansa, si Dr. Jose P. Rizal, ay ipinanganak dito sa Calamba, Laguna kaya't ang kanyang kamusmusan at kabataan ay sa mga bayan dito sa lalawigan lumipas. Ang kaniyang mga magulang ay deboto sa mahal na Birhen de los Dolores na pintakasi dito sa Pakil, at ang kapistahan ay sa mga buwan ng Marso hanggang Mayo, na panahong tag-init. Sa mga sinulat ng bayani, kaniyang binanggit na siya ay laging naliligo sa Panghulo at dito ring nag-aaral lumangoy. (Capino at Buenaflor) 
Sa kanilang pagdalaw sa Pakil, nakilala at naging panuluyan nila ang pamilya ni Manuel Regalado na ang bahay ay nasa nayong Malaking Ilog. Naging kaibigan ni Jose si Nicolas, anak ni Manuel Regalado, hanggang sila ay maging binata.
Binanggit ni Dr. Jose Rizal sa kaniyang Noli Me Tangere (Kabanata VI), itong bayan ng Pakil, na nagdiriwang at nag pupuri kay Birhen Maria de los Dolores ng ""Turumba"" o prosesyon na ang mga tao ay nagluluksuhan, sumayaw at kumanta. Sinabi niyang ang mga deboto sa Birhen ay karaniwang mga kababaihang humihiling na magkaroon ng anak.
Maagang nakapag-asawa si Nicolas, ngunit si Jose ay dumadalaw pa rin dito sa Pakil. Ang dahilan ay hindi lamang upang magsimba at maligo , kundi sa sanhing nakilala niya ang magandang dalaga na si Vicente Ybardolaza na isang mag-aaral o estudyante na mahusay pang tumugtog ng alpa. Sila ay naging magkaibigan. Dala ng kapalaran ng bayani, siya ay napilitang lumisan at pumunta sa ibang bansa. Hindi sila muling nagkita ni Vicenta hanggang sa ang bayani ay bumalik dito sa Pilipinas at binaril ng mga Kastila sa Bagumbayan. Samantala, nabalo na si Nicolas Regalado at kaniyang niligawan si Victoria na noo'y dalaga pa, at tuloy kaniyang nakaisang-dibdib. (Chronicle Magazine, July 14, 1962) 
Ang bayan ng Pakil ay hindi nakalimot kay Dr. Jose P. Rizal. Ang isang kalye sa bayan ay sa kaniyang pangalan itinalaga. Sa plaza ay nakatayo ang bantayog ng bayani na itinayo noong 1921 ng kapisanang ""Ang Mga Kababayan."" Ang Kapisanang ito ay binubuo ng mga taga-Pakil na naninirahan sa Maynila at pinamumunuan nina Antonio G. Perez at mga Kagawad na Gelasio Galleros at Soledad Celis ni Perez. Ang kaarawan ng kamatayan ni Dr. Jose P. Rizal, Disyembre 30 ay ipinagdiriwang dito taun-taon mula pa noong 1916. May mga hinihirang na mga dilag at sila ay isinasasakay sa mga karosa at inililibot sa buong bayan. Mayroon ding mga palaro at sa gabi ay may mga balagtasan ay sayawan. 

Naging mga tampok na dilag ang mag sumusunod:
Maria Ybardolaza
Dominga Espina
Teodula Jara
Florentina Laderas
Margarita Ybadolaza
Petra de Ramos
Soledad Celis
Fortunata de Ofonte
Gregoria Ybardolaza
Avelita Salem
Vicenta Cadsawan
Rubi Celis
Estelita Ybardolaza
Virginia Dalena
Amparo Osero",Luzon,0,0,0,0,0,0,0,LOW,"Which of the following was established as a tribute to the national hero who was born in Calamba, Laguna, and is commemorated annually on the anniversary of his death?","The site is a tribute to Dr. Jose Rizal, who was born in Calamba, Laguna, and is commemorated annually on December 30."
TP00477,"Rizal Monument, Rizal Provincial Capitol","Rizal Monument, Rizal Provincial Capitol",MONUMENT,Bantayog ni Jose Rizal; Palatandaan ni Jose Rizal (1861-1896); Jose Rizal (1861-1896) Marker,Region IV-A,Antipolo City,Rizal,"Marked Structure, NHCP","Marker Text:

Jose Rizal
(1861–1896)

Pambansang Bayani ng Pilipinas. Doktor, agrimensor, dalubwika, manunulat, makata, eskultor at pintor. Isinilang sa Calamba, Laguna, 19 Hunyo 1861. May-akda ng Noli me Tangere (1887) at El Filibusterismo (1891), mga nobelang higit pang nagpaalab sa mga Filipino na maghimagsik laban sa Espanya. Dinakip at ipinatapon sa Dapitan, Mindanao, 6 Hulyo 1892. Nagboluntaryo bilang manggagamot ng puwersang Espanyol sa Cuba, 1896, nguni’t muling dinakip habang patungong Espanya sa bintang rebelyon. Binaril sa Bagumbayan (ngayo’y Rizal Park), Maynila, 30 Disyembre 1896. Ipinangalan sa kanya ang bagong tatag na lalawigang Rizal, sa bisa ng Philippine Commission Act Blg. 137, 11 Hunyo 1901. Patuloy na inspirasyon para sa kalayan at pagkabansang Filipino.

Year Unveiled: 2012",Luzon,0,0,0,0,0,0,0,LOW,,
TP00478,Tobacco Monopoly Monument,Tobacco Monopoly Monument,MONUMENT,La Tabacalera; Bantayog ng Monopolyo ng Tabako; Palatandaan ng Pagbuwag sa Monopolyo ng Tabako; Abolition of Tobacco Monopoly Marker; Tobacco Monopoly,Region I,Laoag City,Ilocos Norte,"Marked Structure, NHCP; Registered Property, City of Laoag, Ilocos Norte","Marker Text:

Abolition of Tobacco Monopoly

Government tobacco monopoly formally established March 1782 by Governor Jose Basco y Vargas by virtue of the Royal Decree of 9 February 1780.
While this monopoly increased government revenue and stimulated the tobacco industry, it led to many abuses by the government officials.
Abolished in 1882 by the Royal Decree of 25 June 1881 during the incumbency of Governor Fernando Primo de Rivera.
Erected by the people as an expression of joy over the abolition of the tobacco monopoly.

Year Unveiled: 1958",Luzon,0,0,0,0,0,0,0,LOW,Which of the following was established in 1782 as a response to government abuses related to the tobacco industry and was later commemorated by a monument unveiled in 1958?,The site was established in 1782 and commemorated by a monument unveiled in 1958.
TP00479,Jose Rizal National Monument Daet,Jose Rizal National Monument Daet,MONUMENT,First Jose Rizal Monument; Pambansang Bantayog ni Jose Rizal sa Daet; Unang Bantayog ni Rizal; First Rizal Monument; Jose Rizal Monument Daet; Jose Rizal National Monument,Region V,Daet,Camarines Norte,"National Monument, NHCP; Registered Property, Province of Camarines Norte; Registered Property, Municipality of Daet, Camarines Norte","Daet, the capital town of Camarines Norte, holds the distinction of being the site pf the first monument built in honor of the greatest Filipino hero, Dr, Jose P. Rizal. The construction of this monument was initiated by Lt. Col. Antonio Sanz and Lt. Col. Ildefonso Alegre of the Philippines Revolutionary Army in 1898. It is a three-tiered stone pylon with its squares base supporting a triangle in two stages, the last one tapering off to a point. Its foundation, it is believed, is made of mortars and boulders from the demolished Old Spanish Jail in Daet where many patriots died, making it historically and cultrally significant.

On December 30, 1898 patriotic residents of the province of Camarines Norte dedicated a monument in the municipality of Daet in honor of the martyred national hero Jose Rizal. The monument is considered the first of many monuments in honor of Rizal and is therefore considered the first signs of acclamation by Filipinos of the greatness of Rizal as a national hero of the Philippines.

Declared as a National Monument by virtue of National Historical Institude Resolution No. 12, s. 2008.

Marker Text:

Inscription on the First Rizal Monument Erected

First Rizal Monument in the Philippines. Erected by voluntary contributions of the People of Camarines Norte, led by Lt. Col. Ildefonso Alegre and Lt. Col. Antonio Sanz of the Revolutionary Army. Unveiled on 30 December 1898.

Year Unveiled: 1961",Luzon,0,0,0,0,0,0,0,LOW,"Which of the following was dedicated on December 30, 1898, in honor of a national hero and is located in the capital town of Camarines Norte?","The site was dedicated on December 30, 1898, in honor of a national hero."
TP00480,Rizal Monument Santa Cruz and Municipal Plaza,Rizal Monument Santa Cruz and Municipal Plaza,MONUMENT,Jose Rizal Monument and Municipal Plaza; Bantayog ni Rizal sa Santa Cruz at Liwasang Bayan,Region IV-A,Santa Cruz,Laguna,"Registered Property, Municipality of Santa Cruz, Laguna","Ang kabayanihan ni Dr. Jose Rizal ay mabubuhay hangga’t ang kanyang bantayog ay nasa gitna ng bayang ito. Ang lahat ng halaga, katangian at kabayanihan na kanyang ibinigay hanggang sa panahon ng kanyang kamatayan ay palaging aalalahanin ng mga taga Santa Cruz.
Walang nakasulat na kasaysayan para sa Plaza na ito. Sinasabi ng mga matatandang tao sa bayan na ito na noong unang bahagi ng 1960 nang ito ay naisaayos. Ang lupain ay pag-aari ng Pamahalaang Munisipal at ang orihinal na istraktura nito ay sinasabing may mga leon sa apat na sulok. Ang mga leon na ito ay sinasabing inilibing sa kasalukuyang konkretong gusali at garahe sa tabi ng munisipyo.",Luzon,0,0,0,0,0,0,0,LOW,Which of the following stands in a town plaza that was laid out in the early 1960s and is said to have originally had lions at its four corners?,The site must stand in the town plaza laid out in the early 1960s that is said to have originally had lions at its four corners.
TP00481,Apolinario Mabini Shrine San Pablo,Apolinario Mabini Shrine San Pablo,MONUMENT,Mabini Shrine; Dambana ni Apolinario Mabini sa San Pablo,Region IV-A,San Pablo City,Laguna,"Registered Property, City of San Pablo, Laguna",The shrine was donated by the Batang Batangan club in the 1960’s in memory of one national hero from Batangas  and Brains of the Katipunan. Etched on the concrete shrine is the real 10 Commandments of God according to Apolinario Mabini in Filipino.,Luzon,0,0,0,0,0,0,0,LOW,Which of the following was established in the 1960s as a memorial to a national hero from Batangas and features the real Ten Commandments of God according to a prominent Filipino figure?,The site was established in the 1960s as a memorial to a national hero from Batangas and features the real Ten Commandments of God according to a prominent Filipino figure.
TP00482,Bantayog ng Labintatlong Martir ng Kabite,Bantayog ng Labintatlong Martir ng Kabite,MONUMENT,Thirteen Martyrs Monument; Bantayog ng Labintatlong Martir ng Kabite; Palatandaan ng Labintatlong Martir ng Cavite; Labintatlong Martir ng Cavite Marker; Labintatlong Martir ng Cavite,Region IV-A,Trece Martires City,Cavite,"Historical Marker, NHCP; Registered Property, City of Trece Martires, Cavite","Ang Labintatlong Martir ng Cavite ay mga kilalang mamamayan ng Cavite na dinakip sa salang pakikipagsabwatan sa mga katipunero kaugnay ng naganap na pag-aalsa sa Cavite noong Agosto 31, 1986. Sila ay hinatulan ng kamatayan at binaril noong Setyembre 12, 1986 sa Plaza de Armas ng Kutang San Felipe sa Cavite Nuevo na ngayon ay Cavite City.

Bilang pag-gunita, isinunod sakanila ang pangalan ng Lungsod ng Trece Martires at ang mga barangay sa lungsod ay nakapangalan din sa labintatlong martir. Ang Labintatlong Martir ng Cavite ay sina: Luis Aguado, Eugenio Cabezas, Feliciano Cabuco, Agapito Conchu, Alfonso de Ocampo, Maximo Gregorio, Maximo Inocencio, Jose Lallana, Severino Lapidario, Victoriano
Luciano, Francisco Osorio, Hugo Perez, Antonio San Agustin.

Marker Text:

Labintatlong Martir ng Cavite

Mga kilalang mamamayan ng Cavite na dinakip sa salang pakikipagsabwatan sa mga Katipunero kaugnay ng naganap na pag-aalsa sa Cavite noong Agosto 31, 1896. Bagaman at walang kasalanan sa krimeng ibinibintang sa kanila sila ay hinatulan ng kamatayan sa komisyong militar na lumitis sa kanila. Binaril noong hapon ng Setyembre 12, 1896 sa Kutang San Felipe, Lungsod ng Cavite, ang mga martir na ito ay sina:

Luis Aguado
Eugenio Cabezas
Feliciano Cabuco
Agapito Conchu
Maximo Inocencio
Maximo Gregorio
Jose Lallano
Severino Lapidario
Victoriano Luciano
Alfonso de Ocampo
Francisco Osorio
Hugo Perez
Antonio San Agustin

Year Unveiled: 1997",Luzon,0,0,0,0,0,0,0,LOW,Which of the following was established in 1997 to commemorate a group of individuals executed for their alleged involvement in a rebellion against colonial rule in the Philippines?,The site was established in 1997 to honor individuals executed for their alleged involvement in a rebellion against colonial rule.
TP00483,Heneral Candido Tria Tirona Monument,Heneral Candido Tria Tirona Monument,MONUMENT,Candido Monument; Monumento ni Hen. Candido Tirona; Bantayog ni Candido Tria Tirona; Palatandaan ni Heneral Candido Tria Tirona; Heneral Candido Tria Tirona Marker; Heneral Candido Tria Tirona; Monumento ni Candido Tria Tirona,Region IV-A,Kawit,Cavite,"Historical Marker, NHCP; Registered Property, City of Kawit, Cavite","Ang Monumento ni Candido Tria Tirona ay sumisimbolo ng mga pangyayari matapos ang agaw armas laban sa mga sundalo ng mga Kastila. Ang pag tatagumpay ng agaw armas ang naging daan upang hirangin si Candido Tria Tirona bilang kapitan munisipal sa pangunguna ni General Emilio Aguinaldo at ng mga mamayan ng Kawit o Cavite El Viejo. Isa rin siya sa mga general at isa rin siya sa mga magagaling makipag laban. 

Marker Text:

Dito sa Kawit, Kabite, isinilang noong Ika-29 ng Agosto 1862 si 
Heneral Candido Tria Tirona

Makabayan, manghihimagsik, bayani. Anak nina Estanislao Tirona at Juana Mata. Tumulong sa pagpapalaganap ng Katipunan sa Kabite. Kasama ni Heneral Emilio Aguinaldo sa unang pagsalakay sa mga Kastila sa Kawit. Kalihim digma sa Sangguniang Bayan ng Magdalo ng Katipunan sa Kabite. Namatay na isang tunay na bayani sa napabantog na labanan sa Binakayan, Kawit noong ika-10 ng Nobyembre 1896.

Marker Date: August 29, 1956",Luzon,0,0,0,0,0,0,0,LOW,"Which of the following honors a Katipunan general born in Kawit on August 29, 1862, who died in the Battle of Binakayan in 1896?","The site must honor the Katipunan general born in Kawit on August 29, 1862, who died in the Battle of Binakayan in 1896."
TP00484,Diego Silang Monument,Diego Silang Monument,MONUMENT,Diego Silang Civic Center and Historical Park and Eco-tourism Plaza; Bantayog ni Diego Silang; Palatandaan ni Diego Silang; Diego Silang Marker; Diego Silang,Region I,Caba,La Union,"Marked Structure, NHCP; Registered Property, Municipality of Caba, La Union","Venue for cultural events, activities, and landmark of Diego Silang
_____
Marker Text:

Diego Silang
(1730–1763)

In this town, Caba, La Union, Diego Silang was born on December 16, 1739. At the time Caba was a barrio of Aringay then a part of Pangasinan province. Famed leader of the Ilocos Revolt (1762–1763), Silang was assassinated in Vigan on May 28, 1763. After his death the revolt was continued by his wife, Maria Josefa Gabriela whose execution on September 20, 1763, ended the uprising

Year Unveiled: 1963",Luzon,0,0,0,0,0,0,0,LOW,"Which of the following honors the leader of the Ilocos Revolt (1762–1763) in his birthplace, Caba, La Union?","The site must honor the leader of the Ilocos Revolt (1762–1763) in his birthplace, Caba, La Union."
TP00485,Francisco Makabulos Monument,Francisco Makabulos Monument,MONUMENT,Bantayog ni Francisco Makabulos; Palatandaan ni Francisco Makabulos (1871-1922); Francisco Makabulos (1871-1922) Marker; Francisco Makabulos,Region III,Tarlac City,Tarlac,"Marked Structure, NHCP","Marker Text:

Francisco Makabulos
(1871–1922)

Heneral ng Rebolusyon at manunulat. Isinilang sa La Paz, Tarlac, 17 Setyembre, 1871. Nagtatag at nagpalaganap ng Katipunan sa lalawigan ng Tarlac, 1895. Namuno sa Sigaw sa Tarlac, 4 Enero 1897; at pansamantalang pamahalaan sa Gitnang Luzon, 17 Abril 1898. Itinalagang gobernador politico–militar ng lalawigan ng Tarlac matapos palayain ang bayan ng Tarlac, 10 Hulyo 1898. Nanguna sa pagpapalaya sa mga karatig bayan, hinirang na Kumandante Militar ng Tarlac at Pangasinan, 8 Oktubre 1898. Lumaban sa mga Amerikano, 1899; Pangulo ng La Paz, Tarlac, 1908; Pangalawang Pangulo ng Tarlac, Tarlac, 1918. Yumao, 20 Abril 1922.

Year Unveiled: 2008",Luzon,0,0,0,0,0,0,0,LOW,Which of the following was established in 2008 to honor a revolutionary leader who played a significant role in the liberation of Tarlac during the Philippine Revolution?,The site was established in 2008 to honor a revolutionary leader associated with the liberation of Tarlac.
TP00486,Corazon Aquino Monument,Corazon Aquino Monument,MONUMENT,Bantayog ni Corazon Aquino; Palatandaan ni Corazon C. Aquino (1933-2009); Corazon C. Aquino (1933-2009) Marker; Corazon C. Aquino,Region III,Tarlac City,Tarlac,"Marked Structure, NHCP","Marker Text:

Corazon C. Aquino
(1933–2009)

Ikalabing-isa at unang babaeng Pangulo ng Republika ng Pilipinas, 1986–1992. Isinilang sa Maynila, 25 Enero 1933. Maybahay ni Senador Benigno “Ninoy” Aquino na pinaslang nang bumalik sa Pilipinas matapos ang tatlong taong pamamalagi sa Estados Unidos upang magpagamot, 21 Agosto 1983. Naging pangulo pagkatapos ng 1986 EDSA People Power Revolution. Pinagtibay ang Saligang Batas ng 1987; Family Code ng 1987; Administrative Code ng 1987; at Local Government Code ng 1991. Nilagdaan ang Comprehensive Agrarian Reform Law, 1988. Nalampasan ang ilang pagtatangkang mapabagsak ang kanyang pamahalaan. Yumao, 1 Agosto 2009.

Year Unveiled: 2010",Luzon,0,0,0,0,0,0,0,LOW,"Which of the following was established in 2010 to honor the first female President of the Philippines, who served from 1986 to 1992?",The site was established in 2010 to honor the first female President of the Philippines who served from 1986 to 1992.
TP00487,Luisita Sugar Milling Factory,Luisita Sugar Milling Factory,HISTORIC_BUILDING,Central Azucarera de Tarlac; Pabrika ng Asukal ng Luisita,Region III,Tarlac City,Tarlac,"Registered Property, Province of Tarlac",,Luzon,0,0,0,0,0,0,0,LOW,,
TP00488,Baguio Country Club,Baguio Country Club,HISTORIC_BUILDING,Baguio Country Club,CAR,Baguio City,Highly Urbanized City,"Marked Structure, NHCP; Work of National Artist for Architecture Francisco T. Mañosa","The Club's history is intertwined with Baguio - whose charter is younger than that of the BCC. In 1910 there were 161 members of which 6 were Filipinos. The club then employed only one Filipino employee to serve drinks, collect dues, and be within calling distance of members, while G-stringed Igorots were the first caddies. No longer an all-white bastion, the Baguio Country Club has become an institution with a largely Filipino membership. (Source: http://bcc.com.ph/#membership)
_____
Marker Text:

Baguio Country Club

Founded by William Cameron Forbes, 1905. Inaugurated, 28 April 1906 and registered as Baguio Country Club Corporation, 20 February 1907. Occupied as the Japanese Officers' Club, 1942-1944 and as a headquarters of the Commanding General of the 33rd Division of the United States Armed Forces, 1945. Justice Roman Ozaeta became the Club's first Filipino president, 1957.
_____
Expansion - Completed in 1997.
Facade Renovation - Completed in 2002.
Interior Design of Guest Rooms also by Ar. Mañosa. Completed in 2002.",Luzon,0,0,0,0,1,0,0,LOW,"Which of the following was founded in 1905 and became an institution with a largely Filipino membership, having its first Filipino president in 1957?",The site was founded in 1905 and had its first Filipino president in 1957.
TP00489,Philippine National Railways - Cabuyao Railways Station,Philippine National Railways - Cabuyao Railways Station,HISTORIC_BUILDING,PNR Station,Region IV-A,Cabuyao City,Laguna,"Registered Property, Province of Laguna","The station is located at the South Main line (south rail) of the Philippine National Railways. It opened on November 7, 1908 and was rebuilt in April 28, 2014.",Luzon,0,0,0,0,0,0,0,LOW,"Which of the following was inaugurated on November 7, 1908, and underwent reconstruction on April 28, 2014?","The site was opened on November 7, 1908, and rebuilt on April 28, 2014."
TP00490,Emilio Aguinaldo Shrine,Emilio Aguinaldo Shrine,OLD_HOUSE,Aguinaldo Shrine; Dambanang Emilio Aguinaldo; Ang Bahay ni Aguinaldo,Region IV-A,Kawit,Cavite,"National Shrine, NHCP; Work of National Artist for Landscape Architecture Ildefonso P. Santos","Work of Architect I.P. Santos (1998)
_____
A National Shrine since 1964, this is the historic house of General Emilio Aguinaldo, President of the First Philippine Republic, where the Philippine Independence was proclaimed on June 12, 1898. 
_____
Marker Text:

Ang Bahay ni Aguinaldo
1849

Sa bahay na ito, na itinayo noong 1849, ipinanganak si Heneral Emilio Aguinaldo noong Marso 22, 1869. Sa durungawang nakaharap sa daan ipinahayag ni Aguinaldo ang kasarinlan ng Pilipinas noong Hunyo 12, 1898. Ipinagkaloob ang bahay sa Pamahalaang Pilipino bilang alaala sa mga nakihamok upang makamtan ang kalayaan. Inilibing siya sa loteng kinatatayuan ng bahay noong Pebrero 16, 1964.

Year Unveiled: 1971",Luzon,0,0,0,0,1,0,0,LOW,"Which of the following was the historic residence where the Philippine Independence was declared on June 12, 1898?","The site must be the historic house of General Emilio Aguinaldo, where the Philippine Independence was proclaimed."
TP00491,Franklin Baker Company,Franklin Baker Company,HISTORIC_BUILDING,Franklin Baker; Kumpanya ng Franklin Baker,Region IV-A,San Pablo City,Laguna,"Registered Property, City of San Pablo, Laguna","Franklin Baker came to San Pablo (1922) under the name of Philippine Food Company, merged with Diehl Anderson Coconut Company.  By 1923, Franklin Baker’s  desiccated manufacturing and the Calamba Sugar Estate were competing for the premier industrial position in Laguna.  The FB Company was one of the institutions which helped in development of the City’s coconut industry, employed thousands of coconut famers and contributed in the city coffers in terms of taxes, and socio-civic activities.  To date, Franklin Baker Company is the largest coconut manufacturing plant in Asia, and distributes coconut products around the world.",Luzon,0,0,0,0,0,0,0,LOW,"Which of the following was established in 1922 and became the largest coconut manufacturing plant in Asia, significantly contributing to the local economy in Laguna?",The site was established in 1922 and is the largest coconut manufacturing plant in Asia.
TP00492,San Fernando Train Station,Himpilang daang-bakal ng San Fernando,HISTORIC_BUILDING,Himpilang daang-bakal ng San Fernando,Region III,City of San Fernando,Pampanga,"Marked Structure, NHCP; Registered Property, City of San Fernando","Marker Text:

Himpilang Daang-bakal ng San Fernando

Itinayo noong 1892 bilang bahagi ng linyang Manila–Dagupan ng Manila Railroad Company. Dito bumaba si Jose Rizal nang dalawin niya ang San Fernando. Sa himpilang daang-bakal ding ito, noong Abril 1942, isinakay sa tren ang mga bihag na sundalong kasama sa Death March patungo sa Kampo O'Donnell, Capas, Tarlac, upang doon ikulong.

Year Unveiled: 2004",Luzon,0,0,0,0,0,0,0,LOW,Which of the following was the site where Jose Rizal disembarked during his visit in 1892 and later served as a departure point for soldiers during the Death March in April 1942?,The site must be where Jose Rizal disembarked in 1892 and was used for the Death March in April 1942.
TP00493,Pamplona Station,Pamplona Station,HISTORIC_BUILDING,Himpilan ng Pamplona,Region V,Pamplona,Camarines Sur,Work of National Artist for Architecture Pablo S. Antonio,"Antonio started a distinct architectural language for train terminals that was different and unique from the railway architecture of previous periods. He invented a new base formula for train terminals by using big river stones stacked up one on top of another with concrete grouting providing support and decorative articulation. These large river stones were universally used in his terminals from the Dagupan expansion station in Pangasinan, the Damortis Station in Rosario, La Union, to the former Manila Railroad Company Bus Terminal in Baguio (sadly, now demolished) to the end terminus in Legazpi, Albay; to the smaller yet signiﬁcant stations along the Manila Line South such as San Pablo de los Montes and Los Baños, Laguna; Lucena and Tagkawayan, Quezon; del Gallego, Naga; and Iriga Stations in Camarines Sur. (Source: The Architectural Legacy of Pablo S. Antonio: 1901-1975)",Luzon,0,0,0,0,1,0,0,LOW,Which of the following was designed by an architect who pioneered a unique architectural style for train terminals using large river stones and concrete grouting?,The architect pioneered a unique architectural style for train terminals using large river stones and concrete grouting.
TP00494,Bataan Nuclear Power Plant,Bataan Nuclear Power Plant,HISTORIC_BUILDING,National Power Corporation - Bataan Power Plant; Planta ng Lakas na Nukleyar sa Bataan,Region III,Morong,Bataan,Work of National Artist for Architecture Jose Maria V. Zaragoza,He designed the power plant as member of the Hexagon Associated Architects.,Luzon,0,0,0,0,1,0,0,LOW,Which of the following was designed by a member of the Hexagon Associated Architects?,The site was designed by a member of the Hexagon Associated Architects.
TP00495,Bonifacio Trial House Historical Landmark,Bonifacio Trial House Historical Landmark,HISTORIC_BUILDING,Bonifacio Trial House; Museo ng Paglilitis ni Andres Bonifacio; Bahay ng Paglilitis kay Bonifacio; Palatandaan Kung Saan Nilitis si Andres Bonifacio; Palatandaan ng Bahay na Pinaglitisan kay Andres Bonifacio; Where Bonifacio Was Court Martialled Marker; Bahay na Pinaglitisan kay Andres Bonifacio Marker; Site Where Andres Bonifacio Was Court Martialled; where Bonifacio was Court-Martialled,Region IV-A,Maragondon,Cavite,"National Historical Landmark, NHCP","It is a two-storey house (Bahay na Bato) in Maragondon, Cavite.
The house has been converted into a museum. Its centerpiece is a life-size diorama recreating a trial scene. The room in the church convent where Bonifacio and his brother were imprisoned prior to their execution is now a preschool classroom.

This site is where Andres Bonifacio and his brother Procopio Bonifacio were court-martialled by General Mariano Noriel from May 5 to May 6, 1897. 
After the Tejeros Convention, the increased rivalry between Aguinaldo and Bonifacio came to a head when Bonifacio and his brothers were attacked and arrested at Barrio Limbon in Indang, Cavite by Col. Agapito ""Yntong"" Bonor's men for refusing to recognize the Revolutionary government. In the brief but intense struggle, Bonifacio was stabbed in the larynx and grazed by a bullet on the shoulder. Also arrested were Bonifacio's wife Gregoria De Jesus and his brother Procopio. Another brother, Ariaco, was killed. The wounded Bonifacio was placed in a hammock and brought to Naic on April 29 for a pretrial hearing.
Based of sufficient cause, a military court, under Judge Advocate Lipana, was convened in Maragondon on May 4. The following day, the Bonifacio brothers were charged with treason and sedition which called for the death penalty. Placido Martinez, heard the pleas of the defense attorneys and gave Bonifacio a chance to explain his side. On May 6, they were declared guilty on charged and sentenced to death. Aguinaldo reportedly commuted the sentence to exile but later restored the original penalty upon the pressure of generals Manuel Noriel and Pio Del Pilar.
_____
RESOLUTION NO. 2, s. 1997

DECLARING THIS SITE WHERE ANDRES BONIFACIO WAS COURT-MARTIALLED, IN MARAGONDON, CAVITE AS A NATIONAL HISTORICAL LANDMARK.

WHEREAS, the Constitution of the Philippines provides that ""The State shall promote and popularize the nation's historical and cultural heritage and resources"";
WHEREAS, Section 4 of Presidential Decree No. 260, dated August 1, 1973, specifically vested the National Historical Institute, a cultural agency attached to the Department of Education, Culture and Sports, and an institution affiliated to the National Commission for Culture and the Arts, with the authority and duty to conserve and protect the historical and cultural heritage of the country;
WHEREAS, the NHI plays a major role in the celebration of the Centennials of Filipino Nationalism, Nationhood and the Philippine Revolutionary Movement;
WHEREAS, on this site, Katipunan founder Andres Bonifacio and his brother, Procopio, were tried by a court-martial headed by Brigadier-General Mariano Noriel on May 5, 1897, which led to their execution in Mount Buntis on May 10, 1897;
WHEREAS, in recognition of the significant historical event which took place on this site, a marker, was installed by the Philippines Historical Committee in 1963;
NOW THEREFORE, the National Historical Institute, by virtue of the powers vested in it by Presidential Decree No. 260, dated August 1, 1973, as amended by Presidential Decree No. 1505, dated June 11, 1978, hereby declares this Site Where Andres Bonifacio Was Court Martialled, in Maragondon, Cavite, a National Historical Landmark.

APPROVED: June 4, 1997
_____
Marker Text:

Where Bonifacio was Court-Martialled

In this house, erected in 1889, by its owner, Teodorico Reyes, Andres Bonifacio, founder of the Katipunan, was tried with his brother, Procopio, May 1897, by a court-martial headed by Brigadier-General Mariano Noriel. He was shot, May 10, 1897, at Mt. Buntis.

Year Unveiled: 1948",Luzon,0,0,0,0,0,1,0,LOW,"Which of the following was the site where a military court-martial took place for a prominent figure in the Philippine Revolution on May 5, 1897?","The site must be where a military court-martial occurred for a prominent figure in the Philippine Revolution on May 5, 1897."
TP00496,Faro de Isla Corregidor,Faro de Isla Corregidor,HISTORIC_BUILDING,Corregidor Lighthouse; Isla Corregidor,Region IV-A,Cavite City,Cavite,"Registered Property, City of Cavite","The two light stations, Corregidor and Caballo, were the second oldest lighthouses established in the country after the lighthouse at the mouth of Pasig River. The establishment of a lighthouse station on the island of Corregidor was recommended in the year 1835 during the administration of Governor Pascual Enrile y Alcedo. Its construction was not authorized, however, until 1846 with the passing of Royal Order of April 14 by the Spanish Government. The Lighthouse was not completed until 1853 eighteen years after the recommendation of its construction had been made. On January 18, 1853, notice to mariners were released announcing the start of service on February 1, for the second-order light on Corregidor, together with the fourth order light on Caballo Island. Both lighthouses were equipped with lightning apparatus from Henry Lepaute of Paris. The white light on the summit of Corregidor resolved once every ten or twenty seconds, and visible in clear weather from a distance of 20 miles. Later, a fixed white light was also shown from the white tower on the West Mole Head, at the entrance to the bay on the north side of the island.",Luzon,0,0,0,0,0,0,0,LOW,Which of the following was established in 1853 to serve as a navigational aid for mariners in the waters surrounding a significant island in the Philippines?,The site was established in 1853 as a lighthouse for mariners.
TP00497,Cape Bolinao Lighthouse,Cape Bolinao Lighthouse,HISTORIC_BUILDING,Bolinao Lighthouse; Cape Bolinao lighthouse,Region I,Bolinao,Pangasinan,"Registered Property, Municipality of Bolinao, Pangasinan","Cape Bolinao lighthouse is the second tallest lighthouse in the Philippines. It was constructed in 1905 by American, British and Filipino engineers. Built on top of the rocky hill Punta Piedra Point, the lighthouse overlooks the West Philippine Sea. It is about 351 feet above sea level. The elevation, according to the Bureau of Geodetic Survey, is 250 feet, while the lighthouse structure itself is 101 feet high. Visibility from the lighthouse reaches up to 20 miles mid-sea towards a lighthouse at Poro Paint (San Fernando City, La Union).",Luzon,0,0,0,0,0,0,0,LOW,"Which of the following was constructed in 1905 by a collaboration of American, British, and Filipino engineers and is located on a rocky hill overlooking the West Philippine Sea?","The site was constructed in 1905 by American, British, and Filipino engineers and overlooks the West Philippine Sea."
TP00498,Bataan World War II Museum,Bataan World War II Museum,INSTITUTIONAL_BUILDING,,Region III,Balanga City,Bataan,"Registered Property, Province of Bataan","The Museum is a private initiative of HAS Club of Balanga Foundation. The museum's theme depicts the saga of Filipino valor from peacetime to war time, including significant events during the liberation as well as the Bataan Death March. The museum also showcases the memorabilia of former First Lady Luz Banzon Magsasay, the wife of President Ramon Magsaysay and a native of Balanga.",Luzon,0,0,0,0,0,0,0,LOW,"Which of the following was established to commemorate the experiences of Filipino bravery during wartime, including a significant historical event related to the liberation of the Philippines?","The site commemorates Filipino bravery during wartime, including significant events related to the liberation of the Philippines."
TP00499,Martin Delgado Monument,Martin Delgado Monument,MONUMENT,Bantayog ni Martin Delgado; Palatandaan ni Heneral Martin Teofilo Delgado (1858-1918); Heneral Martin Teofilo Delgado (1858-1918) Marker; Heneral Martin Teofilo Delgado; Martin Delgado,Region VI,Santa Barbara,Iloilo,"Marked Structure, NHCP","Marker Text:

Heneral Martin Teofilo Delgado
(1858–1918)

Isinilang sa bayang ito noong Nobyembre 11, 1858. Nag-aral sa paaralang pambayan ng Sta. Barbara at sa Ateneo Municipal de Manila.
Naging pangkalahatang puno ng mga rebolusyonaryo sa Kabisayaan at Mindanaw noong Himagsikan ng 1898 at noong Digmaang Pilipino–Amerikano, 1899–1901.
Sumuko sa mga Amerikano noong Pebrero 1901 matapos makipaglaban nang buong kagitingan. Kauna-unahang gobernador ng Iloilo noong panahon ng mga Amerikano (1901–1903). Naging alkalde ng Sta. Barbara noong (1905–1906).
Namatay noong Nobyembre 12, 1918.

Year Unveiled: 1973",Visayas,0,0,0,0,0,0,0,LOW,"Which of the following honors the first governor of Iloilo during the American period, in his birthplace of Santa Barbara?","The site must honor the first governor of Iloilo during the American period, in his birthplace of Santa Barbara."
TP00500,Malabrigo Lighthouse,Punta de Malabrigo Lighthouse Historical Landmark,HISTORIC_BUILDING,Malabrigo Lighthouse; Palatandaang Pangkasaysayan ng Parola ng Punta de Malabrigo; Punta de Malabrigo Lighthouse Historical Landmark; Faro de Punta de Malabrigo; Parola ng Malabrigo,Region IV-A,Lobo,Batangas,"National Historical Landmark, NHCP; Registered Property, Province of Batangas","Marker Texts:

Malabrigo Lighthouse

Known as the Faro de Punta de Malabrigo, designed by Guillermo Borckman as a cylindrical brick tower with metal staircase, adjacent pavilion and machine room, 1891. Built by the Chinese contractor Jose Garcia, 1896. An outstanding work of architecture from the Spanish Colonial Period, it has served as beacon to sea vessels at the Verde Island Passage. Declared as National Historical Landmark, 27 November 2006.

Year Unveiled: 2007
______
Parola ng Malabrigo

Kilala bilang Faro de Punta de Malabrigo. Idinisenyo ni Guillermo Brookman bilang toreng pabilog na yari sa ladrilyo, may hagdang metal, pabelyon at silid pangmakinarya, 1891. Itinayo ni Jose Garcia, isang kontratistang Tsino, 1896. Isang halimbawa ng estilong pang-arkitektura noong panahon ng mga Kastila. Nagsilbing gabay-tanglaw ng mga sasakyang pandagat na dumaraan sa Pasaje de Isla Verde. Ipinahayag ng Pambansang Palantandaang Pangkasaysayan, 27 Nobyembre 2006. 

Year Unveiled: 2007",Luzon,0,0,0,0,0,1,0,LOW,Which of the following was built in 1896 as a cylindrical brick tower designed by Guillermo Borckman and has served as a beacon for sea vessels in the Verde Island Passage?,The site was built in 1896 as a cylindrical brick tower designed by Guillermo Borckman and served as a beacon for sea vessels in the Verde Island Passage.
TP00501,Rizal Monument Biñan,Rizal Monument Biñan,MONUMENT,Bantayog ni Rizal sa Biñan; Jose Rizal's statue; Rizal statue,Region IV-A,Biñan City,Laguna,"Local Cultural Property - Local Heritage Site, City of Biñan; Registered Property, City of Biñan, Laguna","Constructed during the term of Mayor Agustin Gana. In honor of Gat Jose P. Rizal, a Laguna descent, his monument was built in the center of the town plaza. This is the second largest monument of the hero across the country. The largest is in Luneta. Ended on May 14, 1918 during the term of Mayor Agustin Gana, led by Mr. Jose M. Rizal, a relative of our hero, the construction of the monument of the Great Freedom. Here spend coffers of P4,000. Fence gate on December 29, 1950 during the term of Mayor Batista. It was a debt from Mayor Garcia who also solicited the subsidy and he supervised the fencing. Jose Rizal's statue (by Guillermo Tolentino -National Artist) is located at the center of the town plaza, surrounded by the Church, City Hall, Multi-purpose covered court, commercial establishments and the historical Alberto House. Rizal statue was replaced due to lightning in September 23, 2015.",Luzon,0,0,0,0,0,0,0,LOW,Which of the following was constructed in 1918 to honor a national hero of the Philippines and is located in the center of a town plaza?,The site was constructed in 1918 to honor a national hero of the Philippines.
TP00502,Calvo Building,Calvo Building,HISTORIC_BUILDING,Edificio Calvo; Gusaling Calvo; Palatandaan ng Gusaling Calvo; Gusaling Calvo Marker,NCR,Manila,Metro Manila,"Marked Structure, NHCP","Marker Text:

Gusaling Calvo

Itinayo ayon sa disenyo ni Fernando Ocampo sa lupang pag-aari ng mag-asawang Angel Calvo at Emiliana Mortera, 1938. Naging opisina ng mga kumpanyang pangnegosyo at pangkabuhayan, 1938-1944. Pansamantalang ginamit ng Japanese Imperial Forces, Nobyembre 1944. Nasira noong Labanan sa Maynila, 1945. Ipinaayos, 1946. Itinatag ang Museo ng Gusaling Calvo sa ikalawang palapag, 1994. Isa sa mga nananatiling gusaling itinayo noong mga unang bahagi ng Siglo 20 sa Daang Escolta. 

Date Unveiled: August 14, 2018",Metro Manila,0,0,0,0,0,0,0,LOW,Which of the following was used as an office by various businesses from 1938 to 1944 and later served as a temporary base for Japanese Imperial Forces during World War II?,The site was used as an office by various businesses from 1938 to 1944 and later served as a temporary base for Japanese Imperial Forces during World War II.
TP00503,Ilocos Norte Provincial Capitol,Ilocos Norte Provincial Capitol,CIVIC_BUILDING,Kapitolyo Probinsyal ti Ilocos Norte; Kapitolyong Panlalawigan ng Ilocos Norte; Palatandaan ng Kapitolyo ng Lalawigan ng Ilocos Norte Marker; Ang Kapitolyo ng Lalawigan ng Ilocos Norte Marker,Region I,Laoag City,Ilocos Norte,"Marked Structure, NHCP; Local Cultural Property - Cultural and Historical Heritage of the Province of Ilocos Norte (per Provincial Ordinance Nos. 049-2006 and 039-2009); Registered Property, Province of Ilocos Norte","Standing with honor and grace, the provincial capitol in Ilocos Norte marks a historic achievement as it reaches a hundred years old this year.
Established in 1918, the provincial capitol serves as the seat of the government of Ilocos Norte and continually brings quality services and assistance to the Ilokanos after its complete inauguration in 1924.
Former named Doña Aurora Park in honor of President Manuel Quezon’s wife, this box-life edifice welcomes anyone who enters the province with its warm and pristine white Corinthian pillars in the main entrance.
With rich story of Ilokano genuineness and architectural grandeur, the capitol building speaks of imperial dominance as its style is greatly inspired by American colonial structures.
Before it became the official figure of provincial power, the area where it is established is a former headquarters of the United States Army during the American regime in 1900.
Now, the provincial capitol sits at the heart of Ilocos Norte as it beats for Ilokano identity, character, and rapid development of life.
Its front lawns are decorated regularly with eye-catching design that suits to what the province celebrates- may it be fiesta, Halloween, and Yuletide season.
Any Ilokano can truly notice how the capitol exists to bring life and progress as Ilocos Norte continues to attract millions of tourists every year.
Apart from its booming tourism, the capitol takes pride with its wise and great leaders who seated and ran the province.
Former governors such as Antonio Raquiza (1955-1957), the present House Majority Leader Rodolfo Fariñas (1988-1998), and incumbent governor Imee Marcos (2010) contributed massively in making the province known and heard in the national and international landscape.
Its century-year-old capitol building will be recognized by the National Commission for Culture and the Arts (NCCA) and National Historical Commission of the Philippines (NHCP) as a historical landmark in Ilocos Norte.
Just like the resilience of Ilokanos, the capitol building remains strong and tough for the next one hundred years. (JNPD/MJTAB PIA-1, Ilocos Norte)
_____
Marker Text:

Kapitolyo ng Lalawigan ng Ilocos Norte

Itinayo ayon sa disenyo ni Ralph Harrington Doane at sa pangangasiwa nina Jose Paez at Tomas Mapua, 1917–1925. Nilisan ni Gobernador Roque Ablan at ipinagpatuloy ang pamahalaang panlalawigan sa kabundukan ng Maananteng, Solsona, Ilocos Norte nang dumating ang Hukbong Hapon sa Laoag, 12 Disyembre 1941. Nabawi ng 15th Infantry, United States Army Forces in the Philippines–Northern Luzon, 13 Pebrero 1945. Isinaayos, 1957, at pinasinayaan ni Pangulong Carlos P. Garcia, 27 Disyembre 1958. Pinasinayaan ang panandang pangkasaysayan na ito kaugnay ng pagdiriwang ng ika-200 anibersaryo ng pagkatatag ng lalawigan ng Ilocos Norte, 1818–2018.

Date Unveiled: March 2, 2018",Luzon,0,0,0,0,0,0,0,LOW,"Which of the following was established in 1918 as a provincial seat of government, was fully inaugurated in 1924, and stands on grounds that served as a United States Army headquarters in 1900?","The site was established in 1918 as a provincial seat of government, was fully inaugurated in 1924, and stands on a former United States Army headquarters from 1900."
TP00504,Fort Culion,Fort Culion,MILITARY_STRUCTURE,Tanggulang Culion,Region IV-B,Culion,Palawan,"Marked Structure, NHCP","Marker Text:

Fort Culion

Fort Culion was constructed about 1740 by the Recollect Agustinians. It was built of stone, square in form, with four bastions.

Year Unveiled: 1939",Luzon,0,0,0,0,0,0,0,LOW,Which of the following was constructed around 1740 by the Recollect Agustinians and was built of stone in a square form with four bastions?,The site was built around 1740 by the Recollect Agustinians as a square stone fort with four bastions.
